t,linear_x,angular_z
2.0,1.0,-0.17430948244502267
2.0,1.0,-0.17251890238467363
2.1,0.0,-0.17327370842686532
2.1,0.0,-0.17305203263477223
2.2,1.0,-0.17239440179362606
2.2,1.0,-0.17217346800994773
2.3000000000000003,0.0,-0.17766959917053796
2.3000000000000003,0.0,-0.17744804260120162
2.4000000000000004,1.0,-0.180721799168522
2.4000000000000004,1.0,-0.17569592721249852
2.5,0.0,-0.17968477206074812
2.5,0.0,-0.17945277378642358
2.6,1.0,-0.18390223654774548
2.6,1.0,-0.17748027632873023
2.7,0.0,-0.18378992021365412
2.7,0.0,-0.18123786620142077
2.8000000000000003,1.0,-0.18673283478164698
2.8000000000000003,0.9992066991474964,-0.17888357605133656
2.9000000000000004,0.0,-0.18630093870652717
2.9000000000000004,0.0,-0.18266648044152925
3.0,0.9925537412367142,-0.17651801814471688
3.0,0.996490116514917,-0.17627922447624472
3.1,0.0,-0.18836073514125692
3.1,0.0,-0.18811984317384933
3.2,0.9905762775548296,-0.17961189754529705
3.2,0.9947536048289782,-0.1752344167730935
3.3000000000000003,0.0,-0.19017734601038905
3.3000000000000003,0.0,-0.18154156363099938
3.4000000000000004,1.0,-0.19395204870401558
3.4000000000000004,0.9938134288446561,-0.18287773019968598
3.5,0.0,-0.18664134927527146
3.5,0.0,-0.18150217463739496
3.6,1.0,-0.19677937552931102
3.6,1.0,-0.19688508341140176
3.7,0.0,-0.17938487076722323
3.7,0.0,-0.17948895793005407
3.8000000000000003,0.7768010083711245,-0.1850054967078112
3.8000000000000003,0.7772730243692679,-0.17860962020132432
3.9000000000000004,0.0,-0.18005461758921668
3.9000000000000004,0.0,-0.18015666585297815
4.0,0.6671136875002464,-0.19690889697738648
4.0,0.6336569391863514,-0.18228786661181698
4.1000000000000005,0.0,-0.1730698878482254
4.1000000000000005,0.0,-0.17316726704919083
4.2,0.5477545077689816,-0.19166101178193728
4.2,0.5145019407904845,-0.17721953724661432
4.300000000000001,0.0,-0.18327715618353915
4.300000000000001,0.0,-0.18337100786733207
4.4,0.45144052997497314,-0.18172439348438124
4.4,0.45294342798504916,-0.18181471771868982
4.5,0.0,-0.1706724470072281
4.5,0.0,-0.14870741583358096
4.6000000000000005,0.3666213496422402,-0.16918562196190864
4.6000000000000005,0.3677673421304855,-0.16926485482780276
4.7,0.0,-0.1569218373762342
4.7,0.0,-0.1569949042342575
4.800000000000001,0.2974134203014296,-0.1521194134025104
4.800000000000001,0.2982692992100889,-0.15218565214504598
4.9,0.0,-0.13916188782570604
4.9,0.0,-0.12939346271041724
5.0,0.20850886412951775,-0.10882863817252092
5.0,0.2089966296641535,-0.10887203749968596
5.1000000000000005,0.0,-0.1218757550786357
5.1000000000000005,0.0,-0.10244773820947715
5.2,0.1955504356505669,-0.11310535579004476
5.2,0.1959855481717015,-0.11314122054358904
5.300000000000001,0.0,-0.07588745509913761
5.300000000000001,0.0,-0.07590599686483278
5.4,0.1249282050802813,-0.08546744487469748
5.4,0.12507561392372885,-0.08548607211948564
5.5,0.0,-0.07528995362016246
5.5,0.0,-0.06957076896692155
5.6000000000000005,0.12735877739321702,-0.061378156650819304
5.6000000000000005,0.12751996857043926,-0.06137789305463131
5.7,0.0,-0.04616177357687838
5.7,0.0,-0.04615160539467757
5.800000000000001,0.10256747331047933,-0.03057198926310705
5.800000000000001,0.07237337203205185,-0.02907456824227263
5.9,0.0,-0.015110249142357333
5.9,0.0,-0.01507918420930091
6.0,0.08526374264375497,0.0032659041528858217
6.0,0.055538528395265505,0.0006283594406633437
6.1000000000000005,0.012654605459326576,0.021335099734435897
6.1000000000000005,0.012352286386767344,0.021387912442131594
6.2,0.052648410236250456,0.040031738784443625
6.2,0.022831673387013363,0.03142987493339587
6.300000000000001,0.041160110779388075,0.059514906385745796
6.300000000000001,0.04098149405474057,0.05959191320431501
6.4,0.0,0.08528822766041284
6.4,0.0,0.08538982794811129
6.5,0.03519563365422217,0.10143469193812599
6.5,0.03499981434602248,0.10154885913429867
6.6000000000000005,0.9124041074862501,0.7325958348975491
6.6000000000000005,0.9158775305472125,0.732865815429437
6.7,0.0,0.6042103344665294
6.7,0.0,0.544443281794224
6.800000000000001,1.0,0.5672335182860829
6.800000000000001,1.0,0.5130177930860286
6.9,0.0,0.47750280296403197
6.9,0.0,0.4776454161518629
7.0,1.0,0.4343979351497844
7.0,1.0,0.4345081371165258
7.1000000000000005,0.0,0.4031470811029009
7.1000000000000005,0.0,0.40322600965159755
7.2,1.0,0.4081395510807184
7.2,1.0,0.4082055435508179
7.300000000000001,0.0,0.35032352367238306
7.300000000000001,0.0,0.32979736105593316
7.4,1.0,0.3493118070422848
7.4,1.0,0.31803174790960353
7.500000000000001,0.0,0.3090961080187867
7.500000000000001,0.0,0.3090954820233403
7.6000000000000005,1.0,0.30547529397737727
7.6000000000000005,1.0,0.2764986159278954
7.7,0.011221622011331617,0.2647979635929913
7.7,0.010676345804969511,0.2649991582279783
7.800000000000001,1.0,0.25203697292694927
7.800000000000001,1.0,0.25198886542303245
7.9,0.05077291922848774,0.2403149895839538
7.9,0.05037695117860995,0.2401578017874741
8.0,1.0,0.2318857850686856
8.0,1.0,0.23303873745046785
8.1,0.11909004213370691,0.23108997527300212
8.1,0.11880097305155854,0.2322401055367997
8.200000000000001,1.0,0.23032106674466915
8.200000000000001,1.0,0.21632251992357843
8.3,0.1583191629140917,0.21579698910523076
8.3,0.12795374629717268,0.21272357171988077
8.4,1.0,0.21460162226854107
8.4,1.0,0.2030600493097864
8.5,0.1975897001351136,0.20269214292820809
8.5,0.16708584675113483,0.19930621777974883
8.600000000000001,1.0,0.19735264488679907
8.600000000000001,1.0,0.19146038781933744
8.700000000000001,0.2368583610244734,0.1892541637617551
8.700000000000001,0.23692665422604292,0.19031652451901868
8.8,1.0,0.1755437727543162
8.8,1.0,0.17657691772075523
8.9,0.19877346707688065,0.1777964046097311
8.9,0.19898496386860665,0.1788245401990312
9.0,1.0,0.1728927831772829
9.0,1.0,0.1683602686810086
9.100000000000001,0.0340600890707764,0.1658735378435836
9.100000000000001,0.03350757698066628,0.1668593223499941
9.200000000000001,1.0,0.16209455005138437
9.200000000000001,1.0,0.1630601444145828
9.3,0.08555149799619555,0.16478616065080923
9.3,0.0851644463924972,0.16574982012488482
9.4,1.0,0.16163631572752923
9.4,1.0,0.1625771046330383
9.5,0.01191656889306933,0.1608944206078971
9.5,0.011159459820842071,0.16182151486998075
9.600000000000001,1.0,0.15997345211771624
9.600000000000001,1.0,0.15257584279600125
9.700000000000001,0.0,0.1502881040611045
9.700000000000001,0.0,0.15117572261175785
9.8,1.0,0.14499051864824258
9.8,1.0,0.1402345944325493
9.9,0.0,0.13766922778625587
9.9,0.0,0.13851485345533346
10.0,1.0,0.13284950751307278
10.0,1.0,0.1244516777622304
10.100000000000001,0.0,0.12694724587458062
10.100000000000001,0.0,0.12375326947137757
10.200000000000001,0.9911098442540153,0.12453148483529339
10.200000000000001,1.0,0.12076762211916371
10.3,0.0,0.1168587759893753
10.3,0.0,0.11337389762051941
10.4,0.9641051940916995,0.1135795141874223
10.4,0.9671153021230985,0.11430802302375993
10.5,0.0,0.10520968879757954
10.5,0.0,0.10591700295707299
10.600000000000001,0.9767751903450408,0.09448830763256026
10.600000000000001,0.9798117462194786,0.09516733619805227
10.700000000000001,0.0,0.09522780600086017
10.700000000000001,0.0,0.09590452362785346
10.8,0.9388660235574218,0.09173128892220614
10.8,0.9810595109440068,0.08914282128643494
10.9,0.0,0.0810350390752299
10.9,0.0,0.0816553558538881
11.0,0.9350026384167839,0.08298989963451892
11.0,0.977616899242322,0.08127593886548877
11.100000000000001,0.22721410217705573,1.2
11.100000000000001,0.22913241000970408,1.2
11.200000000000001,1.0,1.0830705563586478
11.200000000000001,1.0,1.083954067271315
11.3,0.34665152849549513,0.9459922480969735
11.3,0.34681735341323777,0.9467910318883205
11.4,1.0,0.8240821308236496
11.4,1.0,0.8248068196538706
11.5,0.47330913892379534,0.7067222439630757
11.5,0.4732536838330207,0.7073786503176609
11.600000000000001,1.0,0.6058908214227001
11.600000000000001,1.0,0.6064880554282005
11.700000000000001,0.5611957664563347,0.5668240025089114
11.700000000000001,0.5611479227782643,0.5673954503190638
11.8,1.0,0.4172186527170414
11.8,1.0,0.4177144373985079
11.9,0.5973497202545146,0.39848445827668827
11.9,0.5720468660897862,0.35814164362133727
12.0,1.0,0.33340344470565697
12.0,1.0,0.2889717550974164
12.100000000000001,0.5911609326813507,0.22425034286343604
12.100000000000001,0.5912007381955481,0.22402318310399782
12.200000000000001,1.0,0.17497290762841528
12.200000000000001,1.0,0.1715668047669624
12.3,0.5937425329123784,0.1256629005779628
12.3,0.5939443703348266,0.12239220656922235
12.4,1.0,0.08406972034403826
12.4,1.0,0.08377936894423535
12.5,0.5905688900490249,0.04331632250275553
12.5,0.5906424574749649,0.04036185659504508
12.600000000000001,1.0,0.036452872720642106
12.600000000000001,1.0,0.036137320402857935
12.700000000000001,0.5845117450779191,-0.031354723572339545
12.700000000000001,0.5845101083185357,-0.031693230464582216
12.8,1.0,-0.05376073197632053
12.8,1.0,-0.054113458407300044
12.9,0.575968914857506,-0.0788148175015381
12.9,0.5759599013555896,-0.07917740535821036
13.0,1.0,-0.08991921032433794
13.0,1.0,-0.10382936050124528
13.100000000000001,0.5960299165607907,-0.11128355373499087
13.100000000000001,0.5677729298133865,-0.12278355982173829
13.200000000000001,1.0,-0.13956746315559004
13.200000000000001,1.0,-0.13995910589220656
13.3,0.5600631613545171,-0.15707426240707556
13.3,0.5600442353618174,-0.15747306255422136
13.4,1.0,-0.16365215907520045
13.4,1.0,-0.16405491102337266
13.5,0.5527720683002648,-0.18612663633512944
13.5,0.5527245548409694,-0.1868807192140214
13.600000000000001,1.0,-0.19065263799201979
13.600000000000001,1.0,-0.19558881325171407
13.700000000000001,0.5459546602540288,-0.2057933944809362
13.700000000000001,0.5459493463111729,-0.20598222108544204
13.8,1.0,-0.21193810320277268
13.8,1.0,-0.2118285973419833
13.9,0.5403406001101348,-0.21924049369516407
13.9,0.5403145500621498,-0.21966743561877805
14.0,1.0,-0.22177905369224996
14.0,1.0,-0.22411175631468977
14.100000000000001,0.5371565729969954,-0.22982418464493018
14.100000000000001,0.5372704641868347,-0.228740870546683
14.200000000000001,1.0,-0.231195481052992
14.200000000000001,1.0,-0.22977112733609992
14.3,0.5303916794630741,-0.23335847266902282
14.3,0.5303644972586898,-0.23378744218042113
14.4,1.0,-0.23609576285516023
14.4,1.0,-0.23681270866114573
14.500000000000002,0.5253100496121141,-0.2380952048420863
14.500000000000002,0.5252828285463017,-0.238521303734265
14.600000000000001,1.0,-0.2360563864260094
14.600000000000001,1.0,-0.23593740467058597
14.700000000000001,0.5483496380572433,-0.23311333622444727
14.700000000000001,0.4767316030710797,-0.23592228785499827
14.8,1.0,-0.23239917129780788
14.8,1.0,-0.23281635952779423
14.9,0.4116147957411247,-0.228923700938306
14.9,0.3362984995307592,-0.2315606643444991
15.000000000000002,1.0,-0.23109370982776137
15.000000000000002,1.0,-0.2315007613541599
15.100000000000001,0.28882719841043386,-0.2226291765979774
15.100000000000001,0.2888088005073645,-0.22303208281080403
15.200000000000001,1.0,-0.2146986521380308
15.200000000000001,1.0,-0.215092014395496
15.3,0.11723819992441956,-0.212543709194264
15.3,0.11650673653545177,-0.21292976650572204
15.4,1.0,-0.22189216975499942
15.4,1.0,-0.22227634778348493
15.500000000000002,0.09511222440587866,-0.20364137159400483
15.500000000000002,0.09428801542182583,-0.20401901795810568
15.600000000000001,1.0,-0.2077686886489176
15.600000000000001,1.0,-0.20813490185652045
15.700000000000001,0.0032142384656131395,-0.18943085710785662
15.700000000000001,0.0,-0.1912166906813098
15.8,1.0,-0.18512604100971855
15.8,1.0,-0.17917540639387314
15.9,0.0,-0.17408831151827875
15.9,0.0,-0.17441448110101898
16.0,1.0,-0.16472913610729836
16.0,1.0,-0.14880105403287813
16.1,0.0,-0.150798822177751
16.1,0.0,-0.15512978042974554
16.2,0.9910609464617034,-0.139207202420909
16.2,0.9880701647882125,-0.1275072524730856
16.3,0.0,-0.13633439503051115
16.3,0.0,-0.13660553555066723
16.400000000000002,0.8797171223530512,-0.12222920427660522
16.400000000000002,0.9147606515791814,-0.11967242249930278
16.5,0.0,-0.10570467346509109
16.5,0.0,-0.10917043816445689
16.6,0.8189095190033582,-0.09596658085569919
16.6,0.8499097959783761,-0.07898210644458689
16.7,0.0,-0.09048668803045878
16.7,0.0,-0.074459743325752
16.8,0.7548730557807515,-0.07550978569156658
16.8,0.7883361890099096,-0.07472661430657294
16.900000000000002,0.0,-0.05828282639668194
16.900000000000002,0.14960801968356294,1.2
17.0,0.9701942369394635,1.2
17.0,0.970070783543024,1.2
17.1,0.03633264754420751,1.2
17.1,0.052793471607303744,1.2
17.200000000000003,1.0,1.0852559100060324
17.200000000000003,1.0,1.086172009837963
17.3,0.1437788466652535,0.938780479498648
17.3,0.1389776168980268,0.9498084030685935
17.400000000000002,1.0,0.8354931605698589
17.400000000000002,1.0,0.8362083321265449
17.5,0.21611926760513311,0.7291437839104207
17.5,0.21242589571546766,0.7401849647264538
17.6,1.0,0.6445936234175308
17.6,1.0,0.6451641486771004
17.700000000000003,0.2775635101603209,0.6249061540934316
17.700000000000003,0.25575106878953996,0.5869535292739909
17.8,1.0,0.5800515180947086
17.8,1.0,0.5136841516204083
17.900000000000002,0.309901601966878,0.5017078350912492
17.900000000000002,0.2851350604196126,0.4637448019367866
18.0,1.0,0.41410991191126467
18.0,1.0,0.4144579691249689
18.1,0.3054828366776453,0.37329700556677853
18.1,0.30369337665993285,0.38477549808679395
18.200000000000003,1.0,0.3731250617144623
18.200000000000003,1.0,0.3339129886174601
18.3,0.3520700443948991,0.33008096285557065
18.3,0.3218143398988128,0.3072964375277032
18.400000000000002,1.0,0.27626403700440544
18.400000000000002,1.0,0.28792453107607074
18.5,0.3364050747505754,0.2537690108309363
18.5,0.3364045932583263,0.2539265332654433
18.6,1.0,0.23572356296718905
18.6,1.0,0.23584994132331943
18.700000000000003,0.3815842988135134,0.23720180044989247
18.700000000000003,0.3495895132116503,0.22378489381897196
18.8,1.0,0.20735208612194173
18.8,1.0,0.2182772297381272
18.900000000000002,0.36266333770493064,0.19487577961947822
18.900000000000002,0.36184419282822183,0.20607813454794538
19.0,1.0,0.1959188749347626
19.0,1.0,0.1820833673083695
19.1,0.25455091684111775,0.1823108585107538
19.1,0.2548450523249791,0.1812562561116839
19.200000000000003,1.0,0.18730368580676002
19.200000000000003,1.0,0.18625792955498682
19.3,0.23528065776841606,0.1770400089184156
19.3,0.14934175212232306,0.16961901472029822
19.400000000000002,1.0,0.1866355311862831
19.400000000000002,1.0,0.18560299684839135
19.5,0.06166485397299737,0.17406449507660543
19.5,0.0610261590132308,0.17304484113406937
19.6,1.0,0.1976784629637699
19.6,1.0,0.18075130479608575
19.700000000000003,0.06755518729378607,0.2043387526006629
19.700000000000003,0.0,0.20190661530703152
19.8,1.0,0.1874223967997814
19.8,1.0,0.20035502699431232
19.900000000000002,0.0,0.20767000385327855
19.900000000000002,0.0,0.20777329129883687
20.0,1.0,0.2032246889835236
20.0,1.0,0.19605067580049335
20.1,0.0,0.20930155917079815
20.1,0.0,0.20940349070700515
20.200000000000003,1.0,0.20961920554806338
20.200000000000003,1.0,0.22243366006120388
20.3,0.0,0.21601126113157218
20.3,0.0,0.21611811037693407
20.400000000000002,1.0,0.23390797750737752
20.400000000000002,1.0,0.23402322636872194
20.5,0.0,0.22680760457970256
20.5,0.0,0.22680760457970256
20.6,0.9473667489498041,0.23178221765618376
20.6,0.9488394403166468,0.23178221765618376
20.700000000000003,0.0,0.25381786820311103
20.700000000000003,0.0,0.25381786820311103
20.8,0.9042535372331898,0.25060141038527
20.8,0.9058671518936142,0.25060141038527
20.900000000000002,0.0,0.24474246328218752
20.900000000000002,0.0,0.2568380710515628
21.0,0.8788502702985665,0.2447030892577066
21.0,0.8813733837702475,0.2564261449995294
21.1,0.0,0.26553307473522186
21.1,0.0,0.26497870059180234
21.200000000000003,1.0,0.7310674508482025
21.200000000000003,1.0,0.7308728494523458
21.3,0.4328711144603359,0.611325762267698
21.3,0.4108451279807858,0.5712751228191905
21.400000000000002,1.0,0.5910316771748487
21.400000000000002,1.0,0.5908337600452884
21.5,0.4798515677823016,0.5229850242253252
21.5,0.4550673516041212,0.49370540872499197
21.6,1.0,0.5059787850796051
21.6,1.0,0.5057716892956219
21.700000000000003,0.5116495412930229,0.4524360630840557
21.700000000000003,0.48585052558563196,0.4290372335325146
21.8,1.0,0.4409279279994509
21.8,1.0,0.44071137198984556
21.900000000000002,0.5374120776095086,0.3997911341071872
21.900000000000002,0.5110705707353014,0.3815679818309165
22.0,1.0,0.3707642764476541
22.0,1.0,0.37053732451480403
22.1,0.5538368199698672,0.36309426297719116
22.1,0.527139045257724,0.35014410781701943
22.200000000000003,1.0,0.35613741828666634
22.200000000000003,1.0,0.35590092498485176
22.3,0.5665623461510714,0.32888077899592877
22.3,0.5665910660953644,0.3286395725919449
22.400000000000002,1.0,0.3222811440676899
22.400000000000002,1.0,0.3071364076035907
22.5,0.5758782622077492,0.3058825314131154
22.5,0.5493885427929801,0.2977932766754029
22.6,1.0,0.28978140286115944
22.6,1.0,0.2894920478598576
22.700000000000003,0.5539662423546101,0.28491237836603306
22.700000000000003,0.5539943389155979,0.2846260171277823
22.8,1.0,0.2742151489974935
22.8,1.0,0.27703511069335535
22.900000000000002,0.5830894577357377,0.27313710048732287
22.900000000000002,0.5569698116467459,0.2677688418572752
23.0,1.0,0.2629143543281572
23.0,1.0,0.26565008255453154
23.1,0.583313520985836,0.2621231154574646
23.1,0.583338415271679,0.26183985049955555
23.200000000000003,1.0,0.26057825784911226
23.200000000000003,1.0,0.253137726719291
23.3,0.5815621836367649,0.2543039886111135
23.3,0.5815860800273012,0.25401961309598065
23.400000000000002,1.0,0.24749783169478454
23.400000000000002,1.0,0.2500591532706788
23.5,0.5029211506770416,0.2479846011800942
23.5,0.4295073440092104,0.2452526435902065
23.6,1.0,0.24580827620992665
23.6,1.0,0.24551693184803494
23.700000000000003,0.3731795397941352,0.24640832874617774
23.700000000000003,0.3022819613049794,0.2443202075415022
23.8,1.0,0.2477366540197956
23.8,1.0,0.24743840589029992
23.900000000000002,0.25922268595725745,0.24527230015872048
23.900000000000002,0.2590673481779141,0.2449728001559477
24.0,1.0,0.2558248859824241
24.0,1.0,0.24401364157722005
24.1,0.15311153038862785,0.2454466092993791
24.1,0.08570288985142491,0.24403941830022546
24.200000000000003,1.0,0.25544716797658185
24.200000000000003,1.0,0.25513439246975467
24.3,0.0,0.23995215837850772
24.3,0.0,0.23963273209022692
24.400000000000002,1.0,0.2514179172625933
24.400000000000002,1.0,0.25109582292718213
24.5,0.0,0.2387385995186533
24.5,0.0,0.23740517890041735
24.6,1.0,0.24934294788599423
24.6,1.0,0.2386222572984695
24.700000000000003,0.0,0.23921125824198883
24.700000000000003,0.0,0.23887496112253598
24.8,1.0,0.23814909023488892
24.8,1.0,0.23944029390700575
24.900000000000002,0.0,0.23926788222626869
24.900000000000002,0.0,0.24047881680180636
25.0,0.9168475910148998,0.24928394647280708
25.0,0.9184238546106455,0.24892032865474836
25.1,0.0,0.2381566225471034
25.1,0.0,0.23636332171105587
25.200000000000003,0.845310490364847,0.24862941880199096
25.200000000000003,0.8751168910277897,0.23727124123765295
25.3,0.0,0.2405444426732722
25.3,0.0,0.24014154318113198
25.400000000000002,0.7758238063738632,0.24934926353084455
25.400000000000002,0.7778209991390013,0.2489432616148633
25.5,0.0,0.24157712526531294
25.5,0.518891605731748,1.047830264352158
25.6,0.8596423720264937,0.8738722099194259
25.6,0.8548422594070798,0.7993499853228455
25.700000000000003,0.4938710236532534,0.8213803957335192
25.700000000000003,0.4939378551259025,0.8211684112569515
25.8,0.9498454582769805,0.7476890816620225
25.8,0.9386268656633798,0.6859316554196128
25.900000000000002,0.43712072128479906,0.7028501267070276
25.900000000000002,0.42017554069892293,0.6600861152235297
26.0,1.0,0.6586957153325749
26.0,1.0,0.6086543076385053
26.1,0.3878063494900725,0.6073752587305732
26.1,0.38786292119352145,0.607134267764424
26.200000000000003,1.0,0.5233620334205119
26.200000000000003,1.0,0.5293076527890597
26.3,0.273987459693492,0.5196175517977409
26.3,0.20037201023633688,0.49824957488866894
26.400000000000002,1.0,0.5210742079635391
26.400000000000002,1.0,0.4765376902444882
26.5,0.16399426584888407,0.4618211694914701
26.5,0.16472552419165712,0.46153764628240934
26.6,1.0,0.46821401791167405
26.6,1.0,0.4270188950169096
26.700000000000003,0.05310826031321311,0.4185475376668718
26.700000000000003,0.0,0.4045721192178666
26.8,1.0,0.4223686750997672
26.8,1.0,0.38667468409000255
26.900000000000002,0.0,0.3852331302127745
26.900000000000002,0.0,0.3848939152733737
27.0,1.0,0.390262153737904
27.0,1.0,0.355803410942981
27.1,0.0,0.3597185350888099
27.1,0.0,0.35934571371460283
27.200000000000003,0.9590992936183903,0.34825330260770915
27.200000000000003,0.9599082317425611,0.34784325528511817
27.3,0.0,0.34131355464912994
27.3,0.0,0.3409016740746263
27.400000000000002,0.8551815145734463,0.35827118035024696
27.400000000000002,0.8724370233083191,0.3279534827509033
27.5,0.0,0.3327596828833646
27.5,0.0,0.3269580268720234
27.6,0.7853197939476608,0.3243607208203027
27.6,0.7828044313474046,0.33373323972672037
27.700000000000003,0.0,0.3256425537598075
27.700000000000003,0.0,0.3294925360122535
27.8,0.7098466600469605,0.3188552531203623
27.8,0.7073469028607083,0.3287281333756405
27.900000000000002,0.0,0.3227351818881299
27.900000000000002,0.0,0.3221751130361605
28.0,0.6351833523679093,0.3483834683065944
28.0,0.6435053983863825,0.3187530828891982
28.1,0.0,0.3253052220425538
28.1,0.0,0.3203890545734288
28.200000000000003,0.5787206813932555,0.3532119534081719
28.200000000000003,0.5802914999349835,0.35255264464423275
28.3,0.47893423133211765,1.2
28.3,0.44988668034013723,1.2
28.400000000000002,0.6379800777573066,1.2
28.400000000000002,0.652152542707786,1.1180402035348458
28.5,0.47772628975506576,0.9861955604403294
28.5,0.47544608091936724,0.9919840051971098
28.6,0.747576307905315,0.9635505345402666
28.6,0.7476488033808755,0.963357116225459
28.700000000000003,0.47946014044235946,0.8405977192496957
28.700000000000003,0.4795284012073514,0.8403957655104745
28.8,0.8385314276627488,0.7659582559607457
28.8,0.826650919206272,0.7066515299836236
28.900000000000002,0.45846654185456126,0.696685879899228
28.900000000000002,0.45852661657032456,0.69646614462942
29.000000000000004,0.9178346727504296,0.6383719110242687
29.000000000000004,0.9003694818673295,0.5913909360173795
29.1,0.4103230727806196,0.5867244641636321
29.1,0.4103772189153899,0.5864862567666893
29.200000000000003,1.0,0.5473635939819762
29.200000000000003,0.9855676378258572,0.5158262625899265
29.3,0.3311229445246763,0.5069848662538482
29.3,0.33118824400208025,0.5066473578002636
29.400000000000002,1.0,0.48874737286887515
29.400000000000002,1.0,0.45500752965136987
29.500000000000004,0.32547277852572,0.4543907276837411
29.500000000000004,0.2991884761276812,0.43823327429380765
29.6,1.0,0.447986460612398
29.6,1.0,0.4212356744578823
29.700000000000003,0.32988615928677334,0.41786066570948566
29.700000000000003,0.3299327897889788,0.4175575268367468
29.8,1.0,0.4125165111838643
29.8,1.0,0.38842269696832704
29.900000000000002,0.33125839182130373,0.39069135604362576
29.900000000000002,0.3048584693943369,0.3811325596623714
30.000000000000004,1.0,0.3724367241156742
30.000000000000004,1.0,0.3769009604709656
30.1,0.3294480471509989,0.3704559223668659
30.1,0.30325508188946204,0.36240718945765776
30.200000000000003,1.0,0.37419403469447016
30.200000000000003,1.0,0.35771496785672435
30.3,0.32606638972282814,0.35771256053776496
30.3,0.2999707323472515,0.3519110418372028
30.400000000000002,1.0,0.3624755503523563
30.400000000000002,1.0,0.36220178818853604
30.500000000000004,0.32126327426084095,0.3449931190701195
30.500000000000004,0.3212964147826584,0.34472013728007284
30.6,1.0,0.35117532976617444
30.6,1.0,0.35090350625482875
30.700000000000003,0.31621778846695503,0.3370940160608909
30.700000000000003,0.3162497351648685,0.3368218923084408
30.8,1.0,0.34465195135107324
30.8,1.0,0.3331126672702354
30.900000000000002,0.3101316570826581,0.33482657917669684
30.900000000000002,0.2845208964885892,0.33286657590734076
31.000000000000004,1.0,0.34354914426780087
31.000000000000004,1.0,0.33196760921541457
31.1,0.3028267792596652,0.33320579537015066
31.1,0.3028586239000054,0.33292693352073416
31.200000000000003,1.0,0.34239256535805934
31.200000000000003,1.0,0.3421096782903154
31.3,0.2862322024727264,0.3296214609566171
31.3,0.2861899763751249,0.3293347226702855
31.400000000000002,1.0,0.341621898383169
31.400000000000002,1.0,0.3413289270826503
31.500000000000004,0.11173436481571708,0.3281509778507434
31.500000000000004,0.11096752677542912,0.327852607830919
31.6,1.0,0.34478513833721935
31.6,1.0,0.329588190597873
31.700000000000003,0.0,0.329339701795453
31.700000000000003,0.0,0.33111176933643727
31.8,1.0,0.3462516314336141
31.8,1.0,0.32817038235016766
31.900000000000002,0.0,0.33058039201221356
31.900000000000002,0.0,0.33025185713213595
32.0,0.9663896400890462,0.3460905861197168
32.0,0.9424907397579819,0.32765222757237517
32.1,0.0,0.3321101517903794
32.1,0.0,0.3288648060012028
32.2,0.8571537179829136,0.3460903537921197
32.2,0.8351225949618855,0.3271799964428479
32.300000000000004,0.0,0.33457059557329527
32.300000000000004,0.0,0.3341979718659015
32.4,0.7657179920223083,0.3439382602042467
32.4,0.7676711485164387,0.34354819102205303
32.5,0.0,0.3315340123653965
32.5,0.0,0.32294758293594633
32.6,0.6838052371026041,0.3390006974845862
32.6,0.6606128154738571,0.3192679154382182
32.7,0.0,0.3282117633059697
32.7,0.0,0.32058432438714357
32.800000000000004,0.6135062009154834,0.3307330065472764
32.800000000000004,0.5898635206476981,0.31026947206548117
32.9,0.0,0.3192180581108093
32.9,0.0,0.31040822149383357
33.0,0.5510363312868503,0.3180351659833271
33.0,0.5269825820814005,0.2979798534594805
33.1,0.0,0.3051316205246028
33.1,0.0,0.29557866155543294
33.2,0.4950520579185647,0.29990599248457095
33.2,0.4959038061440001,0.29937476510098554
33.300000000000004,0.0,0.28383473754336846
33.300000000000004,0.0,0.2832860958774892
33.4,1.0,1.1636208808175712
33.4,1.0,1.146181907572138
33.5,0.0017886503681069366,0.9574275293260993
33.5,0.0,0.8891703251897959
33.6,1.0,0.914487981890268
33.6,1.0,0.8393235616022903
33.7,0.09063642665306001,0.8281470249079315
33.7,0.08993703881273937,0.8276298430929974
33.800000000000004,1.0,0.7690744725588524
33.800000000000004,1.0,0.7685491766493266
33.9,0.05172954552691639,0.6846875337512648
33.9,0.0,0.6469353888895847
34.0,1.0,0.6606287165501603
34.0,1.0,0.6600935986811054
34.1,0.0,0.5717578723410748
34.1,0.0,0.547807471740436
34.2,1.0,0.5656294047129026
34.2,1.0,0.5199268781419002
34.300000000000004,0.0,0.5014016776811736
34.300000000000004,0.0,0.5008572758900036
34.400000000000006,0.9858883670778883,0.49200062040971854
34.400000000000006,0.9761396680519956,0.44977194252245073
34.5,0.0,0.43857491019093814
34.5,0.0,0.42892978522050007
34.6,0.8790274144403947,0.43703298304967986
34.6,0.8818022904523065,0.4364640162829437
34.7,0.0,0.37630671243715097
34.7,0.0,0.36469738324995093
34.800000000000004,0.7868286617203067,0.37905240452999067
34.800000000000004,0.7688963863122261,0.33856045763863296
34.900000000000006,0.0,0.33461451037389045
34.900000000000006,0.0,0.3285601965487461
35.0,0.7067482876865401,0.32561783947630407
35.0,0.70924353135968,0.32502957348406375
35.1,0.0,0.28101078627486054
35.1,0.0,0.2737084724373576
35.2,0.6316045676188222,0.27291843861743886
35.2,0.6055312047909547,0.25506112742082
35.300000000000004,0.0,0.23887649356925234
35.300000000000004,0.0,0.2348977916732245
35.400000000000006,0.5622632077993149,0.22310669724562593
35.400000000000006,0.5639706903764801,0.22251251392526636
35.5,0.0,0.18931001980263157
35.5,0.0,0.1724525352067828
35.6,0.49658351735187667,0.176779624242039
35.6,0.4979491773624247,0.1761893071493802
35.7,0.0,0.15002702690158412
35.7,0.0,0.14944865182064682
35.800000000000004,0.43283515580622633,0.13036354439837522
35.800000000000004,0.43387748650195634,0.1297847983659078
35.900000000000006,0.0,0.1078928548676603
35.900000000000006,0.0,0.1073304118971082
36.0,0.3736864700592656,0.0880802440568425
36.0,0.374436013612724,0.08752344436543037
36.1,0.0,0.06679636915594568
36.1,0.0,0.06626184771842382
36.2,0.3185942793697826,0.04620975727895196
36.2,0.31907770991746737,0.045689230955269514
36.300000000000004,0.0,0.02513492419082442
36.300000000000004,0.0,0.027588432158736444
36.400000000000006,0.2668947764118292,0.005081977870680621
36.400000000000006,0.2669353691473843,0.00632562435277534
36.5,0.0,-0.012208594907121255
36.5,0.0,-0.0070306910811832775
36.6,0.21839991208093434,-0.03427411311019646
36.6,0.18244071799583786,-0.02729725812409446
36.7,0.0,-0.05554154083388077
36.7,0.0,-0.04981564024613117
36.800000000000004,0.17582200045399043,-0.0805484293740068
36.800000000000004,0.17549946352342904,-0.0792192515711119
36.900000000000006,0.0,-0.10431050196238807
36.900000000000006,0.0,-0.10295090527088939
37.0,0.13552023355630996,-0.13532407716334963
37.0,0.09965112490573932,-0.12480407712638958
37.1,0.0,-0.16686785948349697
37.1,0.0,-0.1593889496485358
37.2,0.1006884655479254,-0.2041091609817652
37.2,0.06503936286924009,-0.19325799119155396
37.300000000000004,0.0071298268593953384,-0.2433269015350746
37.300000000000004,0.0,-0.23464147989762923
37.400000000000006,0.06611235406727553,-0.29888337429821743
37.400000000000006,0.06537415469669505,-0.29730514217515847
37.5,0.0,-0.35355586873635836
37.5,0.0,-0.35192696998896134
37.6,0.03737404758973789,-0.43058380315321243
37.6,0.00805837604195761,-0.416699617604545
37.7,0.014027175290532073,-0.5150867904227522
37.7,0.0,-0.5042133745766203
37.800000000000004,0.012336213980048166,-0.6156009833215931
37.800000000000004,0.0,-0.6068503683852114
37.900000000000006,0.005060280650226789,-0.726915724135398
37.900000000000006,0.004114362372631408,-0.7251823158295432
38.0,0.0,-0.8492966789147532
38.0,0.0,-0.8476176031434687
38.1,0.0,-0.9876807578418126
38.1,0.0,-0.9861128406030365
38.2,0.0,-1.1247950450043516
38.2,0.0,-1.1234081808156304
38.300000000000004,0.0,-1.2
38.300000000000004,0.0,-1.2
38.400000000000006,0.0073617358116716825,-1.2
38.400000000000006,0.0,-1.2
38.5,0.016651673048790394,-1.2
38.5,0.010626160546688995,-1.2
38.6,0.0303790684959426,-1.2
38.6,0.029607377502702203,-1.2
38.7,0.02947096485793088,-1.2
38.7,0.029083623753035193,-1.2
38.800000000000004,0.05398849353083149,-1.2
38.800000000000004,0.053329811924826415,-1.2
38.900000000000006,0.0504284946050885,-1.2
38.900000000000006,0.04976128975710195,-1.2
39.0,0.08168092372799021,-1.2
39.0,0.07043005942764466,-1.2
39.1,0.08501936263040283,-1.2
39.1,0.08450582383554285,-1.2
39.2,0.07980104401595903,-1.2
39.2,0.07926995314080203,-1.2
39.300000000000004,0.10619628184427153,-1.2
39.300000000000004,0.10572395821351317,-1.2
39.400000000000006,0.12197743473176702,-1.2
39.400000000000006,0.12162755401988339,-1.2
39.5,0.12001013629730996,-1.2
39.5,0.11962966389940784,-1.2
39.6,0.16519947999726953,-1.2
39.6,0.16503227286603106,-1.2
39.7,0.14023882041385688,-1.1469170739171406
39.7,0.13996845352630657,-1.1482519061679148
39.800000000000004,0.19944669792130792,-0.9965695436532608
39.800000000000004,0.19942240082508944,-0.9977866584396627
39.900000000000006,0.15121318229056424,-0.8577610819607134
39.900000000000006,0.1509883512926362,-0.8587957100716326
40.0,0.2348076363244806,-0.7450227049113718
40.0,0.23492962588585453,-0.7459075557871824
40.1,0.1622198346738053,-0.6224709473285659
40.1,0.1620395831851612,-0.6231307746050738
40.2,0.24038691608490992,-0.5324860146506224
40.2,0.24053091234991136,-0.5329718555893558
40.300000000000004,0.17838786171479012,-0.43509537694204514
40.300000000000004,0.17827345110873466,-0.4353541475011469
40.400000000000006,0.23470063409480305,-0.3639759893644319
40.400000000000006,0.23481964049287046,-0.36404273008893356
40.5,0.19602607225011648,-0.2880342144259861
40.5,0.19598349037482843,-0.28788083134044185
40.6,0.21450181317403172,-0.21889767663285709
40.6,0.2145356272844214,-0.21853089876412274
40.7,0.21219501732419266,-0.14016913246511367
40.7,0.21221855226081315,-0.13957334195859156
40.800000000000004,0.212244604225026,-0.05918926303670566
40.800000000000004,0.2147754924423732,-0.06702732815976896
40.900000000000006,0.21225205064458016,0.025778085546298766
40.900000000000006,0.21118478316936073,0.003058921579470273
41.0,0.21428143702953742,0.1046439043375123
41.0,0.2143116310577442,0.10603256288602844
41.1,0.20829867889043768,0.1704861615193823
41.1,0.20829630752215572,0.1340075738348455
41.2,0.21146502059555541,0.2482258778885425
41.2,0.21148251738058435,0.25025474542598103
41.300000000000004,0.20247272729682675,0.30781886054810526
41.300000000000004,0.20244370198193054,0.26041903433339714
41.400000000000006,0.20583718679321608,0.38472962794815196
41.400000000000006,0.20584634129647963,0.33645850670350996
41.5,0.1932642479650555,0.45424070390777954
41.5,0.192866459735971,0.5415742876228865
41.6,0.19874715301944584,0.49159563976489773
41.6,0.1987121172982583,0.49528766049042827
41.7,0.18823968876753705,0.5639590778394074
41.7,0.18816180758859713,0.5681124072517815
41.800000000000004,0.1899422514820056,0.6236737575933073
41.800000000000004,0.18336304746383172,0.5546586863407584
41.900000000000006,0.16477795444988977,0.7151353869369128
41.900000000000006,0.16460555286379278,0.7202592221039841
42.0,0.17057851677760283,0.7843127151925151
42.0,0.17043258865854088,0.7899476157687254
42.1,0.1544725198405219,0.8547300781583285
42.1,0.1542626825875896,0.8607433350545906
42.2,0.15269827066142924,0.9232006237486763
42.2,0.15248487016092258,0.9294973226570531
42.300000000000004,0.12008868112430535,0.9849961301807556
42.300000000000004,0.11974477050310568,0.9914383834132828
42.400000000000006,0.13464077285789314,1.044065828556643
42.400000000000006,0.1343633062084818,1.0505336807695254
42.5,0.10192870401319205,1.0765531777484094
42.5,0.10152215691957937,1.0828266716846886
42.6,0.12794206895245697,1.1021239747200289
42.6,0.1276512350259592,1.10808204003567
42.7,0.05992221889995833,1.1030572104472063
42.7,0.05935759612035302,1.1085965091509857
42.800000000000004,0.10677582207128795,1.115528299685375
42.800000000000004,0.10641579928646691,1.1206408584441203
42.900000000000006,0.028958070498786098,1.086839794426957
42.900000000000006,0.02799109970429292,1.0328067840595363
43.0,0.10441606627282377,1.0859072152512026
43.0,0.10406746833088087,1.0900588725358225
43.1,0.009981955570377815,1.0189213796220016
43.1,0.009250224910479277,1.0227236576336547
43.2,0.10137307215067018,0.9842171413329861
43.2,0.09944620788876611,0.8979922881213824
43.300000000000004,0.0,0.9279614837729407
43.300000000000004,0.0,0.8869265075757103
43.400000000000006,0.1071734753317528,0.8808419387920157
43.400000000000006,0.10687068424706155,0.8841137469246518
43.5,0.0,0.7933358660795891
43.5,0.0,0.7964534726115021
43.6,0.09316741137151695,0.7518285617966624
43.6,0.09282234247790619,0.7548966295938315
43.7,0.0,0.6757917380780617
43.7,0.0,0.6787452374502847
43.800000000000004,0.09849947126563448,0.6241926343102278
43.800000000000004,0.0979676414594407,0.5638169982066392
43.900000000000006,0.0014685599746408484,0.5670015160024924
43.900000000000006,0.0007624191774311395,0.5698083394407416
44.0,0.09851003968857376,0.5180887624727711
44.0,0.09795770835853111,0.46477276654004507
44.1,0.010519914525591478,0.4723972605007022
44.1,0.00986265261445568,0.4750771565712332
44.2,0.12448353611345211,0.4229958193138091
44.2,0.12430446821388375,0.42563125014106046
44.300000000000004,0.0,0.3748805341479557
44.300000000000004,0.0,0.37741884607911813
44.400000000000006,0.15533398610808113,0.33831385859116414
44.400000000000006,0.14501076038490374,0.2960883354532946
44.5,0.004173265053638686,0.2947107912178807
44.5,0.0,0.2742961215698432
44.6,0.17618512116244306,0.273581694634009
44.6,0.17623718851961906,0.27591759038440833
44.7,0.0,0.2239231051984461
44.7,0.0,0.2019795996150659
44.800000000000004,0.1874295073785307,0.21563496289638762
44.800000000000004,0.18753495393962125,0.2178224090048785
44.900000000000006,0.0,0.16913233603390948
44.900000000000006,0.0,0.14878738803682756
45.0,0.19878846498590835,0.1656233585151779
45.0,0.19894649216307908,0.16765516323407625
45.1,0.0,0.08765421561742495
45.1,0.0,0.08951501939411996
45.2,0.21323755054843815,0.11987576231812115
45.2,0.2328469946314626,0.09857320391492899
45.300000000000004,0.0,0.0847267063896055
45.300000000000004,0.0,0.08650920456273962
45.400000000000006,0.22219992977314956,0.0743616369257051
45.400000000000006,0.22246332612573122,0.07609427909894531
45.5,0.028497506783397575,0.04698444570111885
45.5,0.0279569080363114,0.04862635098946375
45.6,0.22153044769581215,0.040308689441459614
45.6,0.22179285270780477,0.04189656737996217
45.7,0.04294078075485676,0.01754739765981115
45.7,0.04246161766044533,0.019058659849011512
45.800000000000004,0.22591047739122155,0.011783495374966674
45.800000000000004,0.2261920571299812,0.013242238521379627
45.900000000000006,0.07307114236901154,-0.004033301145598212
45.900000000000006,0.04263778769595926,-0.011643600063825164
46.0,0.24746671250055113,-0.009841692492019194
46.0,0.24783759118058757,-0.008501101095551177
46.1,0.07170726225052282,-0.020318879151909476
46.1,0.07134718482448796,-0.01903366491327811
46.2,0.23686910796239136,-0.025313424097792463
46.2,0.2371948966167537,-0.024072790007913916
46.300000000000004,0.09739270355413909,-0.03318255272658799
46.300000000000004,0.09713796373477304,-0.03198902396507759
46.400000000000006,0.22896362728233052,-0.036910814989346
46.400000000000006,0.22925479419025757,-0.03575854125318873
46.5,0.14015226267418124,-0.042191556795778774
46.5,0.11010777279161854,-0.04555438291507096
46.6,0.236066575187039,-0.04522778756797118
46.6,0.2363843507933064,-0.04415482718912169
46.7,0.15450370532882612,-0.04808955623524431
46.7,0.12458476720235424,-0.050781401340339725
46.800000000000004,0.24114753124174548,-0.0510518719064371
46.800000000000004,0.2414827114903074,-0.05004654539310518
46.900000000000006,0.1704766921165658,-0.052001644794966585
46.900000000000006,0.17051573515919793,-0.051025501491341684
47.0,0.21171565758511113,-0.0556891951969077
47.0,0.23716261879800243,-0.0563705227719294
47.1,0.194465982340642,-0.05739098303988426
47.1,0.19460003598293088,-0.05646889864312323
47.2,0.2136407103165039,-0.05968683941559705
47.2,0.2138520615718003,-0.05878880809633378
47.300000000000004,0.21552359661250137,-0.06086505324420825
47.300000000000004,0.21574000075837366,-0.059988705499274556
47.400000000000006,0.21736982025614668,-0.06209418297905607
47.400000000000006,0.2175910480511001,-0.06123794203587779
47.5,0.21918988306834614,-0.06330650835647289
47.5,0.2194157728532735,-0.06246887174414656
47.6,0.22098659593211292,-0.06447935447060145
47.6,0.2212170075310149,-0.06365890651758735
47.7,0.22276222472048324,-0.06558907908233741
47.7,0.22299703573657126,-0.06478447975770635
47.800000000000004,0.22525071724456558,-0.06661439661907217
47.800000000000004,0.22549284510479312,-0.06582436889485196
47.900000000000006,0.23002418638091304,-0.06755900568509926
47.900000000000006,0.23028301004285648,-0.06678234980456635
48.0,0.2320308559350077,-0.06847881613463143
48.0,0.2322947525079016,-0.06771444119494972
48.1,0.23157160402756158,-0.06946170970351434
48.1,0.25708239382335196,-0.06890895125779345
48.2,0.2314571688984643,-0.07068056906793169
48.2,0.23171170834682964,-0.06993809142844688
48.300000000000004,0.245416325855906,-0.07186805113689619
48.300000000000004,0.24572535351028307,-0.07113523992142279
48.400000000000006,0.24068700711156904,-0.07268748125524935
48.400000000000006,0.24097271800440445,-0.07196310910835396
48.5,0.25126140438804473,-0.0736537910485299
48.5,0.2515873179793133,-0.07293717531842789
48.6,0.24500432331031602,-0.07451385868099288
48.6,0.27171241131743673,-0.07791016296524186
48.7,0.23963176010983236,-0.07587791793219484
48.7,0.23990151961153114,-0.07517467340392278
48.800000000000004,0.26660167075853863,-0.07711442678885892
48.800000000000004,0.2951731518788692,-0.0760710285531947
48.900000000000006,0.24282346871767924,-0.0779305212565756
48.900000000000006,0.24309807593979313,-0.077237582943945
49.0,0.26872994832455904,-0.0793866950122145
49.0,0.26910822038383775,-0.07869831375754496
49.1,0.2462303119294045,-0.08018084180039303
49.1,0.24651108943662453,-0.07949559753734248
49.2,0.27329134692495105,-0.0815042409952166
49.2,0.27368055311061973,-0.08082206067531475
49.300000000000004,0.24841365475169447,-0.08239707692493294
49.300000000000004,0.24869542244371287,-0.08171679151291154
49.400000000000006,0.2746491891786361,-0.08388146064432414
49.400000000000006,0.303169336798077,-0.08250530596699876
49.5,0.2509810014184668,-0.0850621175497023
49.5,0.2512648306419447,-0.08438467037706796
49.6,0.2755494202943926,-0.08692371267569518
49.6,0.27593127993253724,-0.08624727971845984
49.7,0.25316068240533834,-0.0881800782451845
49.7,0.2534454548537029,-0.0875033491699193
49.800000000000004,0.274354912901435,-0.08999336296399518
49.800000000000004,0.2747237915074092,-0.08931631531679728
49.900000000000006,0.25506373844488384,-0.09149324445773609
49.900000000000006,0.27635535169421976,-0.09038163688446312
50.0,0.25580928199453695,-0.09383182402078899
50.0,0.2560931611129158,-0.09315233800004856
50.1,0.26994907178592065,-0.09596969334500628
50.1,0.29663366238237326,-0.09889198981505004
50.2,0.2573007627461215,-0.09802494578036205
50.2,0.2575826999692996,-0.0973408212848712
50.300000000000004,0.2652993457419718,-0.10052583234685251
50.300000000000004,0.2656096636990355,-0.09985110089970836
50.400000000000006,0.2583191592475599,-0.10281339780308398
50.400000000000006,0.2585941587205598,-0.1021636278776756
50.5,0.25938149243341,-0.10541823521345976
50.5,0.2847699385613012,-0.10271076736954353
50.6,0.2590720418817102,-0.10828967709356044
50.6,0.259342650671385,-0.1076329067930586
50.7,0.259271921772392,-0.11144574800406275
50.7,0.2595398800748823,-0.11078435346837016
50.800000000000004,0.2594240901169723,-0.1145588076467834
50.800000000000004,0.27198251560230446,-0.11078468238910033
50.900000000000006,0.25954561372277307,-0.11796284701505708
50.900000000000006,0.25980764023336417,-0.11729036458511424
51.0,0.2595470923639561,-0.12153073099978008
51.0,0.2598057540860075,-0.1208514276985144
51.1,0.25948842682602835,-0.12519628440961467
51.1,0.25974351704554466,-0.12450944976405251
51.2,0.2593653128848161,-0.12889090198930458
51.2,0.2596166074379689,-0.12819558086039884
51.300000000000004,0.25917361261106436,-0.1325762716775942
51.300000000000004,0.2584415424761811,-0.1381143500590764
51.400000000000006,0.25890450533892817,-0.1362050611286783
51.400000000000006,0.2591474693055973,-0.13548910323325622
51.5,0.25573967861699853,-0.13986080578821997
51.5,0.2559664121723731,-0.13913231413669996
51.6,0.2523558505087457,-0.14376345795290807
51.6,0.2525656460672673,-0.14302092976210606
51.7,0.24884175417084428,-0.14774103587947726
51.7,0.24903427804402561,-0.1469828167096459
51.800000000000004,0.24511147382452386,-0.1517890733897432
51.800000000000004,0.24528604051300168,-0.15101329888314355
51.900000000000006,0.24090086618641587,-0.1555458028806568
51.900000000000006,0.24105570626551726,-0.15475036810715384
52.0,0.23678109174814047,-0.15931721388345693
52.0,0.2369168174303977,-0.15849978522248834
52.1,0.23219777402283687,-0.16317875573387391
52.1,0.2323126986141808,-0.1623367336914256
52.2,0.2277989428412787,-0.16720456134036443
52.2,0.2278940773986664,-0.1663349899753483
52.300000000000004,0.22284624350531168,-0.17135223926759718
52.300000000000004,0.22291953451237617,-0.17045176135481835
52.400000000000006,0.21820821863463585,-0.17570352380331986
52.400000000000006,0.19210057159480626,-0.16400827927113742
52.5,0.24393833641393461,-0.1832147056393086
52.5,0.24409725531448984,-0.18224297020900287
52.6,0.17182726967618675,-0.18133088579258994
52.6,0.171686013574438,-0.18031650816723147
52.7,0.24272600796972266,-0.19360553562417862
52.7,0.24287918978595557,-0.1925363303794863
52.800000000000004,0.15019637024123036,-0.19003955195658004
52.800000000000004,0.14996489662954776,-0.18891900037237633
52.900000000000006,0.2408035672479117,-0.205713631667874
52.900000000000006,0.24094818900110906,-0.2045405792424385
53.0,0.12822045560204198,-0.20055943791209072
53.0,0.12789731893318063,-0.19933012590789967
53.1,0.236134244574555,-0.21976275345209664
53.1,0.2362596136164858,-0.21846440640927173
53.2,0.10851319878495311,-0.21373976691826105
53.2,0.10810879024729372,-0.21236842599650085
53.300000000000004,0.23094819264128935,-0.23731112441492105
53.300000000000004,0.22297806115830845,-0.21261099203825806
53.400000000000006,0.09919095448124127,-0.23403129262535516
53.400000000000006,0.09874934190023267,-0.23247295565571743
53.5,0.21988745668361676,-0.2618365090059227
53.5,0.21994832993649666,-0.26015657947366205
53.6,0.0748920767668986,-0.2567906763176285
53.6,0.07435193537231774,-0.254976473300187
53.7,0.22005322744450734,-0.29346954824172367
53.7,0.22011762959306058,-0.29147697861584626
53.800000000000004,0.04778267866765257,-0.29348022910156213
53.800000000000004,0.02005385572575799,-0.28402274495715346
53.900000000000006,0.23787964988514423,-0.3465872125410682
53.900000000000006,0.23802200133487822,-0.3441515004282372
54.0,0.0,-0.36352647462363286
54.0,0.0,-0.36083987380687066
54.1,0.23528129431302042,-0.4638554969619848
54.1,0.2354175031533952,-0.460849452095862
54.2,0.0,-0.5431302085510772
54.2,0.0,-0.5399652272453127
54.300000000000004,0.2106642259010583,-0.8535066814699661
54.300000000000004,0.21070386119376272,-0.8515877780262402
54.400000000000006,0.0,-1.2
54.400000000000006,0.0,-1.2
54.5,0.2010954817170245,-1.2
54.5,0.20113862072046237,-1.2
54.6,0.0,-1.2
54.6,0.0,-1.2
54.7,0.19964468531197557,-1.2
54.7,0.19969283634810372,-1.2
54.800000000000004,0.0,-1.2
54.800000000000004,0.0,-1.2
54.900000000000006,0.20123226665246685,-1.2
54.900000000000006,0.2012979871035248,-1.2
55.0,0.0,-1.2
55.0,0.0,-1.2
55.1,0.20387974530565003,-1.2
55.1,0.20396594176325503,-1.2
55.2,0.0,-1.2
55.2,0.0,-1.2
55.300000000000004,0.21544239480623023,-1.2
55.300000000000004,0.21558590872411043,-1.2
55.400000000000006,0.0,-1.2
55.400000000000006,0.0,-1.2
55.5,0.22905640552006473,-1.2
55.5,0.2292678384318073,-1.2
55.6,0.0,-1.2
55.6,0.0,-1.2
55.7,0.2471763822944878,-1.2
55.7,0.2474684633407611,-1.2
55.800000000000004,0.0,-1.2
55.800000000000004,0.0,-1.2
55.900000000000006,0.25849682333396057,-1.2
55.900000000000006,0.26995552894467145,-1.2
56.0,0.0,-1.2
56.0,0.0,-1.2
56.1,0.2855146106910269,-1.2
56.1,0.2961651160414923,-1.2
56.2,0.0,-1.2
56.2,0.0,-1.2
56.300000000000004,0.3249010121259979,-1.2
56.300000000000004,0.32837477313162505,-1.2
56.400000000000006,0.0,-1.2
56.400000000000006,0.0,-1.2
56.5,0.3582804773260026,-1.2
56.5,0.36700042800372706,-1.2
56.6,0.0,-1.2
56.6,0.0,-1.2
56.7,0.39203881198862667,-1.2
56.7,0.4067552637570996,-1.2
56.800000000000004,0.0,-1.2
56.800000000000004,0.0,-1.2
56.900000000000006,0.42542983954344094,-1.2
56.900000000000006,0.44136773529719675,-1.2
57.0,0.0,-1.2
57.0,0.0,-1.2
57.1,0.4580442553358574,-1.2
57.1,0.4592482144280461,-1.2
57.2,0.0,-1.140127086042884
57.2,0.0,-1.1410964329017843
57.300000000000004,0.48353216939195437,-0.9953659437548635
57.300000000000004,0.48485180301691555,-0.9963322220015979
57.400000000000006,0.0,-0.8385922074669729
57.400000000000006,0.0,-0.8395065749336976
57.50000000000001,0.5055661763016006,-0.745134886922539
57.50000000000001,0.5069831783936204,-0.7460482416190184
57.6,0.0,-0.6305690220811795
57.6,0.0,-0.6314337384330431
57.7,0.5144720206733358,-0.5629245008921002
57.7,0.5159278464904239,-0.5637891796120605
57.800000000000004,0.0,-0.46947308500325374
57.800000000000004,0.0,-0.4702934159857534
57.900000000000006,0.5133087115775719,-0.4192941066880311
57.900000000000006,0.5147589951448819,-0.42011313157404767
58.00000000000001,0.0,-0.34540572296819444
58.00000000000001,0.0,-0.3461845148687702
58.1,0.5065506599314054,-0.3022736391758547
58.1,0.5079705296196191,-0.30304896325940417
58.2,0.0,-0.25269920696297604
58.2,0.0,-0.2534377526056455
58.300000000000004,0.5104629965897465,-0.2217427045237435
58.300000000000004,0.5118955095852183,-0.222475423424787
58.400000000000006,0.0,-0.1744207307675017
58.400000000000006,0.0,-0.17511935906130088
58.50000000000001,0.5020154213544531,-0.14666242113223305
58.50000000000001,0.503408587981006,-0.14735443568334108
58.6,0.0,-0.11608241123243188
58.6,0.0,-0.09566684636898093
58.7,0.5021221025155397,-0.10136767865922461
58.7,0.5035114445028637,-0.10201866913920371
58.800000000000004,0.0,-0.07847584706405944
58.800000000000004,0.0,-0.07909626605963133
58.900000000000006,0.5001352662070249,-0.06341549754326042
58.900000000000006,0.5380648331294604,-0.045069277290222386
59.00000000000001,0.0,-0.05515491728826779
59.00000000000001,0.0,-0.055737379013922915
59.1,0.5011402251035145,-0.04370397826099849
59.1,0.502514951417395,-0.044277832779521784
59.2,0.0,-0.03559112968508183
59.2,0.0,-0.036136537159024394
59.300000000000004,0.4989807308206728,-0.0288959320609872
59.300000000000004,0.5003409769672079,-0.02942900380250542
59.400000000000006,0.0,-0.024839928801676105
59.400000000000006,0.0,-0.02534525908593735
59.50000000000001,0.4995100211552479,-0.02246988303290048
59.50000000000001,0.5008668850176382,-0.02296146901097097
59.6,0.0,-0.02103200897149676
59.6,0.0,-0.021496190794067203
59.7,0.49781371090229276,-0.02109643939701616
59.7,0.49915799678253464,-0.02154562078824714
59.800000000000004,0.0,-0.022844285992761223
59.800000000000004,0.0,-0.023266200947367668
59.900000000000006,0.49547372462455697,-0.02436988122334964
59.900000000000006,0.4968028397761316,-0.024775376526901267
60.00000000000001,0.0,-0.027936873984606227
60.00000000000001,0.0,-0.028315037984375267
60.1,0.4925870255918621,-0.030922986930778745
60.1,0.4938989411670646,-0.03128322290632102
60.2,0.0,-0.03585394679449527
60.2,0.0,-0.036186635675838213
60.300000000000004,0.4898826128448929,-0.04005263588095635
60.300000000000004,0.4911789069702238,-0.040365798438260825
60.400000000000006,0.0,-0.046058047135064076
60.400000000000006,0.0,-0.03279534731130622
60.50000000000001,0.4864573017541668,-0.0547195158400363
60.50000000000001,0.5205631937082512,-0.04410578813982613
60.6,0.0,-0.06261147053918673
60.6,0.0,-0.04988562359723682
60.7,0.48203661447255464,-0.07092557090167623
60.7,0.4832941569541918,-0.07114005781318115
60.800000000000004,0.0,-0.07689871154957204
60.800000000000004,0.0,-0.07708419405440334
60.900000000000006,0.47982149702028404,-0.08811146131947098
60.900000000000006,0.5114279067227936,-0.07203830506327959
61.00000000000001,0.0,-0.09669617147843092
61.00000000000001,0.0,-0.08328187709857462
61.1,0.47538539859159074,-0.11232787524072205
61.1,0.4766091773538915,-0.11243311194029429
61.2,0.0,-0.11735609864242005
61.2,0.0,-0.10067421970395365
61.300000000000004,0.47199868798470496,-0.13917221845647815
61.300000000000004,0.47320547747524755,-0.13921933795914265
61.400000000000006,0.0,-0.1460451422560038
61.400000000000006,0.0,-0.14606121805652655
61.50000000000001,0.4687153194912991,-0.1646548237594085
61.50000000000001,0.46990524144931417,-0.1646424024685562
61.6,0.0,-0.17370530573411316
61.6,0.0,-0.15165985901670448
61.7,0.4645437342239342,-0.19793854259383342
61.7,0.46571382305211095,-0.1978649179969647
61.800000000000004,0.0,-0.20448083957957694
61.800000000000004,0.0,-0.20437530246257898
61.900000000000006,0.46207465400301706,-0.22784768040737507
61.900000000000006,0.46323166448861064,-0.22771258833903524
62.00000000000001,0.0,-0.2355133521623617
62.00000000000001,0.0,-0.23534602111504743
62.1,0.4570017477983765,-0.25561557205299024
62.1,0.45813512164459147,-0.2554189696640858
62.2,0.0,-0.26220473912355385
62.2,0.0,-0.2619763825199261
62.300000000000004,0.45424034714263717,-0.2807694471686048
62.300000000000004,0.4553597215495494,-0.2805124564624572
62.400000000000006,0.0,-0.28912877750489263
62.400000000000006,0.0,-0.2888410608348486
62.50000000000001,0.4490089296970124,-0.30773641552009484
62.50000000000001,0.45010421758551045,-0.3074207959193117
62.6,0.0,-0.31120699226018833
62.6,0.0,-0.2808840301747035
62.7,0.44598463416424416,-0.33740281220322915
62.7,0.44706538206129154,-0.33703121466214053
62.800000000000004,0.0,-0.33685242593840287
62.800000000000004,0.0,-0.3364536810160436
62.900000000000006,0.4439098637421409,-0.35327556833103096
62.900000000000006,0.4449796370878182,-0.3528516687192279
63.00000000000001,0.0,-0.35506228689431346
63.00000000000001,0.0,-0.3546135674127654
63.1,0.44291440489762524,-0.3698086677952812
63.1,0.443977641238042,-0.36933669579865613
63.2,0.0,-0.36971383921040346
63.2,0.0,-0.3692197635493756
63.300000000000004,0.44306160342887013,-0.38350931737250554
63.300000000000004,0.44412295967485627,-0.3829942371238085
63.400000000000006,0.0,-0.38206544440577334
63.400000000000006,0.0,-0.3815312095206981
63.50000000000001,0.44437323336855805,-0.3946627333121322
63.50000000000001,0.44543743739795955,-0.3941099682177699
63.6,0.0,-0.3919406173625067
63.6,0.0,-0.39137176529732176
63.7,0.4468375601581713,-0.4033104842275014
63.7,0.44790926479366705,-0.4027256925262434
63.800000000000004,0.0,-0.39937180315510523
63.800000000000004,0.0,-0.39877399894055354
63.900000000000006,0.44955824216688384,-0.4100898529654145
63.900000000000006,0.45063837119139083,-0.40947869447872554
64.0,0.0,-0.40473180352260446
64.0,0.0,-0.40411061171233753
64.10000000000001,0.4549645629397884,-0.413596516232976
64.10000000000001,0.4560640660671864,-0.41296446601084735
64.2,0.0,-0.407435231284213
64.2,0.0,-0.4067959286606602
64.3,0.46043097686422163,-0.41516761459867707
64.3,0.46154993994755983,-0.41451971969024587
64.4,0.0,-0.4080353554401044
64.4,0.0,-0.40738278976795894
64.5,0.4666606318367784,-0.4143923459620705
64.5,0.46780203746691973,-0.4137334724913924
64.60000000000001,0.0,-0.40623307279142307
64.60000000000001,0.0,-0.40557187930973004
64.7,0.4735604558178854,-0.4107089014915065
64.7,0.4747268956732021,-0.41004383470674166
64.8,0.0,-0.39647207736793255
64.8,0.0,-0.3958066463337714
64.9,0.4781206444182887,-0.40154809378452583
64.9,0.47930211958094787,-0.40088142263177406
65.0,0.0,-0.3842893975641486
65.0,0.0,-0.3836234618065386
65.10000000000001,0.48398168406711634,-0.3858587208520048
65.10000000000001,0.48518325769339576,-0.3851923784692101
65.2,0.0,-0.3716658977447298
65.2,0.0,-0.3709996831818896
65.3,0.48956653432712605,-0.37191127970886717
65.3,0.49078687422002115,-0.37124516403150293
65.4,0.0,-0.3549861230266261
65.4,0.0,-0.35432169328196944
65.5,0.49841428583564884,-0.35721295816243853
65.5,0.4996666106946851,-0.35654984233354975
65.60000000000001,0.0,-0.33312298534284757
65.60000000000001,0.0,-0.33246254706063527
65.7,0.5015788662624157,-0.33315682919329276
65.7,0.5028393262914417,-0.33249806998831655
65.8,0.0,-0.31292623259240004
65.8,0.0,-0.3122691250904939
65.9,0.5068061684309875,-0.3105957071697182
65.9,0.5080831771320496,-0.30993969520791914
66.0,0.0,-0.29416342333059237
66.0,0.0,-0.29350896463064546
66.10000000000001,0.5127422966456276,-0.2924030093203642
66.10000000000001,0.5140386319529067,-0.2917486009673633
66.2,0.0,-0.27868373056436135
66.2,0.0,-0.2780314257727863
66.3,0.517529352800052,-0.2774804682692786
66.3,0.518840281600939,-0.27682707698910203
66.4,0.0,-0.26482122608439174
66.4,0.0,-0.26417032132142154
66.5,0.5211823163750082,-0.26446088349698804
66.5,0.5225031093870922,-0.2638077369129698
66.60000000000001,0.0,-0.2531844784288122
66.60000000000001,0.0,-0.2525340211350021
66.7,0.5225765511165086,-0.2537997370935798
66.7,0.5238979138540424,-0.25314576017803164
66.8,0.0,-0.2434243502612095
66.8,0.0,-0.24277309784038076
66.9,0.5246053860077233,-0.24379667232912405
66.9,0.5256502269139214,-0.26554339246011627
67.0,0.0,-0.22893004315550544
67.0,0.0,-0.2282765968159914
67.10000000000001,0.5234918898461985,-0.23306274366618285
67.10000000000001,0.5593399508237964,-0.21686375471224104
67.2,0.0,-0.2291156821444842
67.2,0.0,-0.22845786864140877
67.3,0.5217227157063713,-0.22921904201356527
67.3,0.5230265447468736,-0.22855215983264257
67.4,0.0,-0.22196552587564075
67.4,0.0,-0.221300860758303
67.5,0.5183824070450186,-0.22275301963498761
67.5,0.5540272199714092,-0.20743245221492077
67.60000000000001,0.0,-0.2198617355186523
67.60000000000001,0.0,-0.21918880353103481
67.7,0.5126706046924819,-0.2201178538215171
67.7,0.5139290267558623,-0.21943228706021214
67.8,0.0,-0.21369100160022236
67.8,0.0,-0.21300666484455533
67.9,0.5055992853511391,-0.21500249895247006
67.9,0.5068244353613122,-0.21430490813623496
68.0,0.0,-0.20869413110690357
68.0,0.0,-0.201529828551628
68.10000000000001,0.49828560193874,-0.21168211775535478
68.10000000000001,0.4994773785491581,-0.2109693258472651
68.2,0.0,-0.20535598312181652
68.2,0.0,-0.21734500027729592
68.3,0.4886254689311469,-0.20375784808397487
68.3,0.523525921048263,-0.18958639690431364
68.4,0.0,-0.20442939044616742
68.4,0.0,-0.2036953015649657
68.5,0.482371317280081,-0.20539312672281695
68.5,0.48349254911805756,-0.20463518842518563
68.60000000000001,0.0,-0.20121260807879
68.60000000000001,0.0,-0.19461890114957126
68.7,0.4641860864650868,-0.20524713136920847
68.7,0.4652302748427187,-0.2044605204597601
68.80000000000001,0.0,-0.20100782477043994
68.80000000000001,0.0,-0.20021689050597796
68.9,0.4501220682199386,-0.2039581462866971
68.9,0.45110614472281385,-0.2031369319630429
69.0,0.0,-0.20135558109425397
69.0,0.0,-0.19462922026868898
69.10000000000001,0.4345483688432804,-0.20660844451170832
69.10000000000001,0.435467195380241,-0.20574487899633265
69.2,0.0,-0.20411532965597773
69.2,0.0,-0.20324324821887857
69.30000000000001,0.4178528571890917,-0.20893684971528811
69.30000000000001,0.41870152369410163,-0.2080225148983718
69.4,0.0,-0.2092138494886136
69.4,0.0,-0.20828703066678939
69.5,0.400545839235863,-0.21772482440596594
69.5,0.40132269044215496,-0.2167463126593953
69.60000000000001,0.0,-0.2183678413244844
69.60000000000001,0.0,-0.21737146779116598
69.7,0.38298060234803666,-0.23408670253948088
69.7,0.3836852140511603,-0.23302714453384815
69.80000000000001,0.0,-0.23331857254523436
69.80000000000001,0.0,-0.232233242898308
69.9,0.36441167535114855,-0.26006173826834506
69.9,0.3650405624567156,-0.2589009900706182
70.0,0.0,-0.2624111891631473
70.0,0.0,-0.2612175727218933
70.10000000000001,0.34435124368934406,-0.3030717376256872
70.10000000000001,0.34489897938795444,-0.3018035134961974
70.2,0.0,-0.3197159620298328
70.2,0.0,-0.31841977326542936
70.30000000000001,0.3240491797129155,-0.38890942464348144
70.30000000000001,0.3245155704872763,-0.3876151481382227
70.4,0.0,-0.4287297771098507
70.4,0.0,-0.42749767467970956
70.5,0.30906047675334825,-0.587053770934396
70.5,0.30946821904199345,-0.5864018770390612
70.60000000000001,0.0,-0.7036678285807706
70.60000000000001,0.0,-0.703967656895005
70.7,0.2908530064658694,-1.2
70.7,0.2911891278093458,-1.2
70.80000000000001,0.0,-1.2
70.80000000000001,0.0,-1.2
70.9,0.28995625803261554,-1.2
70.9,0.29033381462137664,-1.2
71.0,0.0,-1.2
71.0,0.0,-1.2
71.10000000000001,0.2865918076270793,-1.2
71.10000000000001,0.2869638743293119,-1.2
71.2,0.0,-1.2
71.2,0.0,-1.2
71.30000000000001,0.27926638380690544,-1.2
71.30000000000001,0.2796161781280462,-1.2
71.4,0.0,-1.2
71.4,0.0,-1.2
71.5,0.2726240856141703,-1.2
71.5,0.27295428759716367,-1.2
71.60000000000001,0.0,-1.2
71.60000000000001,0.0,-1.2
71.7,0.28699716910231376,-1.2
71.7,0.28739460321944355,-1.2
71.80000000000001,0.0,-1.2
71.80000000000001,0.0,-1.2
71.9,0.2867393774034206,-1.2
71.9,0.2871438438909855,-1.2
72.0,0.0,-1.2
72.0,0.0,-1.2
72.10000000000001,0.28656298628762955,-1.2
72.10000000000001,0.28697347391172445,-1.2
72.2,0.0,-1.2
72.2,0.0,-1.2
72.30000000000001,0.3007274292542858,-1.2
72.30000000000001,0.30120232897838733,-1.2
72.4,0.0,-1.2
72.4,0.0,-1.2
72.5,0.34079238227429925,-1.2
72.5,0.34142210775191423,-1.2
72.60000000000001,0.0,-1.2
72.60000000000001,0.0,-1.2
72.7,0.36927626438801264,-1.2
72.7,0.37003725460277126,-1.2
72.80000000000001,0.0,-1.2
72.80000000000001,0.0,-1.2
72.9,0.38843514461676,-1.2
72.9,0.38928788115811047,-1.2
73.0,0.0,-1.2
73.0,0.0,-1.2
73.10000000000001,0.41899133969245617,-1.2
73.10000000000001,0.4199819955437947,-1.2
73.2,0.0,-1.1197013944150225
73.2,0.0,-1.1206555226756971
73.30000000000001,0.4550673513594009,-0.9735545088660676
73.30000000000001,0.4562167772192729,-0.9745128845097141
73.4,0.0,-0.8046113889797712
73.4,0.0,-0.805521707936125
73.5,0.4639699182152836,-0.7127420747256422
73.5,0.47635254766976365,-0.6089857618497763
73.60000000000001,0.0,-0.6159270425926853
73.60000000000001,0.0,-0.6168045389616286
73.7,0.4706272382590052,-0.5341521588374961
73.7,0.47185046179143597,-0.5350391958127395
73.80000000000001,0.0,-0.43797375655803633
73.80000000000001,0.0,-0.4388206338075406
73.9,0.4784234521050164,-0.378794369648752
73.9,0.4796794869958191,-0.37964674715661134
74.0,0.0,-0.3099641349948384
74.0,0.0,-0.31077988931976586
74.10000000000001,0.4889758412684716,-0.2672635355632149
74.10000000000001,0.49027424538340514,-0.2680828581666119
74.2,0.0,-0.21658024904741416
74.2,0.0,-0.21736683001700616
74.30000000000001,0.49387171579592515,-0.18598722511995788
74.30000000000001,0.4951879720042695,-0.18677693788825345
74.4,0.0,-0.14937209729448747
74.4,0.0,-0.15013289033515678
74.5,0.5101022633207539,-0.12491876101742427
74.5,0.5114825531535743,-0.1256815613491038
74.60000000000001,0.0,-0.09674119227625377
74.60000000000001,0.0,-0.09747759104728759
74.7,0.520143188359266,-0.07834723915219155
74.7,0.5215610322307455,-0.07908514840032238
74.80000000000001,0.0,-0.05609122661050056
74.80000000000001,0.0,-0.056805542476508986
74.9,0.5294474169192673,-0.04154855685151605
74.9,0.5308992970586257,-0.0422641965209002
75.0,0.0,-0.025212873852528864
75.0,0.0,-0.025907400246875927
75.10000000000001,0.5381377047501371,-0.012829559317367834
75.10000000000001,0.5396206827888278,-0.013520315003565497
75.2,0.0,-0.0008442339186677424
75.2,0.0,-0.001509119207088603
75.30000000000001,0.5459360149799583,0.00966565014569509
75.30000000000001,0.5474460609433736,0.009006792552026733
75.4,0.0,0.01891975682164946
75.4,0.0,0.03615433939116616
75.5,0.551965440418935,0.025912269076882953
75.5,0.5534954628023153,0.025279412255239976
75.60000000000001,0.0,0.032227277633953264
75.60000000000001,0.0,0.03161180791458734
75.7,0.5579767364630781,0.03956764131687168
75.7,0.5595260344029559,0.038955572404025036
75.80000000000001,0.0,0.043853228835514874
75.80000000000001,0.0,0.04325707388692564
75.9,0.5619960270207205,0.04980724168030123
75.9,0.5635562727428153,0.049213186886892135
76.0,0.0,0.05214575611245084
76.0,0.0,0.051565149020989534
76.10000000000001,0.5645636811705538,0.05685010843098071
76.10000000000001,0.5661288272490792,0.05627032736031435
76.2,0.0,0.057560651872142425
76.2,0.0,0.05699217926791419
76.30000000000001,0.5655918844625891,0.06108907661607634
76.30000000000001,0.5671555810266449,0.060520137634648814
76.4,0.0,0.06040768848660284
76.4,0.0,0.059848193145336376
76.5,0.5650091214940439,0.06280736055387014
76.5,0.5665647822205716,0.06224606792564506
76.60000000000001,0.0,0.060949342654442816
76.60000000000001,0.0,0.06039587613516881
76.7,0.5641583334530551,0.06234983152949387
76.7,0.5657049862628654,0.06179322116614549
76.80000000000001,0.0,0.059428639887693896
76.80000000000001,0.0,0.058878518048152896
76.9,0.5590749914830363,0.05958461511079735
76.9,0.5605953219326575,0.05902977363497246
77.0,0.0,0.05577375861595178
77.0,0.0,0.05522404264324717
77.10000000000001,0.5531092926276889,0.054853712001372505
77.10000000000001,0.5545999027223059,0.05429774825730294
77.2,0.0,0.05025200850510113
77.2,0.0,0.04970011853480309
77.30000000000001,0.5459022002082052,0.048178333092217245
77.30000000000001,0.5473582604876649,0.04761851736356405
77.4,0.0,0.042919154711946114
77.4,0.0,0.04236252014626215
77.5,0.5367448416688843,0.03963528643088366
77.5,0.5381585113256518,0.039069025340677146
77.60000000000001,0.0,0.03370103611338186
77.60000000000001,0.0,0.03313705541190577
77.7,0.5254802685306013,0.029298547557667903
77.7,0.5268433882498844,0.028722809958013244
77.80000000000001,0.0,0.022748842384673628
77.80000000000001,0.0,0.022174645180889827
77.9,0.5126671277206434,0.01722009955413534
77.9,0.513973762632678,0.016631936701911227
78.0,0.0,0.009969644404204295
78.0,0.0,0.009382321006698759
78.10000000000001,0.49802558635350447,0.004174436128565852
78.10000000000001,0.4992686983761195,0.003570681009085623
78.2,0.0,-0.003849726323044203
78.2,0.0,-0.00445331062081097
78.30000000000001,0.4816028151244057,-0.010250965952423533
78.30000000000001,0.48277560853144097,-0.010873798897746912
78.4,0.0,-0.018975513256352095
78.4,0.0,-0.019598924145994404
78.5,0.4634889596749462,-0.027205042878324297
78.5,0.4880046157579616,-0.022938604761260833
78.60000000000001,0.0,-0.037772204460467196
78.60000000000001,0.0,-0.035543144899641915
78.7,0.443144029505815,-0.04804690204978929
78.7,0.4441559495810825,-0.0487241674228639
78.80000000000001,0.0,-0.05792843185291945
78.80000000000001,0.0,-0.058608363369938375
78.9,0.42222930073085996,-0.07067274104986884
78.9,0.4231543107725031,-0.07138313423805795
79.0,0.0,-0.08087559522228412
79.0,0.0,-0.08158917593905853
79.10000000000001,0.3989594288706486,-0.09638105517754919
79.10000000000001,0.39978826426239045,-0.09712830300756903
79.2,0.0,-0.10803950027350387
79.2,0.0,-0.10879128718933026
79.30000000000001,0.37526424717707824,-0.12690287498224115
79.30000000000001,0.37599594803411573,-0.12769281909777333
79.4,0.0,-0.1407091033866567
79.4,0.0,-0.1415051601764896
79.5,0.358678760611937,-0.1630633136500734
79.5,0.35934359199615223,-0.16390228855004846
79.60000000000001,0.0,-0.1818306578570978
79.60000000000001,0.0,-0.18267724997172083
79.7,0.3224330827518581,-0.21257101928896183
79.7,0.3229510358234409,-0.21347257969252115
79.80000000000001,0.0,-0.23671259416648785
79.80000000000001,0.0,-0.2376252419723114
79.9,0.3014632650263764,-0.28145946389973786
79.9,0.3171276807348457,-0.31496947985295387
80.0,0.0,-0.303863079139033
80.0,0.0,-0.3048498208924941
80.10000000000001,0.2750940850232705,-0.37446836686546103
80.10000000000001,0.27542553722320845,-0.3753158526477374
80.2,0.0,-0.41590476073867383
80.2,0.0,-0.4167287878589516
80.30000000000001,0.2593146256311232,-0.5048605676845757
80.30000000000001,0.2595868248749804,-0.5057102981484766
80.4,0.0,-0.5630514357771291
80.4,0.0,-0.5638474628903013
80.5,0.22659833744543564,-0.6926088223148253
80.5,0.2267420330166293,-0.6934017648455129
80.60000000000001,0.0,-0.7870631237351716
80.60000000000001,0.0,-0.7877551075020749
80.7,0.19702241535839418,-0.9662038358643674
80.7,0.1970524663450451,-0.966847977186206
80.80000000000001,0.0,-1.0743162682897405
80.80000000000001,0.0,-1.0748025102475027
80.9,0.17860407748568838,-1.2
80.9,0.17856743983645895,-1.2
81.0,0.0,-1.2
81.0,0.0,-1.2
81.10000000000001,0.15102519603643794,-1.2
81.10000000000001,0.15088538905894197,-1.2
81.2,0.0,-1.2
81.2,0.0,-1.2
81.30000000000001,0.1441368237161977,-1.2
81.30000000000001,0.14390444979031744,-1.2
81.4,0.0,-1.2
81.4,0.0,-1.2
81.5,0.15048448923901236,-1.2
81.5,0.15036316198376612,-1.2
81.60000000000001,0.0,-1.2
81.60000000000001,0.0,-1.2
81.7,0.16174730176086738,-1.2
81.7,0.16236239594984375,-1.2
81.80000000000001,0.0,-1.2
81.80000000000001,0.0,-1.2
81.9,0.19777350880645664,-1.2
81.9,0.19786606778382346,-1.2
82.0,0.0,-1.2
82.0,0.0,-1.2
82.10000000000001,0.23471233296602903,-1.2
82.10000000000001,0.2361357915288706,-1.2
82.2,0.0,-1.1338164441593823
82.2,0.0,-1.1345706050794613
82.30000000000001,0.25674759444820894,-1.0241641417271758
82.30000000000001,0.2570968957859687,-1.0249792294873137
82.4,0.0,-0.8896307765134134
82.4,0.0,-0.8904126336185866
82.5,0.29503798954310645,-0.8071976744013263
82.5,0.29555051095264256,-0.808016764611022
82.60000000000001,0.0,-0.6968055067627972
82.60000000000001,0.0,-0.6975763803020092
82.7,0.33430925666447686,-0.6331095267647613
82.7,0.3364222890474316,-0.6231585276709757
82.80000000000001,0.0,-0.543926243690737
82.80000000000001,0.0,-0.5446704931663113
82.9,0.3674078439566357,-0.4916950256627801
82.9,0.3682240104456157,-0.4924537501755324
83.0,0.0,-0.4217742391605841
83.0,0.0,-0.42248184888165585
83.10000000000001,0.3903972926973932,-0.3790692782142785
83.10000000000001,0.3926545631382785,-0.3689660447141986
83.2,0.0,-0.31911418543725034
83.2,0.0,-0.31978504634925603
83.30000000000001,0.4005720962164677,-0.2854620204813131
83.30000000000001,0.401523842463641,-0.2861401735384074
83.4,0.0,-0.23531414194298939
83.4,0.0,-0.22560084462803165
83.5,0.4262364012314034,-0.20200478044002407
83.5,0.42729173556212313,-0.20264040037992875
83.60000000000001,0.0,-0.16410962332621926
83.60000000000001,0.0,-0.16471113187657102
83.7,0.4471483602252187,-0.1364927629414729
83.7,0.44828678653274523,-0.1370906074641439
83.80000000000001,0.0,-0.11005951669776451
83.80000000000001,0.0,-0.11062947081591831
83.9,0.4659883715165537,-0.08821298991587884
83.9,0.4672006308837898,-0.08877869901085758
84.0,0.0,-0.0697658245496974
84.0,0.0,-0.0703083512441703
84.10000000000001,0.483744343890878,-0.0539033973539501
84.10000000000001,0.48502685832410886,-0.054432602342321154
84.2,0.0,-0.041378668214158414
84.2,0.0,-0.04188965764644366
84.30000000000001,0.49891462979614626,-0.026794907756749455
84.30000000000001,0.5002548738810954,-0.027298452345089423
84.4,0.0,-0.018030931509982525
84.4,0.0,-0.01851279669216905
84.5,0.5125040719133447,-0.005840467331480335
84.5,0.5138948691831688,-0.006311911573143602
84.60000000000001,0.0,-0.00034792726421054173
84.60000000000001,0.0,-0.0008022448678140102
84.7,0.524379443564899,0.010527360058495949
84.7,0.5258135202230066,0.01008143968197475
84.80000000000001,0.0,0.013965360973138784
84.80000000000001,0.0,0.013533196903191411
84.9,0.534665486621763,0.023803121221603954
84.9,0.5361359591042177,0.023378004669678605
85.0,0.0,0.02627240512121684
85.0,0.0,0.02585843488801575
85.10000000000001,0.5434296655665108,0.035240735018058966
85.10000000000001,0.5449298776654354,0.034832899870204714
85.2,0.0,0.03663617432830514
85.2,0.0,0.03636582071059242
85.30000000000001,0.5504123900161936,0.04502962942967959
85.30000000000001,0.5854773527952695,0.03759111319685961
85.4,0.0,0.04773550308294009
85.4,0.0,0.047985659856928875
85.5,0.555034253220213,0.0553261552093618
85.5,0.5903497627943721,0.06124800185235333
85.60000000000001,0.0,0.054067795911223716
85.60000000000001,0.0,0.053689178052322116
85.7,0.5574773877141297,0.06303216226314906
85.7,0.5590183834169233,0.06265597387387292
85.80000000000001,0.0,0.06301775104221537
85.80000000000001,0.0,0.06264580585371358
85.9,0.5604044739857716,0.07077622375446496
85.9,0.5619507507310126,0.07040742236392493
86.0,0.0,0.07098455928194872
86.0,0.0,0.07061877413615364
86.10000000000001,0.5609138191098753,0.07957692029703407
86.10000000000001,0.5963664664600359,0.069397866060422
86.2,0.0,0.08190338863600503
86.2,0.0,0.08098896284347423
86.30000000000001,0.5590204039452967,0.090210659861574
86.30000000000001,0.5945437150310516,0.07902222957069811
86.4,0.0,0.0925940083430621
86.4,0.0,0.09135414502478073
86.5,0.5555067969768572,0.10121074773474857
86.5,0.5570159444406388,0.10085568730611395
86.60000000000001,0.0,0.09949152268857263
86.60000000000001,0.0,0.09913644769584488
86.7,0.551415655274031,0.10937252920254838
86.7,0.5529014924825745,0.10901912053929085
86.80000000000001,0.0,0.1089196752099185
86.80000000000001,0.0,0.10533679146105014
86.9,0.545639934388261,0.11996952851789704
86.9,0.5813443166347676,0.10672287123738583
87.0,0.0,0.12306594896193455
87.0,0.0,0.12271329940329738
87.10000000000001,0.5378101631677928,0.133340886351653
87.10000000000001,0.5392294497119339,0.13299103675409804
87.2,0.0,0.13354171468396808
87.2,0.0,0.13319010564852435
87.30000000000001,0.5339403339157498,0.14408572666110128
87.30000000000001,0.5353381838867312,0.14373655003318314
87.4,0.0,0.1452688145820391
87.4,0.0,0.14041131499093712
87.5,0.519653036099397,0.15929561374273932
87.5,0.5209873425150462,0.15894760671537017
87.60000000000001,0.0,0.15850974973234405
87.60000000000001,0.0,0.1581598999993603
87.7,0.5428127202325856,0.18923254131292921
87.7,0.544239649055392,0.1888923330346236
87.80000000000001,0.0,0.20694012896765587
87.80000000000001,0.0,0.20130640333203934
87.9,0.5305198903639897,0.1989422151091211
87.9,0.5318919584446008,0.19860574657670851
88.0,0.0,0.2257946117897826
88.0,0.0,0.2201988618864885
88.10000000000001,0.483775507480544,0.19879063100680114
88.10000000000001,0.48494912946134816,0.19845481948188823
88.2,0.0,0.2075217525953236
88.2,0.0,0.20718619894592613
88.30000000000001,0.47036418936074237,0.22861214630058674
88.30000000000001,0.4714789271527179,0.22829174818662
88.4,0.0,0.23428617903965515
88.4,0.0,0.23397094004578906
88.5,0.4570747789072078,0.25749263415770307
88.5,0.4581316094663286,0.257198660027264
88.60000000000001,0.0,0.2642597266077984
88.60000000000001,0.0,0.25419618291938983
88.7,0.443135343609951,0.2928479565936356
88.7,0.47837752598882505,0.26573604064751055
88.80000000000001,0.0,0.30789952133955345
88.80000000000001,0.0,0.30091302780047974
88.9,0.43453586647613296,0.34854125660690843
88.9,0.4634141129465778,0.30938985379873074
89.0,0.0,0.35881008382056523
89.0,0.0,0.3510499731600755
89.10000000000001,0.4206404024461833,0.40517807459184196
89.10000000000001,0.4486515546488525,0.35948095460424967
89.2,0.0,0.42563886866672124
89.2,0.0,0.41597740205754746
89.30000000000001,0.4099694526268194,0.4799514203781194
89.30000000000001,0.43438224810996096,0.4236972085210677
89.4,0.0,0.5024361489348584
89.4,0.0,0.4914050420658182
89.5,0.4058410463276791,0.570727640576687
89.5,0.4066845177469021,0.5710181602690418
89.60000000000001,0.0,0.575257308815415
89.60000000000001,0.0,0.5756138587529801
89.7,0.40279411251227437,0.6530417155776891
89.7,0.4036249580555318,0.6536269829492878
89.80000000000001,0.0,0.6549933577569498
89.80000000000001,0.0,0.6556603869504325
89.9,0.38879344455460196,0.7381814237123352
89.9,0.38956694096491096,0.7391402054144978
90.0,0.0,0.735493292911851
90.0,0.0,0.7365433784687629
90.10000000000001,0.385880461124104,0.8133428749524388
90.10000000000001,0.38664285549137534,0.8147186994760052
90.2,0.0,0.8020580557199626
90.2,0.0,0.8035121880218601
90.30000000000001,0.3819581678007501,0.8732716258876464
90.30000000000001,0.382705702770425,0.875065443560188
90.4,0.0,0.8506641335818932
90.4,0.0,0.8525058318623975
90.5,0.38264141618228353,0.9103197720865411
90.5,0.38339357828406834,0.9124765530591538
90.60000000000001,0.0,0.8734638224929413
90.60000000000001,0.0,0.8756204704983183
90.7,0.3846274574123697,0.9221367372365719
90.7,0.3981761933658342,0.8069720000660501
90.80000000000001,0.0,0.9049920718209554
90.80000000000001,0.0,0.9073786948505653
90.9,0.3909085833980315,0.9268084162249294
90.9,0.39170000075124767,0.929437499879945
91.0,0.0,0.8775819360541239
91.0,0.0,0.8801190258137852
91.10000000000001,0.3983258939049232,0.868944758926263
91.10000000000001,0.39915277479399447,0.8715183405733852
91.2,0.0,0.8176375954238106
91.2,0.0,0.8200968474477178
91.30000000000001,0.4106173033710108,0.8267918334034925
91.30000000000001,0.4114984820230202,0.8293782762948492
91.4,0.0,0.7676298278985602
91.4,0.0,0.770081920757515
91.5,0.4194486707074112,0.7701801965827586
91.5,0.4203698265167708,0.772727602978966
91.60000000000001,0.0,0.7044851856180656
91.60000000000001,0.0,0.7068896373389484
91.7,0.43278324431106474,0.7054593212474798
91.7,0.43376262894345036,0.7079320842943652
91.80000000000001,0.0,0.6436936008833877
91.80000000000001,0.0,0.6460150892313882
91.9,0.4432956289175387,0.6451836448242578
91.9,0.4554756112972874,0.5545814189912637
92.0,0.0,0.6046956750996728
92.0,0.0,0.6069355798046668
92.10000000000001,0.45348865934869914,0.5979844310824645
92.10000000000001,0.45455845577448856,0.6002836024434276
92.2,0.0,0.5375889417989004
92.2,0.0,0.5397484442811725
92.30000000000001,0.4555868665891536,0.5730050194929687
92.30000000000001,0.47761916628436407,0.49689234128233695
92.4,0.0,0.4939076922205113
92.4,0.0,0.49598356224815116
92.5,0.46181818714884615,0.4848700979669943
92.5,0.4629256114300248,0.48699160198023017
92.60000000000001,0.0,0.4413070489461926
92.60000000000001,0.0,0.44330638468030054
92.7,0.4708139332800345,0.4357967709593198
92.7,0.47195915625729573,0.4378232370168922
92.80000000000001,0.0,0.39885905922992454
92.80000000000001,0.0,0.4007743478724695
92.9,0.47928119771917777,0.39442667607018445
92.9,0.48046134059698464,0.396366032013973
93.0,0.0,0.36327356070139144
93.0,0.0,0.3651124751503
93.10000000000001,0.4829494442822409,0.3592226019321513
93.10000000000001,0.48414419196221536,0.3610859202064507
93.2,0.0,0.3345040925569554
93.2,0.0,0.3362769879966881
93.30000000000001,0.49401835334274546,0.3320672373019913
93.30000000000001,0.49525786200896516,0.3338626599836797
93.4,0.0,0.3099819119551278
93.4,0.0,0.31169497164396676
93.5,0.500073978521292,0.3095590435628152
93.5,0.5013372348800726,0.3112971280296711
93.60000000000001,0.0,0.29087436286257745
93.60000000000001,0.0,0.29253757895640264
93.7,0.50514814916591,0.29157948382270055
93.7,0.5064308305492332,0.29326880386589765
93.80000000000001,0.0,0.2758435003932359
93.80000000000001,0.0,0.2774644763146236
93.9,0.509172127217772,0.2775913148024374
93.9,0.5104696943062238,0.2792396742459611
94.0,0.0,0.26437647716406154
94.0,0.0,0.2659622032011695
94.10000000000001,0.5120904265665336,0.2671083077961412
94.10000000000001,0.537973346519662,0.2247194507849573
94.2,0.0,0.2676642155713531
94.2,0.0,0.2431742752296068
94.30000000000001,0.5133717613211146,0.2730954485150101
94.30000000000001,0.5146837761811918,0.2747001546474899
94.4,0.0,0.2600737240946722
94.4,0.0,0.2616248561998195
94.5,0.5139090629356371,0.26322229327581315
94.5,0.5152213143897537,0.26480535574857633
94.60000000000001,0.0,0.2548431721294887
94.60000000000001,0.0,0.22538344516616504
94.7,0.5133278499179804,0.26634167770703765
94.7,0.514636208399069,0.2679078058631299
94.80000000000001,0.0,0.25260447173485745
94.80000000000001,0.0,0.22215839454586908
94.9,0.5099328515794809,0.26232913817830467
94.9,0.536313252228702,0.22471967883087535
95.0,0.0,0.2541294375148388
95.0,0.0,0.2556415444825276
95.10000000000001,0.5063963091912904,0.2608491803193414
95.10000000000001,0.5076734955722317,0.2624097812574683
95.2,0.0,0.24720360890269977
95.2,0.0,0.24871787791059657
95.30000000000001,0.49953374305448894,0.2539583348426224
95.30000000000001,0.5279094455736705,0.2157628084927581
95.4,0.0,0.25150970925787136
95.4,0.0,0.25302105951717196
95.5,0.49289442635988334,0.2574353985096545
95.5,0.49411376748046487,0.25899775874389613
95.60000000000001,0.0,0.25127655259166476
95.60000000000001,0.0,0.2527945067488224
95.7,0.48636457191544324,0.26012158170643446
95.7,0.4875559165419011,0.26167986658506287
95.80000000000001,0.0,0.2555346602732325
95.80000000000001,0.0,0.2570506708685835
95.9,0.479063355980486,0.26616002047021686
95.9,0.4802238384306906,0.26771684028535253
96.0,0.0,0.2615797973957113
96.0,0.0,0.26309548487306605
96.10000000000001,0.4711987254654016,0.2757832626354568
96.10000000000001,0.47232624311781,0.2771778702760134
96.2,0.0,0.26958954119305906
96.2,0.0,0.27094275627544423
96.30000000000001,0.46290718633634265,0.28716459831459973
96.30000000000001,0.4640002702812755,0.28855025507036935
96.4,0.0,0.2794348010166523
96.4,0.0,0.2807771889803111
96.5,0.4566292967411293,0.3029911968840455
96.5,0.4576965247317958,0.30436188938755465
96.60000000000001,0.0,0.2908489451882824
96.60000000000001,0.0,0.2704143054580081
96.7,0.44779459644376085,0.32508684790973696
96.7,0.47262061231464947,0.2821477008552175
96.80000000000001,0.0,0.3183427452275171
96.80000000000001,0.0,0.3013133795990033
96.9,0.4400865699222824,0.35155688217804726
96.9,0.4410882167111233,0.35288541874859525
97.0,0.0,0.34436099337675996
97.0,0.0,0.3456344357091626
97.10000000000001,0.43723551147046,0.3777228354599327
97.10000000000001,0.4567490317273926,0.32437078577490874
97.2,0.0,0.3864705091877882
97.2,0.0,0.38770710861925034
97.30000000000001,0.4311327324004297,0.4180298512421712
97.30000000000001,0.4467116716065842,0.3585682630574046
97.4,0.0,0.4219328990721089
97.4,0.0,0.42312769614886414
97.5,0.426169448756336,0.45498122071432606
97.5,0.4271187059180751,0.45619027875603985
97.60000000000001,0.0,0.44594503327121915
97.60000000000001,0.0,0.4470842229462947
97.7,0.4189394223706422,0.4823749899035027
97.7,0.4334399553235055,0.41582710190147876
97.80000000000001,0.0,0.4891710734786901
97.80000000000001,0.0,0.4625351716297712
97.9,0.4116077720396573,0.5214521157016224
97.9,0.41250200464306513,0.5225341013358078
98.0,0.0,0.504336451366207
98.0,0.0,0.468078450337002
98.10000000000001,0.40326350831100344,0.5387257924067799
98.10000000000001,0.4254854865554081,0.4736924003536237
98.2,0.0,0.5369455369990616
98.2,0.0,0.5065920185385221
98.30000000000001,0.39899632339032315,0.5576802438209822
98.30000000000001,0.3998444193318771,0.5586102913409912
98.4,0.0,0.5369339680337601
98.4,0.0,0.5377905864576674
98.5,0.39979824052607266,0.5501014814223001
98.5,0.4006519371433189,0.5509467804892685
98.60000000000001,0.0,0.531387584712345
98.60000000000001,0.0,0.5321628692578596
98.7,0.40287687234528996,0.5409235939166046
98.7,0.4037453440427622,0.5416864855216219
98.80000000000001,0.0,0.5202349764808079
98.80000000000001,0.0,0.47936963010989697
98.9,0.4080815560198606,0.5375153926157328
98.9,0.433532375977686,0.47545719621130456
99.0,0.0,0.5273674231064112
99.0,0.0,0.49371268166842586
99.10000000000001,0.43920360609864817,0.4706355060144776
99.10000000000001,0.44077153801531477,0.5255511287885468
99.2,0.0,0.5101906468362661
99.2,0.0,0.5107603252968339
99.30000000000001,0.423546906140157,0.5107003193114434
99.30000000000001,0.4486145380205008,0.4473965436833064
99.4,0.0,0.5017767148287918
99.4,0.0,0.46890555001071155
99.5,0.4336322455389883,0.5011676281784437
99.5,0.4583104321898578,0.4423868903268608
99.60000000000001,0.0,0.48631959802299846
99.60000000000001,0.0,0.4867932051169917
99.7,0.44509622487223327,0.47517438672302503
99.7,0.44614607113983884,0.4756481802971434
99.80000000000001,0.0,0.44802615877716556
99.80000000000001,0.0,0.44845892225770956
99.9,0.45832660584774676,0.44070966622697755
99.9,0.4819425565746489,0.3857136379665636
100.0,0.0,0.4211969352451188
100.0,0.0,0.3951260355424957
100.10000000000001,0.46845207288166485,0.41758292194028723
100.10000000000001,0.49445048604739433,0.36820565860274146
100.2,0.0,0.36971247595765416
100.2,0.0,0.404703453783308
100.30000000000001,0.47850789102452596,0.37841839060428484
100.30000000000001,0.4796954817205485,0.3787900237906586
100.4,0.0,0.3516917618270289
100.4,0.0,0.3223148031213682
100.5,0.4923959790968425,0.3491332051135451
100.5,0.5208792886027649,0.30884201883703327
100.60000000000001,0.0,0.3191579215048882
100.60000000000001,0.0,0.3194722224880596
100.7,0.502793857999406,0.3091707352517788
100.7,0.5340321697986559,0.2716384787694712
100.80000000000001,0.0,0.28657302460988315
100.80000000000001,0.0,0.2868687333193286
100.9,0.5107903690154701,0.26961420886544957
100.9,0.5467495919015848,0.238425002025927
101.0,0.0,0.2523319025536892
101.0,0.0,0.23810998166529423
101.10000000000001,0.5226467212585997,0.24120027855021703
101.10000000000001,0.5586898598297485,0.214893684464036
101.2,0.0,0.22438722846066755
101.2,0.0,0.22464958982809824
101.30000000000001,0.5339501773639759,0.21154866774943415
101.30000000000001,0.570012528441938,0.18705285770554628
101.4,0.0,0.1991818970325949
101.4,0.0,0.18684322237781334
101.5,0.5789688863105467,0.1699749750329404
101.5,0.581158013721321,0.19044143368500088
101.60000000000001,0.0,0.17349064190914937
101.60000000000001,0.0,0.19336990848355265
101.7,0.5539972214317204,0.16107309578275408
101.7,0.5554749565423681,0.16131298991643256
101.80000000000001,0.0,0.14995413249229264
101.80000000000001,0.0,0.15017966529172289
101.9,0.5630612332770826,0.14296680804555065
101.9,0.5988440410741692,0.12661849343596068
102.0,0.0,0.13670238590746528
102.0,0.0,0.13691683546693875
102.10000000000001,0.5701537857464161,0.129225831588059
102.10000000000001,0.6057934516859667,0.11437871222262319
102.2,0.0,0.12339278147909935
102.2,0.0,0.12359933071679963
102.30000000000001,0.5759804700608544,0.11750585837366923
102.30000000000001,0.5775342789831807,0.11771482884356815
102.4,0.0,0.10961575480393784
102.4,0.0,0.10981510346556422
102.5,0.5809562003558191,0.10475900863849859
102.5,0.5825247508844906,0.10495906289634262
102.60000000000001,0.0,0.09854860261534917
102.60000000000001,0.0,0.1036314715906439
102.7,0.5843931728538522,0.09301324688280338
102.7,0.5859706366744425,0.09320556871095786
102.80000000000001,0.0,0.08849762650587265
102.80000000000001,0.0,0.08868271880786391
102.9,0.5861799788389814,0.08414391960527307
102.9,0.5877589827708845,0.08432957754581055
103.0,0.0,0.08016734877296727
103.0,0.0,0.0803467975123536
103.10000000000001,0.5873911733356447,0.07690914945249183
103.10000000000001,0.6220154721242016,0.06834416278857036
103.2,0.0,0.0767738815163063
103.2,0.0,0.06870311244873187
103.30000000000001,0.5858062263637913,0.0744163479760277
103.30000000000001,0.6202043660890288,0.06692616140602559
103.4,0.0,0.07386017455894621
103.4,0.0,0.06572870420512752
103.5,0.5807952670931953,0.07251064729693477
103.5,0.6149405909080088,0.06568647858539722
103.60000000000001,0.0,0.07195686562017113
103.60000000000001,0.0,0.06377554253229994
103.7,0.5752543071653735,0.07087913669459156
103.7,0.5767702573363644,0.07105337761366079
103.80000000000001,0.0,0.06895304222309365
103.80000000000001,0.0,0.06912432874499058
103.9,0.5688214888597931,0.06663847919505582
103.9,0.5703058660316942,0.06681150987743499
104.0,0.0,0.0667545666522933
104.0,0.0,0.06692534644299424
104.10000000000001,0.5606283027391419,0.0646378825795321
104.10000000000001,0.5620741664695145,0.06481066912379914
104.2,0.0,0.06497116900580603
104.2,0.0,0.06514237600821476
104.30000000000001,0.5508919358403122,0.0638639004895206
104.30000000000001,0.5522931402895955,0.06403735382490597
104.4,0.0,0.06518957789144611
104.4,0.0,0.06536223705818173
104.5,0.5392325174096954,0.06444544213705558
104.5,0.5718660902380805,0.05869171376579618
104.60000000000001,0.0,0.06821357031958003
104.60000000000001,0.0,0.06838957929976698
104.7,0.5251090448612321,0.06727997903756736
104.7,0.5573878885254193,0.061445108932897334
104.80000000000001,0.0,0.07220018733252065
104.80000000000001,0.0,0.07238258008543183
104.9,0.5094481178782239,0.07202090990379498
104.9,0.5106697671901369,0.07220962375021478
105.0,0.0,0.07622202927375028
105.0,0.0,0.07641244694474841
105.10000000000001,0.49344635731700925,0.07900059910956518
105.10000000000001,0.4945994149424855,0.07919714929952675
105.2,0.0,0.08383200056837468
105.2,0.0,0.07413545198993186
105.30000000000001,0.47563458990314644,0.09210268699505834
105.30000000000001,0.5058464121318642,0.08441151841294504
105.4,0.0,0.09725658874556517
105.4,0.0,0.09746859964700286
105.5,0.45681204901949657,0.10999279943981952
105.5,0.45781248616783793,0.11021799900307305
105.60000000000001,0.0,0.11602028859506205
105.60000000000001,0.0,0.11625021466682511
105.7,0.43695413529784266,0.13561717362558934
105.7,0.4378723099930468,0.13586560742530338
105.80000000000001,0.0,0.14533961480621982
105.80000000000001,0.0,0.14559512768334326
105.9,0.41568090938252034,0.17110526698205902
105.9,0.4165117468005049,0.17139045346762333
106.0,0.0,0.1849799659245008
106.0,0.0,0.16761315936619137
106.10000000000001,0.39255265366289416,0.22277567584482222
106.10000000000001,0.4171328227165034,0.19175822114524602
106.2,0.0,0.24589675409901518
106.2,0.0,0.23224435646133815
106.30000000000001,0.36693318207610603,0.29134831842785014
106.30000000000001,0.39143179592911087,0.25281219360342927
106.4,0.0,0.3275384886495879
106.4,0.0,0.32804710529541425
106.5,0.34051051176741715,0.39346143740401784
106.5,0.36495338596564897,0.34341375084029696
106.60000000000001,0.0,0.4499507184196185
106.60000000000001,0.0,0.4499055594784874
106.7,0.3231946519484278,0.569127927537828
106.7,0.3379473507053064,0.4994950835319685
106.80000000000001,0.0,0.6631696689519089
106.80000000000001,0.0,0.685093975172759
106.9,0.31020421325229386,0.8851005533031789
106.9,0.3111773220161995,0.7760224599024743
107.0,0.0,1.0546978403579665
107.0,0.0,1.1289502955626642
107.10000000000001,0.28453400884101265,1.2
107.10000000000001,0.28484888279580667,1.2
107.2,0.0,1.2
107.2,0.0,1.2
107.30000000000001,0.26155322491734967,1.2
107.30000000000001,0.26178167541478514,1.2
107.4,0.0,1.2
107.4,0.0,1.2
107.5,0.24368640181631732,1.2
107.5,0.24386813475869987,1.2
107.60000000000001,0.0,1.2
107.60000000000001,0.0,1.2
107.7,0.23743958568705748,1.2
107.7,0.23760834506539016,1.2
107.80000000000001,0.0,1.2
107.80000000000001,0.0,1.2
107.9,0.2306758368947847,1.2
107.9,0.2308881960724222,1.2
108.0,0.0,1.2
108.0,0.0,1.2
108.10000000000001,0.22582696990199275,1.2
108.10000000000001,0.23802996695736678,1.2
108.2,0.0,1.2
108.2,0.0,1.2
108.30000000000001,0.2528380311382249,1.2
108.30000000000001,0.2545431583381155,1.2
108.4,0.0,1.2
108.4,0.0,1.2
108.5,0.2770913301257053,1.2
108.5,0.2790876402202467,1.2
108.60000000000001,0.0,1.2
108.60000000000001,0.0,1.2
108.7,0.30756920090990814,1.2
108.7,0.3098483398897045,1.2
108.80000000000001,0.0,1.2
108.80000000000001,0.0,1.2
108.9,0.3309553853818915,1.2
108.9,0.3442782681612946,1.2
109.0,0.0,1.2
109.0,0.0,1.1512351639095524
109.10000000000001,0.3671241668652581,1.0841626500786743
109.10000000000001,0.3794296495743842,0.953452523930702
109.2,0.0,0.9383053065071248
109.2,0.0,0.9392640890802127
109.30000000000001,0.4081379415325369,0.8203173723674498
109.30000000000001,0.40907557016622775,0.8212983372206919
109.4,0.0,0.6800384849314259
109.4,0.0,0.6223196781885387
109.5,0.42515614736654267,0.6218569979459416
109.5,0.43671402227488443,0.5396833971754394
109.60000000000001,0.0,0.5272988020914439
109.60000000000001,0.0,0.4860296970007373
109.7,0.44495135749887016,0.4713328965955605
109.7,0.44604645321510866,0.47224279933733776
109.80000000000001,0.0,0.3763349608514782
109.80000000000001,0.0,0.3397753604729965
109.9,0.451803049356278,0.33787201237777054
109.9,0.47848338476378405,0.29149531010769597
110.0,0.0,0.2805484823907155
110.0,0.0,0.25546317889761794
110.10000000000001,0.46748670712397816,0.24208102813110705
110.10000000000001,0.4686743082124982,0.2429249380180699
110.2,0.0,0.1922032436791304
110.2,0.0,0.1667719642932456
110.30000000000001,0.48425161793604543,0.16748622345006076
110.30000000000001,0.5129936892725,0.14038605688631328
110.4,0.0,0.12727839993743803
110.4,0.0,0.1109988479369018
110.5,0.4971056608025366,0.10141911319882019
110.5,0.5280446068041885,0.08424657233715824
110.60000000000001,0.0,0.07080086063443472
110.60000000000001,0.0,0.07155818059651212
110.7,0.5097741478981648,0.044315747389821476
110.7,0.5418766707190803,0.03394846359960722
110.80000000000001,0.0,0.025505371095160222
110.80000000000001,0.0,0.02624329468974707
110.9,0.5219334678664443,0.0017781003118751033
110.9,0.5233345951370469,0.002508440572571633
111.0,0.0,-0.012123866134921588
111.0,0.0,-0.011423068665864473
111.10000000000001,0.5339848690497514,-0.03044400386733203
111.10000000000001,0.5354307711950592,-0.02975542064082736
111.2,0.0,-0.03935140992341551
111.2,0.0,-0.04776679496822371
111.30000000000001,0.5446319679689733,-0.05224239509202397
111.30000000000001,0.5461169800152246,-0.05158600912166339
111.4,0.0,-0.05848651458584779
111.4,0.0,-0.05784754708910799
111.5,0.5541579979321836,-0.07143455256112191
111.5,0.5556766432070738,-0.07080286187825091
111.60000000000001,0.0,-0.07383511235830752
111.60000000000001,0.0,-0.08027551539638222
111.7,0.5620193334182801,-0.0834121675862281
111.7,0.5940663124420367,-0.0789489480457382
111.80000000000001,0.0,-0.08580912979870525
111.80000000000001,0.0,-0.08520632968360758
111.9,0.5678556134944868,-0.09592607493993235
111.9,0.5998889733479039,-0.09101924346128107
112.0,0.0,-0.0959060446232008
112.0,0.0,-0.09531302572332488
112.10000000000001,0.5720582125223501,-0.10505021959389553
112.10000000000001,0.5736346825791028,-0.10445774979045376
112.2,0.0,-0.1023777615260485
112.2,0.0,-0.10179099922378218
112.30000000000001,0.574671356347068,-0.11067522479333458
112.30000000000001,0.5762523481788122,-0.11008856486987477
112.4,0.0,-0.10737053100637244
112.4,0.0,-0.10678753268485508
112.5,0.5766855917081506,-0.11548031712325084
112.5,0.5782686496086784,-0.11489595374648519
112.60000000000001,0.0,-0.11126445063011074
112.60000000000001,0.0,-0.12089152240230087
112.7,0.5762553233327861,-0.11664738710003017
112.7,0.6083239879923139,-0.10875094558842437
112.80000000000001,0.0,-0.1156643436148534
112.80000000000001,0.0,-0.12145800252293287
112.9,0.573370928907299,-0.12140651857644782
112.9,0.5749299044136115,-0.12081452133148819
113.0,0.0,-0.11737958594058445
113.0,0.0,-0.11678573958081648
113.10000000000001,0.5694886941018593,-0.12496608288289589
113.10000000000001,0.5710257613334098,-0.1243659810092015
113.2,0.0,-0.11995660861814014
113.2,0.0,-0.12438952471008222
113.30000000000001,0.5635871680451151,-0.12630041658656713
113.30000000000001,0.5956413721267797,-0.11806423709551711
113.4,0.0,-0.1238572403833335
113.4,0.0,-0.12324041539526702
113.5,0.5553255079854134,-0.13117508427777128
113.5,0.5567944878804573,-0.13054695573287034
113.60000000000001,0.0,-0.125424642148991
113.60000000000001,0.0,-0.124789751752732
113.7,0.5458276208449716,-0.13315734884419558
113.7,0.5472523999391281,-0.1325096313611245
113.80000000000001,0.0,-0.12724477269581047
113.80000000000001,0.0,-0.12658832326796254
113.9,0.5402162034191125,-0.13494404432021004
113.9,0.5416132761103317,-0.13427206717978596
114.0,0.0,-0.1287154543432515
114.0,0.0,-0.12803265035313516
114.10000000000001,0.5221300851603621,-0.1368776832349036
114.10000000000001,0.5530773804567155,-0.13420717087226508
114.2,0.0,-0.13145700851668338
114.2,0.0,-0.14371704866554283
114.30000000000001,0.5068126412104469,-0.1371298355732239
114.30000000000001,0.5080651476350129,-0.13638803929345383
114.4,0.0,-0.13217188690338666
114.4,0.0,-0.13701769896767768
114.50000000000001,0.49071233891479993,-0.13957858563921502
114.50000000000001,0.49189576865867135,-0.13879045010406688
114.60000000000001,0.0,-0.1338094190097002
114.60000000000001,0.0,-0.13299977141881825
114.7,0.4730977407456841,-0.14328787212337765
114.7,0.47420589674667774,-0.14244378550736866
114.80000000000001,0.0,-0.13652719615737094
114.80000000000001,0.0,-0.1414729401716647
114.9,0.4539890522120531,-0.14508465385203523
114.9,0.48569953639971686,-0.1337334955257987
115.00000000000001,0.0,-0.14214392809937365
115.00000000000001,0.0,-0.14947648086477858
115.10000000000001,0.4326214093302925,-0.1510880316461234
115.10000000000001,0.4642591737834032,-0.13840064887001294
115.2,0.0,-0.148316557350042
115.2,0.0,-0.1562981481553141
115.30000000000001,0.41001519885068066,-0.15858631051506886
115.30000000000001,0.4108620286405773,-0.15746107678309396
115.4,0.0,-0.1524134447144433
115.4,0.0,-0.15890791201384283
115.50000000000001,0.3870704782400102,-0.1653755426081949
115.50000000000001,0.4186106520289106,-0.15085700901400312
115.60000000000001,0.0,-0.16403047024433196
115.60000000000001,0.0,-0.17420501036034217
115.7,0.3630602012754077,-0.18256051258455033
115.7,0.36371590351933625,-0.1810671480031632
115.80000000000001,0.0,-0.17759407803705823
115.80000000000001,0.0,-0.17599072898309454
115.9,0.3492351051383342,-0.2052119271011391
115.9,0.3498352974323746,-0.2034262806523333
116.00000000000001,0.0,-0.20023456192003647
116.00000000000001,0.0,-0.19828622054001732
116.10000000000001,0.31549871518353706,-0.25001803819605556
116.10000000000001,0.34363688863342734,-0.22419743827192917
116.2,0.0,-0.2599164431050642
116.2,0.0,-0.2855981726126183
116.30000000000001,0.2939513488193976,-0.3529939357747268
116.30000000000001,0.3169577739439046,-0.3160096572517564
116.4,0.0,-0.41545772823607524
116.4,0.0,-0.41205123243085956
116.50000000000001,0.2795151608812608,-0.6567580227752728
116.50000000000001,0.29094904925623344,-0.5815806599976248
116.60000000000001,0.0,-0.9397076473217838
116.60000000000001,0.0,-1.2
116.7,0.2566893735936584,-1.2
116.7,0.2676525763104243,-1.2
116.80000000000001,0.0,-1.2
116.80000000000001,0.0,-1.2
116.9,0.26891648303473376,-1.2
116.9,0.2692282413953722,-1.2
117.00000000000001,0.0,-1.2
117.00000000000001,0.0,-1.2
117.10000000000001,0.26044719020789264,-1.2
117.10000000000001,0.26073321790684756,-1.2
117.2,0.0,-1.2
117.2,0.0,-1.2
117.30000000000001,0.24856622015852795,-1.2
117.30000000000001,0.24881170895352173,-1.2
117.4,0.0,-1.2
117.4,0.0,-1.2
117.50000000000001,0.2602956039305059,-1.2
117.50000000000001,0.2605975354894232,-1.2
117.60000000000001,0.0,-1.2
117.60000000000001,0.0,-1.2
117.7,0.2649610446005065,-1.2
117.7,0.26528982112882965,-1.2
117.80000000000001,0.0,-1.2
117.80000000000001,0.0,-1.2
117.9,0.27327926970323885,-1.2
117.9,0.2736504738682782,-1.2
118.00000000000001,0.0,-1.2
118.00000000000001,0.0,-1.2
118.10000000000001,0.2725094553447631,-1.2
118.10000000000001,0.2728845755951363,-1.2
118.2,0.0,-1.2
118.2,0.0,-1.2
118.30000000000001,0.29229530302422957,-1.2
118.30000000000001,0.29275810293965265,-1.2
118.4,0.0,-1.2
118.4,0.0,-1.2
118.50000000000001,0.3195648504129231,-1.2
118.50000000000001,0.32011942256388715,-1.2
118.60000000000001,0.0,-1.2
118.60000000000001,0.0,-1.2
118.7,0.3543976256742292,-1.2
118.7,0.3583034298786688,-1.2
118.80000000000001,0.0,-1.2
118.80000000000001,0.0,-1.2
118.9,0.37547978608308713,-1.2
118.9,0.3762859085313905,-1.2
119.00000000000001,0.0,-1.2
119.00000000000001,0.0,-1.2
119.10000000000001,0.4055542192394537,-1.2
119.10000000000001,0.4206348496538851,-1.2
119.2,0.0,-1.2
119.2,0.0,-1.2
119.30000000000001,0.43550517298467395,-1.2
119.30000000000001,0.43657762416438395,-1.2
119.4,0.0,-1.0142855340743573
119.4,0.0,-1.0153070364132615
119.50000000000001,0.4544194812030326,-0.8917875617551769
119.50000000000001,0.45557750081093373,-0.8928204853596027
119.60000000000001,0.0,-0.7492322653987411
119.60000000000001,0.0,-0.7502129232265929
119.7,0.46840692182028326,-0.6631084378114827
119.7,0.4696269884396118,-0.6640993667828924
119.80000000000001,0.0,-0.5523109213722261
119.80000000000001,0.0,-0.5532543946840746
119.9,0.4767087936457288,-0.4924968576970012
119.9,0.49205912163718113,-0.4162900992653388
120.00000000000001,0.0,-0.4286822300813815
120.00000000000001,0.0,-0.42959258028664327
120.10000000000001,0.4788993097211426,-0.3705310625514915
120.10000000000001,0.48016408501061003,-0.3714492946885315
120.2,0.0,-0.304733151864187
120.2,0.0,-0.2664298870930832
120.30000000000001,0.4777313300857242,-0.27343107774685255
120.30000000000001,0.5064428729137831,-0.23234161347645768
120.4,0.0,-0.22823715527751726
120.4,0.0,-0.20192577093313346
120.50000000000001,0.48398692999074666,-0.2025713237025707
120.50000000000001,0.5124732199807949,-0.16732831225717176
120.60000000000001,0.0,-0.16167849501518014
120.60000000000001,0.0,-0.16250814273901953
120.7,0.48423195878461445,-0.13284398975284786
120.7,0.5179585091852387,-0.10570264328065937
120.80000000000001,0.0,-0.10789952051301986
120.80000000000001,0.0,-0.09183772129505458
120.9,0.4865092943083157,-0.08763876956807343
120.9,0.5222387754903073,-0.06808330432307821
121.00000000000001,0.0,-0.06844187880930491
121.00000000000001,0.0,-0.05404062951196489
121.10000000000001,0.49047442374638234,-0.05455486821393838
121.10000000000001,0.5262619827228285,-0.038844998267630944
121.2,0.0,-0.04146750531639022
121.2,0.0,-0.028502358047793802
121.30000000000001,0.49405919273516175,-0.03214448616769601
121.30000000000001,0.5298636757395301,-0.01909989905750985
121.4,0.0,-0.023823545822114957
121.4,0.0,-0.011859541644890538
121.50000000000001,0.49709636399609414,-0.018065323686401884
121.50000000000001,0.5328878673639279,-0.0068368856894848624
121.60000000000001,0.0,-0.013426270339999925
121.60000000000001,0.0,-0.0021120431367300727
121.7,0.4994419166964748,-0.010485143911032759
121.7,0.5351959243726934,-0.0004268166129816203
121.80000000000001,0.0,-0.00870548823521592
121.80000000000001,0.0,0.0022214809372101893
121.9,0.5009852702602118,-0.008035157631484671
121.9,0.5366792554847031,0.0013470959944253645
122.00000000000001,0.0,-0.008508214713649587
122.00000000000001,0.0,0.002235745275158095
122.10000000000001,0.501650926871773,-0.009702665858564781
122.10000000000001,0.5374727447619243,-0.021571741309707577
122.2,0.0,-0.006651763566996406
122.2,0.0,0.006001484333311508
122.30000000000001,0.5011654817448772,-0.012665641567289124
122.30000000000001,0.5366590051427444,-0.004236787031319435
122.4,0.0,-0.016174246877119734
122.4,0.0,-0.005371577289503902
122.50000000000001,0.500031045166925,-0.02061760810472616
122.50000000000001,0.5353946342853659,-0.011466353990553287
122.60000000000001,0.0,-0.02576214620380469
122.60000000000001,0.0,-0.014796538426848811
122.7,0.49798079092745245,-0.031210850573205065
122.7,0.5331845463361696,-0.021539445312621468
122.80000000000001,0.0,-0.03729646763761363
122.80000000000001,0.0,-0.026013494493324598
122.9,0.495050636875223,-0.043740124532014674
122.9,0.5300622421364601,-0.03340958416232959
123.00000000000001,0.0,-0.050577135697264713
123.00000000000001,0.0,-0.05118109787201175
123.10000000000001,0.4914584969037203,-0.05475917680419997
123.10000000000001,0.5262394949565949,-0.04253800418383469
123.2,0.0,-0.06416088306803024
123.2,0.0,-0.06474849893955026
123.30000000000001,0.48704999125272963,-0.0689995347509165
123.30000000000001,0.5215545697243515,-0.05605212317678725
123.4,0.0,-0.07935359518854138
123.4,0.0,-0.07992461995716987
123.50000000000001,0.4828176052468415,-0.08548622529547303
123.50000000000001,0.4840521950450337,-0.08605820430181157
123.60000000000001,0.0,-0.09348129920840173
123.60000000000001,0.0,-0.09403381133274388
123.7,0.478973793966579,-0.104568575295619
123.7,0.4801889803720376,-0.10511862059878743
123.80000000000001,0.0,-0.10986381956840989
123.80000000000001,0.0,-0.11039354279637688
123.9,0.4761746389528328,-0.12730705435217987
123.9,0.47737499009786566,-0.12783377880542712
124.00000000000001,0.0,-0.1326465261877677
124.00000000000001,0.0,-0.13315195530126733
124.10000000000001,0.473147368671484,-0.1517358913021384
124.10000000000001,0.4743322151878949,-0.15223840497421098
124.2,0.0,-0.16030207380313893
124.2,0.0,-0.1607823402397213
124.30000000000001,0.4669469558119399,-0.18019830905717782
124.30000000000001,0.4681034738920167,-0.18067649234288075
124.4,0.0,-0.19046640071997062
124.4,0.0,-0.19092159802445793
124.50000000000001,0.4636448338895821,-0.21302173231105603
124.50000000000001,0.48940207296489846,-0.1804648454213965
124.60000000000001,0.0,-0.22607311699317367
124.60000000000001,0.0,-0.2058818906887553
124.7,0.4587877059939626,-0.25260128306009505
124.7,0.4835205892175677,-0.21682129103748202
124.80000000000001,0.0,-0.26318524244957375
124.80000000000001,0.0,-0.24111057624014398
124.9,0.453050628308139,-0.2891083590811235
124.9,0.47796937406854145,-0.25088723391368234
125.00000000000001,0.0,-0.303825566374872
125.00000000000001,0.0,-0.2778964882463101
125.10000000000001,0.44771298076259836,-0.3258601499586767
125.10000000000001,0.44878486215767954,-0.3262486718512744
125.2,0.0,-0.3283436301517161
125.2,0.0,-0.32870660299358595
125.30000000000001,0.44368118712625826,-0.3482429856620821
125.30000000000001,0.44473489937024013,-0.34860962281910085
125.4,0.0,-0.3507039516256276
125.4,0.0,-0.37216244379069197
125.50000000000001,0.4403228455143693,-0.3636372980683569
125.50000000000001,0.44136176380278946,-0.36398258609603845
125.60000000000001,0.0,-0.36597469728501586
125.60000000000001,0.0,-0.3662949654029742
125.7,0.43834169356807506,-0.38393592958630796
125.7,0.4393711457330311,-0.3842604246055604
125.80000000000001,0.0,-0.38401769180984124
125.80000000000001,0.0,-0.3843179168683047
125.9,0.4375631565584257,-0.40008809923806643
125.9,0.4385881627447883,-0.40039321827897195
126.00000000000001,0.0,-0.39691038886406643
126.00000000000001,0.0,-0.3971920445218403
126.10000000000001,0.43801637257710496,-0.4107341490733528
126.10000000000001,0.4636632920870942,-0.3612759248986348
126.2,0.0,-0.42178421035755875
126.2,0.0,-0.39400654822236514
126.30000000000001,0.43919642923992636,-0.4370253008884895
126.30000000000001,0.4402267277981615,-0.43730119646781
126.4,0.0,-0.4279076609651042
126.4,0.0,-0.4281620938626129
126.50000000000001,0.44234533650280844,-0.4385611952881856
126.50000000000001,0.44338731888181593,-0.43882351439302225
126.60000000000001,0.0,-0.43175039788729774
126.60000000000001,0.0,-0.43199232455129727
126.7,0.4455765057369834,-0.43904396906831944
126.7,0.44663042422992427,-0.4392945111634379
126.80000000000001,0.0,-0.4313329316869434
126.80000000000001,0.0,-0.4315642115093945
126.9,0.45276867434614576,-0.4388498061526526
126.9,0.4538507163865435,-0.4390899180329552
127.00000000000001,0.0,-0.42950901158229043
127.00000000000001,0.0,-0.42973086634327823
127.10000000000001,0.45955743525172316,-0.43582926929149035
127.10000000000001,0.46066575107963453,-0.4360606451375961
127.2,0.0,-0.42429853774568216
127.2,0.0,-0.42451282050214023
127.30000000000001,0.4672013443027786,-0.42973927048972504
127.30000000000001,0.49149805177200107,-0.38211479453150937
127.4,0.0,-0.4232427324082435
127.4,0.0,-0.4012272864542157
127.50000000000001,0.4740344163112744,-0.4325243131334282
127.50000000000001,0.49868778885965515,-0.3867993376303791
127.60000000000001,0.0,-0.42040640724336653
127.60000000000001,0.0,-0.398009201626613
127.7,0.47799852883713434,-0.4225307581458352
127.7,0.5062078980492045,-0.37982694989146876
127.80000000000001,0.0,-0.41067468476716606
127.80000000000001,0.0,-0.3886139582084993
127.9,0.48541224318636517,-0.4110018292428652
127.9,0.5141821300643975,-0.37011422181682135
128.0,0.0,-0.3928489366844278
128.0,0.0,-0.3754873983108483
128.1,0.49371388125344695,-0.39677288407025374
128.1,0.5224055432332946,-0.3573244548040455
128.20000000000002,0.0,-0.37455301248835565
128.20000000000002,0.0,-0.37477391856179415
128.3,0.5011212364697588,-0.37502694441800716
128.3,0.5023901949142182,-0.37526665633943335
128.4,0.0,-0.34610304320304647
128.4,0.0,-0.32827063637144127
128.5,0.5035911041915444,-0.34425770304952413
128.5,0.5393737410319103,-0.3145096398350381
128.6,0.0,-0.3280490302258123
128.6,0.0,-0.3153112024054839
128.70000000000002,0.5105837770155006,-0.3231255714927932
128.70000000000002,0.5118860770861899,-0.3233670885596789
128.8,0.0,-0.3000107673680188
128.8,0.0,-0.3002378634049895
128.9,0.517863259745347,-0.2957496409601476
128.9,0.5191914328578948,-0.29598909203057777
129.0,0.0,-0.27848742952092465
129.0,0.0,-0.2643876954425667
129.1,0.5239703111374473,-0.2784203578497647
129.1,0.5253198936462669,-0.27865812707251225
129.20000000000002,0.0,-0.26186921728407936
129.20000000000002,0.0,-0.2485968642226806
129.3,0.528736358141856,-0.2625213272688373
129.3,0.5301016811871113,-0.2627581482620922
129.4,0.0,-0.24789147176168969
129.4,0.0,-0.23541667618254336
129.5,0.5322396356295074,-0.24896230105992306
129.5,0.533615410463628,-0.2491989417779233
129.6,0.0,-0.23599900614210964
129.6,0.0,-0.22419437794861716
129.70000000000002,0.5344072021255741,-0.23741571319632082
129.70000000000002,0.5700226418819934,-0.21935069657061496
129.8,0.0,-0.230991203364752
129.8,0.0,-0.22219311477112014
129.9,0.5342951454941433,-0.23076087252389232
129.9,0.5697164226478166,-0.21310193415539866
130.0,0.0,-0.22537804780592469
130.0,0.0,-0.21684079998524824
130.1,0.532800543149213,-0.2252759143150706
130.1,0.5341684651355292,-0.22552706030887454
130.20000000000002,0.0,-0.21525961347820094
130.20000000000002,0.0,-0.20437769524275667
130.3,0.5307884204391621,-0.217467081674468
130.3,0.565697623024902,-0.20191500629926476
130.4,0.0,-0.21319230789276994
130.4,0.0,-0.20497918828674902
130.5,0.5263420413145307,-0.21405457732989291
130.5,0.5276767048118325,-0.21432212932369932
130.6,0.0,-0.20686815478130688
130.6,0.0,-0.19677833305509007
130.70000000000002,0.5212260431966828,-0.20934268633553785
130.70000000000002,0.5555049834759551,-0.1948853433667404
130.8,0.0,-0.1983824152582745
130.8,0.0,-0.22122585458167032
130.9,0.5134851143680098,-0.2029647177834328
130.9,0.5474112703784944,-0.18685922888003853
131.0,0.0,-0.20525671547378807
131.0,0.0,-0.2055486246438728
131.1,0.5091763358701755,-0.20495598642244384
131.1,0.5104331712986068,-0.20526914098995228
131.20000000000002,0.0,-0.20209648519048426
131.20000000000002,0.0,-0.20240816341877305
131.3,0.4952583076064865,-0.20610392212872813
131.3,0.4964546813783117,-0.2064366002944411
131.4,0.0,-0.20331061718547933
131.4,0.0,-0.2036433987932704
131.5,0.4858677342283292,-0.2118336001176359
131.5,0.516895499848192,-0.19464667867305804
131.6,0.0,-0.21215811184645283
131.6,0.0,-0.20411907659780468
131.70000000000002,0.4732373765184816,-0.2251611830363111
131.70000000000002,0.4743394672062748,-0.22555215400684006
131.8,0.0,-0.22474129697940937
131.8,0.0,-0.21267326599085123
131.9,0.4599693301215831,-0.24437069587526747
131.9,0.48824224328461485,-0.22143530951227494
132.0,0.0,-0.24531354841294362
132.0,0.0,-0.2457537299837369
132.1,0.44463613982454453,-0.2672587659826071
132.1,0.4456187758857856,-0.2677503881858844
132.20000000000002,0.0,-0.2710693528641307
132.20000000000002,0.0,-0.2715709750267766
132.3,0.42953397728348197,-0.3000406794875684
132.3,0.4542460722313424,-0.26355922530474396
132.4,0.0,-0.3101271134308278
132.4,0.0,-0.310712958945639
132.5,0.4105057902578063,-0.3413061583021375
132.5,0.41134806663446344,-0.3419908289570688
132.6,0.0,-0.3516051507904153
132.6,0.0,-0.33541813701131756
132.70000000000002,0.39112641145555804,-0.3975283338521006
132.70000000000002,0.415820787982382,-0.35231879804201266
132.8,0.0,-0.42115683463401693
132.8,0.0,-0.4220622412116804
132.9,0.3699694049597484,-0.47481072344906006
132.9,0.3706480874194155,-0.47593870623816914
133.0,0.0,-0.49300658015534327
133.0,0.0,-0.47920199604901614
133.1,0.35131333883338633,-0.574026060437925
133.1,0.37609526242754854,-0.5096321846217637
133.20000000000002,0.0,-0.6231814143308456
133.20000000000002,0.0,-0.6258173977745705
133.3,0.33760849338443344,-0.7419783222892848
133.3,0.3567146381280221,-0.6555183112339789
133.4,0.0,-0.8188970225468506
133.4,0.0,-0.8371724011108748
133.5,0.33823460963799246,-1.004748042724153
133.5,0.3395731676494172,-0.8773078782718835
133.6,0.0,-1.1060686025129787
133.6,0.0,-1.1475605323387703
133.70000000000002,0.32454548027274277,-1.2
133.70000000000002,0.3259250676514597,-1.1828007628151544
133.8,0.0,-1.2
133.8,0.0,-1.2
133.9,0.3050612650036106,-1.2
133.9,0.3172155486603051,-1.2
134.0,0.0,-1.2
134.0,0.0,-1.2
134.1,0.31028308757608747,-1.2
134.1,0.31181019021906475,-1.2
134.20000000000002,0.0,-1.2
134.20000000000002,0.0,-1.2
134.3,0.30846373431981233,-1.2
134.3,0.31012335807699154,-1.2
134.4,0.0,-1.2
134.4,0.0,-1.2
134.5,0.3012972837446364,-1.2
134.5,0.3017490753585652,-1.2
134.6,0.0,-1.2
134.6,0.0,-1.2
134.70000000000002,0.30868489382148034,-1.2
134.70000000000002,0.3091774278269988,-1.2
134.8,0.0,-1.2
134.8,0.0,-1.2
134.9,0.33345335104167806,-1.2
134.9,0.335708549396058,-1.2
135.0,0.0,-1.2
135.0,0.0,-1.2
135.1,0.3510657559565993,-1.2
135.1,0.35175279237886414,-1.2
135.20000000000002,0.0,-1.2
135.20000000000002,0.0,-1.2
135.3,0.36014259465369225,-1.2
135.3,0.37399717216712397,-1.177730742072187
135.4,0.0,-1.1430106895145626
135.4,0.0,-1.1437562286321066
135.5,0.38195217711348406,-1.0217541309389955
135.5,0.3827825479597404,-1.022507566198106
135.6,0.0,-0.8680470700480171
135.6,0.0,-0.8687367358950965
135.70000000000002,0.4022758344836813,-0.7828503953940104
135.70000000000002,0.4031952713335115,-0.7835467930185449
135.8,0.0,-0.6596166983654482
135.8,0.0,-0.6602583128841679
135.9,0.4128269903590597,-0.5944976792542249
135.9,0.4137927836610745,-0.5951464916784942
136.0,0.0,-0.5011160318174438
136.0,0.0,-0.4518534962550482
136.1,0.42829656278054934,-0.4634249446688517
136.1,0.42932771455135454,-0.46402828795321177
136.20000000000002,0.0,-0.3842847343458181
136.20000000000002,0.0,-0.34190160216982524
136.3,0.4358112890609419,-0.3482988606061522
136.3,0.46276485061528416,-0.2983083911539053
136.4,0.0,-0.2963637594536041
136.4,0.0,-0.29689503894797153
136.5,0.45047663932625154,-0.2573038898064526
136.5,0.45159917950555295,-0.2578395621371445
136.6,0.0,-0.2123647067939438
136.6,0.0,-0.18421030802487479
136.70000000000002,0.46472425283288443,-0.19175208426781037
136.70000000000002,0.46590392163680105,-0.19225417963634653
136.8,0.0,-0.15511156516171123
136.8,0.0,-0.1298703381358775
136.9,0.4792747404292253,-0.1394690180510595
136.9,0.5083244616623102,-0.11326939017787893
137.0,0.0,-0.1084210439844282
137.0,0.0,-0.09106061769144526
137.10000000000002,0.491643368255941,-0.09143481271509443
137.10000000000002,0.5222495344019601,-0.07229945861272086
137.20000000000002,0.0,-0.06661950410008305
137.20000000000002,0.0,-0.0670510138358049
137.3,0.5042658489466502,-0.04929850669032812
137.3,0.5353826313338373,-0.0340714086699409
137.4,0.0,-0.03284215108298028
137.4,0.0,-0.03325551009461981
137.5,0.509332447022865,-0.014960336086067182
137.5,0.5411437942611463,-0.005058888598689033
137.60000000000002,0.0,-0.004781217615278832
137.60000000000002,0.0,0.00744351491881327
137.70000000000002,0.5260632822619591,0.00881569191747612
137.70000000000002,0.5583330350028861,0.013712159519862648
137.8,0.0,0.016824622035472886
137.8,0.0,0.028482526013074702
137.9,0.5675081453002043,0.02693933319810257
137.9,0.5690957200400405,0.026594921246926733
138.0,0.0,0.03453867431619861
138.0,0.0,0.045885472496046326
138.10000000000002,0.5450890584872141,0.04316014620054852
138.10000000000002,0.5769507270802607,0.04443610312412269
138.20000000000002,0.0,0.046754027477319465
138.20000000000002,0.0,0.057154962622742875
138.3,0.5525251361852489,0.05455648057232573
138.3,0.584222836564937,0.05473161179704203
138.4,0.0,0.0519822729536485
138.4,0.0,0.06181292060134315
138.5,0.558512772977049,0.06432439065004614
138.5,0.5900557428223999,0.064001688895751
138.60000000000002,0.0,0.06420535276440284
138.60000000000002,0.0,0.06390757019030519
138.70000000000002,0.5630245988873407,0.07262461956603869
138.70000000000002,0.5944131219611253,0.07203777793987448
138.8,0.0,0.07056708766156268
138.8,0.0,0.07977861352883257
138.9,0.565723071809395,0.07582636706629384
138.9,0.5969636867326751,0.0737604196189214
139.0,0.0,0.07428954079304166
139.0,0.0,0.08356328660077829
139.10000000000002,0.5668436149673828,0.07873648875567048
139.10000000000002,0.597941755859074,0.07626768844971854
139.20000000000002,0.0,0.07658045139677212
139.20000000000002,0.0,0.08579993138165368
139.3,0.5662042725941434,0.08054834672701248
139.3,0.5677512772539726,0.0802738045410005
139.4,0.0,0.07702145286479656
139.4,0.0,0.08568184707783963
139.5,0.564432968393942,0.08066312189045884
139.5,0.5952288343067368,0.07789395990316274
139.60000000000002,0.0,0.07749333630887291
139.60000000000002,0.0,0.08674693039411457
139.70000000000002,0.5601507159117595,0.08076097356399246
139.70000000000002,0.5907728717620407,0.0777869154017958
139.8,0.0,0.07710295975775414
139.8,0.0,0.08644451962447809
139.9,0.5540289408962087,0.07995386617276605
139.9,0.5844646104665323,0.07686383334984974
140.0,0.0,0.07574743596193398
140.0,0.0,0.0754661733638512
140.10000000000002,0.5461947679481874,0.08060582705344552
140.10000000000002,0.5764235244501077,0.07817422498028692
140.20000000000002,0.0,0.0741633529631244
140.20000000000002,0.0,0.08358377134313778
140.3,0.536321641694469,0.07630748711012404
140.3,0.5663290745394169,0.07302655909127292
140.4,0.0,0.07101194281885448
140.4,0.0,0.07071699114517183
140.5,0.524946169470798,0.0744381400409114
140.5,0.5262979623776316,0.07414117905269277
140.60000000000002,0.0,0.06552971403309928
140.60000000000002,0.0,0.06522455278964331
140.70000000000002,0.5125118309218093,0.06720093111129279
140.70000000000002,0.5409480281284846,0.05548492279384911
140.8,0.0,0.06188955624626544
140.8,0.0,0.06157127429790264
140.9,0.49795755730397734,0.05958460225039095
140.9,0.4991915642445437,0.05925982255196651
141.0,0.0,0.050924900589895614
141.0,0.0,0.050588753247720136
141.10000000000002,0.4819270220097014,0.04685311689130008
141.10000000000002,0.48309211029554117,0.04650763859771464
141.20000000000002,0.0,0.037144009842002376
141.20000000000002,0.0,0.04878867861010338
141.3,0.4642130463540463,0.029548109428891474
141.3,0.4920056130602308,0.032629701900245285
141.4,0.0,0.01930035871942427
141.4,0.0,0.03234753140683986
141.5,0.4446854136392667,0.008314526722877622
141.5,0.4717778701772041,0.015026143062095368
141.60000000000002,0.0,-0.004706975464879231
141.60000000000002,0.0,0.010055464169409722
141.70000000000002,0.4237767509756326,-0.0203082221611341
141.70000000000002,0.45007999638485285,-0.008611863147285532
141.8,0.0,-0.03668540747328013
141.8,0.0,-0.03717349932673063
141.9,0.4018902655337608,-0.056310074461192856
141.9,0.4270604212024674,-0.03447942620892082
142.0,0.0,-0.07705047524212834
142.0,0.0,-0.05864709926877312
142.10000000000002,0.37747591467247876,-0.10484908289228706
142.10000000000002,0.37680044065062623,-0.14682812763300537
142.20000000000002,0.0,-0.11533556376769602
142.20000000000002,0.0,-0.09145033771620417
142.3,0.35160484171866857,-0.16366598690778045
142.3,0.35223468281726267,-0.16445887112798807
142.4,0.0,-0.18916360274023503
142.4,0.0,-0.190023516431728
142.5,0.32441193177175365,-0.24255094145687878
142.5,0.32493194622483146,-0.24358779860251895
142.60000000000002,0.0,-0.28430439772082705
142.60000000000002,0.0,-0.2665192951255343
142.70000000000002,0.29496299460877146,-0.37552116370417815
142.70000000000002,0.2953652552037438,-0.37698026020554
142.8,0.0,-0.44475478516126493
142.8,0.0,-0.4464391448923554
142.9,0.28736195138014303,-0.6130670904039395
142.9,0.28773754245526223,-0.6153356861689059
143.0,0.0,-0.7374063988399115
143.0,0.0,-0.7400358014526702
143.10000000000002,0.2534988623828831,-1.069656551242708
143.10000000000002,0.2541423661750189,-0.9548596469996969
143.20000000000002,0.0,-1.2
143.20000000000002,0.0,-1.2
143.3,0.2164484838460577,-1.2
143.3,0.21654537763893086,-1.2
143.4,0.0,-1.2
143.4,0.0,-1.2
143.5,0.17954599517399414,-1.2
143.5,0.17994692518671118,-1.2
143.60000000000002,0.0,-1.2
143.60000000000002,0.0,-1.2
