t,linear_x,angular_z
2.0,1.1610544218094228,-0.016344621304755586
2.0,1.1610544218094228,-0.01455404124440654
2.1,0.1676437159379443,-0.01751209147961419
2.1,0.1676437159379443,-0.0172904156875211
2.2,1.1740253179128486,-0.01893035780905203
2.2,1.1740253179128486,-0.018709424025373705
2.3000000000000003,0.18019539764592699,-0.02660035609817904
2.3000000000000003,0.18019265190068148,-0.0263755244642849
2.4000000000000004,1.1801840600001465,-0.029639033582592983
2.4000000000000004,1.1861304703189535,-0.027097543476795327
2.5,0.18611186366720392,-0.031063085109152178
2.5,0.19183781058248725,-0.033416251160171884
2.6,1.1918092644588527,-0.037828222508273474
2.6,1.1973007282209092,-0.03408165934187307
2.7,0.19728186299772985,-0.040365350343672224
2.7,0.20251945310786565,-0.04055965387355767
2.8000000000000003,1.202476030734294,-0.04599213246366962
2.8000000000000003,1.2066858456258287,-0.04099326043331902
2.9000000000000004,0.20743232140803103,-0.04834019284057786
2.9000000000000004,0.21218221082761793,-0.047640817097078125
3.0,1.2091666933575702,-0.04441498105150646
3.0,1.2131030686357729,-0.044176187383034304
3.1,0.21655648727174834,-0.05616515557717536
3.1,0.22078357437943733,-0.0590228930019199
3.2,1.2152291232749377,-0.053539033597607644
3.2,1.2194064505490865,-0.0491615528254041
3.3000000000000003,0.22826298345653137,-0.06722464942676705
3.3000000000000003,0.22826298345653137,-0.05858886704737738
3.4000000000000004,1.228175223013654,-0.07083656301545481
3.4000000000000004,1.2253963958220582,-0.0630910142925736
3.5,0.23459829678106403,-0.07004040701972887
3.5,0.23459829678106403,-0.06490123238185237
3.6,1.234531102642292,-0.0800433379023329
3.6,1.234531102642292,-0.08014904578442364
3.7,0.23971271830289106,-0.06920958380713925
3.7,0.23971271830289106,-0.06931367096997008
3.8000000000000003,1.0164275611715452,-0.07464292893283941
3.8000000000000003,1.019118491018062,-0.07174965330817201
3.9000000000000004,0.24367489996921105,-0.07653764277709629
3.9000000000000004,0.24367489996921105,-0.07663969104085777
4.0,0.9107017799839096,-0.09318781836060529
4.0,0.8788699404926723,-0.08217066836806815
4.1000000000000005,0.24642095715801243,-0.07631317616595965
4.1000000000000005,0.24642095715801243,-0.07641055536692506
4.2,0.7940318969588123,-0.09453945415399977
4.2,0.7618696343128768,-0.0839571591503772
4.300000000000001,0.24726956646911266,-0.0897549210470179
4.300000000000001,0.2471901143463953,-0.08963897312909698
4.4,0.6992483569525796,-0.09142541982599965
4.4,0.7012483752262677,-0.09549161563140186
4.5,0.24808534189801443,-0.08372023074000465
4.5,0.24828762141033586,-0.06578733416744423
4.6000000000000005,0.6146855991546821,-0.08997421008916451
4.6000000000000005,0.6158315916429274,-0.09005344295505863
4.7,0.24749705476226533,-0.08130602796131293
4.7,0.24749705476226533,-0.08137909481933624
4.800000000000001,0.5447724432208795,-0.07605328079538679
4.800000000000001,0.5449394129117191,-0.08031288397503993
4.9,0.2465240365425563,-0.06678966107566761
4.9,0.24554053114247784,-0.06126552174954478
5.0,0.452686362672429,-0.0446952294739055
5.0,0.45317412820706476,-0.044738628801070546
5.1000000000000005,0.2425400190237189,-0.06184773344624119
5.1000000000000005,0.2425400190237189,-0.04241971657708265
5.2,0.43618193162641905,-0.05730959591699238
5.2,0.43661704414755365,-0.05734546067053666
5.300000000000001,0.23840680876903217,-0.024246465850798746
5.300000000000001,0.23840680876903217,-0.024265007616493917
5.4,0.36085753437284385,-0.03817509685660605
5.4,0.3610049432162914,-0.038193724101394204
5.5,0.2331605306011123,-0.032351753448182995
5.5,0.2331605306011123,-0.026632568794942087
5.6000000000000005,0.3605081774440172,-0.01837955992774977
5.6000000000000005,0.3576397305225141,-0.022882235796502122
5.7,0.23010990151955668,-0.007607218835903193
5.7,0.2267973264920876,-0.012112537720219155
5.800000000000001,0.32935686688668137,0.003519892372312816
5.800000000000001,0.2955805504462352,0.00042944041838042027
5.9,0.2232064452542047,0.014399305575575533
5.9,0.21935048932734402,0.009819267356118879
6.0,0.30461697299104284,0.028140195996283153
6.0,0.27076625484226924,0.020871827286449953
6.1000000000000005,0.22788784315032912,0.04151988645657087
6.1000000000000005,0.22758552407776989,0.04157269916426657
6.2,0.2634983989628273,0.05546878655861015
6.2,0.22903034026619362,0.042208268608871675
6.300000000000001,0.2473644500720692,0.07018422922478063
6.300000000000001,0.2471858333474217,0.07026123604334984
6.4,0.19614631193851884,0.08639087962573241
6.4,0.19614631193851884,0.08649247991343086
6.5,0.22593698302237153,0.09753358315145305
6.5,0.22574116371417183,0.09764775034762574
6.6000000000000005,1.0974855935966432,0.723611332177339
6.6000000000000005,1.1009590166576058,0.7238813127092268
6.7,0.1843956640417534,0.5859314703726659
6.7,0.17829228485191165,0.5218158834588283
6.800000000000001,1.1770591509090615,0.5364082839397554
6.800000000000001,1.1705440946101402,0.4781566577486009
6.9,0.1621961296984994,0.43233773545991744
6.9,0.1621961296984994,0.43248034864774837
7.0,1.1533625635186247,0.3802609401054576
7.0,1.1533625635186247,0.38037114207219896
7.1000000000000005,0.143898295951343,0.3405846363370836
7.1000000000000005,0.143898295951343,0.3406635648857802
7.2,1.1429345152384862,0.34340545321633775
7.2,1.1344117868734673,0.3389213693779621
7.300000000000001,0.13213006371490152,0.2767812126940825
7.300000000000001,0.12411213578823481,0.2536750051621243
7.4,1.1143998444451293,0.26845786724573073
7.4,1.1143998444451293,0.23717780811304945
7.500000000000001,0.11356565862842063,0.22707461589637046
7.500000000000001,0.10416583785577836,0.22363352866925826
7.6000000000000005,1.1033883911108289,0.21907443847926375
7.6000000000000005,1.0942812790129632,0.1875801266306629
7.7,0.09518244060090125,0.17256651349349855
7.7,0.09463716439453915,0.17276770812848558
7.800000000000001,1.0740865522242742,0.15740846964810312
7.800000000000001,1.0740865522242742,0.1573603621441863
7.9,0.11449810389104115,0.14334467089281513
7.9,0.11410213584116335,0.14318748309633542
8.0,1.0537221969105894,0.13320212280555288
8.0,1.0537221969105894,0.13435507518733514
8.1,0.17226054149660402,0.13210796864520968
8.1,0.1621146028252612,0.13197024975947122
8.200000000000001,1.0423130946026962,0.12962490729991719
8.200000000000001,1.0330447926820763,0.11486410049549241
8.3,0.19024366965386033,0.11398051172720865
8.3,0.1505447349812653,0.11032543536234618
8.4,1.012299703593917,0.1115858714843164
8.4,1.012299703593917,0.10004429852556174
8.5,0.1994710938408891,0.09930730250454721
8.5,0.16896724045691033,0.09592137735608795
8.600000000000001,0.9915088456645482,0.09385863504808417
8.600000000000001,0.9915088456645482,0.08796637798062254
8.700000000000001,0.22744638449752605,0.0858398297828493
8.700000000000001,0.22751467769909556,0.08690219054011288
8.8,0.9707666767354811,0.07257084390720686
8.8,0.9707666767354811,0.07360398887364589
8.9,0.1691340244696345,0.07493963669253731
8.9,0.16896718941205235,0.0760775476342114
9.0,0.9597686890315957,0.07079706567842513
9.0,0.9503445533647139,0.0667538600165454
9.100000000000001,-0.015951489642777095,0.0644419468237357
9.100000000000001,-0.016842270046490797,0.06559521929969532
9.200000000000001,0.9307091542183644,0.062267935287137546
9.200000000000001,0.9307091542183644,0.06323352965033598
9.3,0.006560792696754067,0.06603997582841477
9.3,0.006173741093055726,0.06700363530249036
9.4,0.9207164632784346,0.06312509126248728
9.4,0.9114974744987692,0.06493962966941058
9.5,-0.07710624545736575,0.06373109387143228
9.5,-0.08700201141441576,0.06563210146757525
9.600000000000001,0.9013775493516204,0.06425673511448247
9.600000000000001,0.8923297957331456,0.05792455490905406
9.700000000000001,-0.1081905300651225,0.05623201234051618
9.700000000000001,-0.11713564865486172,0.05827907019451917
9.8,0.8823610001410495,0.052732110205920654
9.8,0.8735293075318253,0.04922476829680589
9.9,-0.13563327471584075,0.04862395278305505
9.9,-0.13563327471584075,0.04946957845213264
10.0,0.8639288538078338,0.044474797417432294
10.0,0.8553546438337147,0.03748270113375407
10.100000000000001,-0.15342237580181367,0.04202492529924051
10.100000000000001,-0.15342237580181367,0.03883094889603747
10.200000000000001,0.8373634124477698,0.040197264998851595
10.200000000000001,0.8379746140813815,0.0379605563674318
10.3,-0.17045676768361767,0.03625068810161153
10.3,-0.17045676768361767,0.03276580973275564
10.4,0.7935082509297197,0.03326851577589403
10.4,0.7884412191262989,0.035902537607861926
10.5,-0.17880964387309417,0.027113854491087566
10.5,-0.17894954762397575,0.028142280307459883
10.600000000000001,0.7822584213234294,0.02063789955859724
10.600000000000001,0.7852949771978672,0.02131692812408925
10.700000000000001,-0.20207416700129366,0.02357171671582571
10.700000000000001,-0.20207416700129366,0.024248434342818995
10.8,0.7294472991224055,0.022300344465116667
10.8,0.7716407865089905,0.01971187682934547
10.9,-0.20949961161055902,0.011848545254415185
10.9,-0.21653058488587246,0.014436976029572807
11.0,0.7183716417133332,0.016095833795362002
11.0,0.7542425435466478,0.016149796861086918
11.100000000000001,-0.002778801004185316,1.1369978202275104
11.100000000000001,-0.000860493171536969,1.1369978202275104
11.200000000000001,0.7604504501191074,1.0362382111538584
11.200000000000001,0.7604504501191074,1.0371217220665256
11.3,0.10365756436244711,0.9229447145971446
11.3,0.09813183196296016,0.926425664684743
11.4,0.7452655381127307,0.8273008372895831
11.4,0.7452655381127307,0.8280255261198042
11.5,0.21495354112991405,0.7339274662454168
11.5,0.2148980860391394,0.734583872600002
11.600000000000001,0.7441810826087467,0.6511060902556122
11.600000000000001,0.739943080130357,0.6552854736682546
11.700000000000001,0.3009953613031193,0.6357695923667032
11.700000000000001,0.3009475176250489,0.6363410401768556
11.8,0.7442209007583217,0.5010923529683835
11.8,0.7442209007583217,0.50158813764985
11.9,0.34306746014575296,0.49927142222431115
11.9,0.3148490038567575,0.46268094963261425
12.0,0.7451494373504619,0.45291796182427374
12.0,0.7451494373504619,0.4084862722160332
12.100000000000001,0.3393153323171031,0.35782160661851514
12.100000000000001,0.33935513783130045,0.35759444685907693
12.200000000000001,0.7510621393801113,0.32059075224368333
12.200000000000001,0.7510621393801113,0.31718464938223045
12.3,0.34796515191010496,0.2823104255003385
12.3,0.34816698933255313,0.27903973149159805
12.4,0.758403506291465,0.24709150509805455
12.4,0.7571472264564734,0.24988991345513178
12.5,0.3508617359759121,0.21819624837786988
12.5,0.3509353034018521,0.21524178247015943
12.600000000000001,0.7636315088530721,0.2158196605628766
12.600000000000001,0.7628800210056722,0.21815095141081367
12.700000000000001,0.350724277590057,0.15797093527873837
12.700000000000001,0.3507226408306735,0.1576324283864957
12.8,0.7691382202550164,0.14162982321106857
12.8,0.7691382202550164,0.14127709678008904
12.9,0.3477649516086328,0.12167055731374099
12.9,0.3477559381067164,0.12130796945706873
13.0,0.7743496925663459,0.11494405714567146
13.0,0.7743496925663459,0.10103390696876413
13.100000000000001,0.37248494805422944,0.09587500065944331
13.100000000000001,0.34422796130682515,0.08437499457269589
13.200000000000001,0.7785039291103804,0.0708071818176878
13.200000000000001,0.7789678437680886,0.07148021715528458
13.3,0.34058069967795057,0.05597326852370979
13.3,0.3411973832848605,0.056355663748445306
13.4,0.7832108275523104,0.05194964470341498
13.4,0.7832108275523104,0.05154689275524277
13.5,0.33807740436529743,0.030813366258347435
13.5,0.338029890906002,0.03005928337945546
13.600000000000001,0.786145504895116,0.02711562960186431
13.600000000000001,0.7872693495064003,0.022099820186241348
13.700000000000001,0.33502092039355724,0.012032139309790468
13.700000000000001,0.3350156064507013,0.011843312705284631
13.8,0.7908056767958371,0.005528994412044463
13.8,0.7908056767958371,0.00563850027283383
13.9,0.332885704698787,-0.0025656454306142162
13.9,0.3328596546508019,-0.0029925873542281933
14.0,0.792519517137896,-0.005128706976840397
14.0,0.792519517137896,-0.007461409599280211
14.100000000000001,0.33127794798514054,-0.014526647996544101
14.100000000000001,0.3332883114213395,-0.014939811469560471
14.200000000000001,0.7977804644074173,-0.01944056432571048
14.200000000000001,0.7977804644074173,-0.01801621060881839
14.3,0.33000134530562936,-0.02400479501871189
14.3,0.3299741631012451,-0.024433764530110202
14.4,0.7991523569891297,-0.02718077376528985
14.4,0.8015095855244767,-0.030208335498322247
14.500000000000002,0.32873256645146365,-0.03464086164372282
14.500000000000002,0.3287053453856512,-0.035066960535901526
14.600000000000001,0.8054002709432204,-0.03610052547653342
14.600000000000001,0.8054002709432204,-0.03598154372110998
14.700000000000001,0.3558639525061442,-0.036931733629129465
14.700000000000001,0.2842459175199806,-0.03974068525968047
14.8,0.8067735619331928,-0.036947120986335985
14.8,0.809755364337351,-0.04068961026424345
14.9,0.22059853842110547,-0.037564095429605204
14.9,0.14842134767635112,-0.04376553024607563
15.000000000000002,0.8115979753955184,-0.04382514945282434
15.000000000000002,0.8148892689432088,-0.0480340384957012
15.100000000000001,0.10336925704527042,-0.03951343960795853
15.100000000000001,0.1063599170904263,-0.04439057590898263
15.200000000000001,0.8207648046845228,-0.040703885574543075
15.200000000000001,0.8207648046845228,-0.04109724783200827
15.3,-0.05878350106472688,-0.04357215408962248
15.3,-0.05951496445369467,-0.04395821140108053
15.4,0.8237878047007202,-0.0531192812882737
15.4,0.8276211889139974,-0.05824939456800132
15.500000000000002,-0.07803736995890662,-0.04042827817350575
15.500000000000002,-0.07482263692980581,-0.04569592524797708
15.600000000000001,0.8306418449962538,-0.04971037739063072
15.600000000000001,0.834752985048052,-0.05523967347024342
15.700000000000001,-0.16273857351264814,-0.037301993934791944
15.700000000000001,-0.16162506957049158,-0.044362903632594125
15.8,0.8380745744502262,-0.03860350197650214
15.8,0.8423431241427304,-0.03833093892179007
15.9,-0.1535619006965109,-0.03945001513630475
15.9,-0.1535619006965109,-0.03977618471904498
16.0,0.85079160568584,-0.0363318911050996
16.0,0.85079160568584,-0.02040380903067937
16.1,-0.14950389313597473,-0.022745773033454736
16.1,-0.14950389313597473,-0.027076731285449268
16.2,0.8511910559619447,-0.023495305812381295
16.2,0.8482002742884538,-0.011795355864557905
16.3,-0.14005105237255058,-0.020841832436644586
16.3,-0.14005105237255058,-0.021112972956800674
16.400000000000002,0.7446225913268976,-0.013185912126096239
16.400000000000002,0.7848882723416516,-0.017028745933210535
16.5,-0.1299503949065818,-0.003159785287060679
16.5,-0.12470637764545756,-0.013266944496262228
16.6,0.6941167920496164,-0.00017547467842522757
16.6,0.730548809621977,0.010152158689714003
16.7,-0.1138033884529839,-0.008082168201004172
16.7,-0.1138033884529839,0.007944776503702608
16.8,0.6411020458088514,0.006939431416163155
16.8,0.6801669620411979,0.0008254259169379746
16.900000000000002,-0.10815701249866795,0.017286698494683332
16.900000000000002,0.04713258772352008,1.2685668975321334
17.0,0.872584452429546,1.2753323540087984
17.0,0.877726226254091,1.2678615735244136
17.1,-0.047538714048221034,1.2780916456910116
17.1,-0.026657930699732157,1.269963963569319
17.200000000000003,0.9324785756006659,1.1550822123727833
17.200000000000003,0.9324785756006659,1.155998312204714
17.3,0.08419691744443081,1.0154932487450568
17.3,0.0819834907969302,1.0174377189566346
17.400000000000002,0.9511650861694677,0.8986654452079949
17.400000000000002,0.9511650861694677,0.8993806167646808
17.5,0.1737908298628905,0.7866721622381917
17.5,0.17009745797322504,0.7977133430542248
17.6,0.9620133172135987,0.7050768680858469
17.6,0.9623169993947478,0.6959963314423133
17.700000000000003,0.24312265122922622,0.6685150750577638
17.700000000000003,0.2213102098584453,0.630562450238323
17.8,0.9679605195219966,0.6254539678335119
17.8,0.9671018597723484,0.5493813175141609
17.900000000000002,0.2776104848090937,0.5294524519361851
17.900000000000002,0.25284394326182835,0.4914894187817225
18.0,0.9689902764925687,0.4432797089479723
18.0,0.9672079587023283,0.43400383794918923
18.1,0.27355597899127043,0.3942262845518702
18.1,0.26959614072328686,0.39615466503529595
18.200000000000003,0.966342489555009,0.3857456373592778
18.200000000000003,0.9638499281186296,0.3370672820811078
18.3,0.3160525435157329,0.33449875582291555
18.3,0.2830059276598009,0.3023476464618177
18.400000000000002,0.9580152044658152,0.26325706260067777
18.400000000000002,0.9580152044658152,0.2749175566723431
18.5,0.29407211123494653,0.2419442639342385
18.5,0.2908148816907298,0.2329533899291644
18.6,0.9504910567898852,0.20682095764675285
18.6,0.9504910567898852,0.20694733600288323
18.700000000000003,0.3279131128627996,0.20043414829535555
18.700000000000003,0.29591832726093653,0.18701724166443504
18.8,0.9456267851970368,0.17163080453373514
18.8,0.9419584425689209,0.1737516582627274
18.900000000000002,0.30009575373544356,0.14269442405354016
18.900000000000002,0.29927660885873475,0.15389677898200732
19.0,0.9366164713602604,0.1447317209832781
19.0,0.9328068235187785,0.12233408733787618
19.1,0.1865946673806798,0.12343091640905259
19.1,0.18305498269315468,0.11393276535315022
19.200000000000003,0.9235838537720704,0.11250648567503353
19.200000000000003,0.9235838537720704,0.11146072942326034
19.3,0.15419916005562687,0.09490739432948885
19.3,0.06826025440953387,0.08748640013137148
19.400000000000002,0.9146175404176442,0.09694142611244777
19.400000000000002,0.9146175404176442,0.09590889177455603
19.5,-0.0240678530841075,0.08470510927976
19.5,-0.025134078619076683,0.08409760767246514
19.6,0.9097791710990503,0.10108382143224608
19.6,0.9061382887370618,0.07632214696218856
19.700000000000003,-0.030544776204543683,0.09281877609211997
19.700000000000003,-0.09809996349832975,0.0903866387984886
19.8,0.8975919046902197,0.06907252956158244
19.8,0.8975919046902197,0.08200515975611336
19.900000000000002,-0.10676118938904584,0.08273863842691787
19.900000000000002,-0.10676118938904584,0.08284192587247619
20.0,0.8923100735069184,0.07909299537156464
20.0,0.8889943466167652,0.06466670388257709
20.1,-0.11508353890416705,0.07155943626601355
20.1,-0.11508353890416705,0.07166136780222054
20.200000000000003,0.8808968341918026,0.06571727941005567
20.200000000000003,0.8808968341918026,0.07853173392319618
20.3,-0.12314490223040747,0.06622458148173241
20.3,-0.12314490223040747,0.0663314307270943
20.400000000000002,0.87298953008892,0.07835860088923718
20.400000000000002,0.87298953008892,0.07847384975058161
20.5,-0.12818433456001002,0.07222415007459437
20.5,-0.13091384291755614,0.06580288705777393
20.6,0.815366096478971,0.07166731804021129
20.6,0.8142493059040973,0.06542335192756768
20.700000000000003,-0.13811519580584541,0.08227771507425141
20.700000000000003,-0.13811519580584541,0.08227771507425141
20.8,0.7625375067743537,0.07424403674325597
20.8,0.7641511214347781,0.07424403674325597
20.900000000000002,-0.14519253814136096,0.0637786130821402
20.900000000000002,-0.14519253814136096,0.07587422085151549
21.0,0.7303365636597922,0.05932646509007611
21.0,0.7328596771314732,0.07104952083189894
21.1,-0.1498397683123504,0.08122665140853469
21.1,-0.1516455006433179,0.07536312870995182
21.200000000000003,0.8453280006190387,0.5374608145908977
21.200000000000003,0.8453280006190387,0.537266213195041
21.3,0.26811401818008845,0.41992237574971814
21.3,0.2460880317005384,0.3798717363012106
21.400000000000002,0.8286857192701508,0.40547420800892064
21.400000000000002,0.8271203998339001,0.40064213545876987
21.5,0.29987410641269685,0.3394957231328576
21.5,0.2735931138805382,0.30580944499659674
21.6,0.8135399555571006,0.3230294916425166
21.6,0.8135399555571006,0.32282239585853334
21.700000000000003,0.31697679668508005,0.26708920402159386
21.700000000000003,0.2911777809776892,0.24369037447005273
21.8,0.8014580384331174,0.2597318321400645
21.8,0.800402949705126,0.25569335036687596
21.900000000000002,0.3334223969554704,0.21962770552536987
21.900000000000002,0.30620288262645373,0.1977596566264876
22.0,0.7920669495819015,0.1904309279251312
22.0,0.7920669495819015,0.19020397599228114
22.1,0.34194277320783756,0.18308763002456474
22.1,0.31479246584776704,0.16681497880734547
22.200000000000003,0.7862582732420408,0.17443680306183904
22.200000000000003,0.7849774353083778,0.17228679567571448
22.3,0.3501569509890732,0.14689848108403059
22.3,0.3486398996098081,0.14550239954287242
22.400000000000002,0.7798311612004429,0.14181614040638377
22.400000000000002,0.7798311612004429,0.12667140394228457
22.5,0.35373708341943777,0.1252454411022185
22.5,0.3277602197228727,0.11440665753966497
22.6,0.7766855093595837,0.1084518577370526
22.6,0.77746041264004,0.10554617782219353
22.700000000000003,0.3306199152017577,0.10073226389508888
22.700000000000003,0.3306480117627455,0.10044590265683812
22.8,0.7765174314850578,0.08943745214080578
22.8,0.7765174314850578,0.09225741383666763
22.900000000000002,0.3579922019067755,0.0903298766038873
22.900000000000002,0.33187255581778363,0.08496161797383961
23.0,0.775251513010876,0.07935898725636759
23.0,0.7770964779359009,0.07998181131384888
23.1,0.35974829816950027,0.07725213817556084
23.1,0.36115075408647274,0.07587065306839874
23.200000000000003,0.7766959073834288,0.07595111629936524
23.200000000000003,0.7790834934651557,0.06663657908101622
23.3,0.3594542342043224,0.06922335826620399
23.3,0.3621362749210326,0.06718136951078804
23.400000000000002,0.7825358254097364,0.06013389360162058
23.400000000000002,0.7825358254097364,0.06269521517751483
23.5,0.28435961291531764,0.06190191327164277
23.5,0.21414297489918932,0.05764330132106263
23.6,0.7875822272761874,0.05739283623608524
23.6,0.7875822272761874,0.05710149187419353
23.700000000000003,0.15983275641780958,0.059045477005346486
23.700000000000003,0.09266567336764728,0.0556648878323274
23.8,0.7940148300464887,0.058315865124448946
23.8,0.7940148300464887,0.05801761699495325
23.900000000000002,0.05232696923617838,0.05684648475917553
23.900000000000002,0.05642237191236091,0.05548708176281025
24.0,0.7970246618308194,0.06669309072912255
24.0,0.8015307590144519,0.05394365349206237
24.1,-0.046203723360154325,0.056263973703164494
24.1,-0.10885816292425951,0.054026862758669414
24.200000000000003,0.8051714781000084,0.06570887037991818
24.200000000000003,0.8101083197535325,0.06475054673026548
24.3,-0.1908812676167325,0.05056049906265081
24.3,-0.18564410882492974,0.0496322700264919
24.400000000000002,0.8140454769630635,0.06172124863622913
24.400000000000002,0.8139703332376239,0.06147284486251173
24.5,-0.18147756337180485,0.049500176211241725
24.5,-0.1757796140874119,0.04777352736716409
24.6,0.8238795118065567,0.06002784117115262
24.6,0.8297992394819822,0.04902913931342376
24.700000000000003,-0.17093581547857162,0.05028059303679025
24.700000000000003,-0.16480145771207158,0.04976787549709577
24.8,0.8412511438277459,0.04923338147665424
24.8,0.8412511438277459,0.05052458514877106
24.900000000000002,-0.15292311247510929,0.05099497181993484
24.900000000000002,-0.15292311247510929,0.05220590639547251
25.0,0.7636417580866465,0.06124102616282445
25.0,0.771954834858258,0.06102764778316774
25.1,-0.14717459011149195,0.05081609490332514
25.1,-0.14025169873222879,0.04926937194448103
25.200000000000003,0.7048493581130598,0.06169265044680769
25.200000000000003,0.741708400058392,0.05072854999404483
25.3,-0.12667534062050065,0.05484494286678243
25.3,-0.12667534062050065,0.0544420433746422
25.400000000000002,0.648971450955268,0.06377063848352196
25.400000000000002,0.6583457835266473,0.06396976677671257
25.5,-0.11237110445253967,0.0575818844028988
25.5,0.4065205012792083,0.8638350234897438
25.6,0.7428971207756333,0.692620837272831
25.6,0.7391151495724032,0.6229309130334669
25.700000000000003,0.3682777166665289,0.651843455044268
25.700000000000003,0.3762546294417626,0.6515977192888027
25.8,0.8230936891824413,0.5847855819654673
25.8,0.8199127378829385,0.5226568360348819
25.900000000000002,0.31120299267603946,0.5450640804234661
25.900000000000002,0.30240618474734415,0.5016570746337168
26.0,0.8758817298327779,0.5051898942242055
26.0,0.8841263152066268,0.45425899574310946
26.1,0.26881502801558377,0.45536970430368573
26.1,0.27410909673846745,0.45645222041702116
26.200000000000003,0.8890913542552042,0.3756566047626928
26.200000000000003,0.8890913542552042,0.38160222413124056
26.3,0.1575867149400053,0.37620037020233954
26.3,0.09241291584024705,0.35321916288691246
26.400000000000002,0.8968180972969506,0.3771347412062315
26.400000000000002,0.8968180972969506,0.33259822348718066
26.5,0.058732249973853304,0.31939580956661556
26.5,0.06564105624672749,0.3189419611464905
26.6,0.9064240830123935,0.3257505181407162
26.6,0.9064240830123935,0.28455539524595175
26.700000000000003,-0.04421100598565385,0.2786144771911167
26.700000000000003,-0.08872838850374032,0.26244687134199535
26.8,0.9086950589224913,0.281884794369339
26.8,0.9173123271296724,0.24392486942849356
26.900000000000002,-0.08417556486007405,0.24335559460162517
26.900000000000002,-0.0858996345101686,0.24405353178332162
27.0,0.9290156492206045,0.24590603951447193
27.0,0.9290156492206045,0.21144729671954893
27.1,-0.07383034678249964,0.21679706832038959
27.1,-0.0652030767569481,0.21391590507775718
27.200000000000003,0.9006086773394109,0.20117018310153842
27.200000000000003,0.9014176154635817,0.20076013577894744
27.3,-0.061173078927414345,0.1953257104603015
27.3,-0.052567182700738874,0.1923278244975281
27.400000000000002,0.8009694441696326,0.2102895973820174
27.400000000000002,0.8268189994385706,0.17739339478091262
27.5,-0.0480147463233038,0.1829467050515991
27.5,-0.03945363808070752,0.17453676915635724
27.6,0.7530301971418047,0.16972773077790965
27.6,0.7505148345415485,0.1791002496843273
27.700000000000003,-0.02622356120796411,0.1689438158346271
27.700000000000003,-0.02622356120796411,0.17279379808707307
27.8,0.6823151062665465,0.16238102784281572
27.8,0.688266969608713,0.1697121118062537
27.900000000000002,-0.020078953755213916,0.1638422160754412
27.900000000000002,-0.013036587180626572,0.16091736709080323
28.0,0.6209922078979124,0.187223223049499
28.0,0.6376541900651773,0.1551221236937363
28.1,-0.008035186377999451,0.16176695977370165
28.1,0.00023205489577257654,0.15440411887475258
28.200000000000003,0.5779007373323256,0.18722888071669147
28.200000000000003,0.5876759950252343,0.18421044865542996
28.3,0.4918139464824505,1.0292220928098128
28.3,0.4627663954904701,1.0292220928098128
28.400000000000002,0.6375698774373448,1.0287375920340036
28.400000000000002,0.6595983907279731,0.9439679678336365
28.5,0.47650910503349336,0.8088202822567636
28.5,0.47422889619779485,0.814608727013544
28.6,0.7324559350747519,0.7868167087603426
28.6,0.7397205738594461,0.7828538529734002
28.700000000000003,0.46437439680808856,0.657120912847177
28.700000000000003,0.46444265757308045,0.6569189591079557
28.8,0.8118122719927713,0.5838115983769465
28.8,0.8064745682630275,0.520132176685917
28.900000000000002,0.42831962822699066,0.5115164496719051
28.900000000000002,0.4346567889717577,0.5067770736053965
29.000000000000004,0.8851760131155619,0.44999695439150345
29.000000000000004,0.8737529814048401,0.3984146319381547
29.1,0.3758394212254012,0.3949976538100318
29.1,0.38172772119109977,0.3901273343214655
29.200000000000003,0.9645985018317167,0.352109006145622
29.200000000000003,0.9558248037875502,0.31596065444494026
29.3,0.29819767688003784,0.3076188103508325
29.3,0.30061715925472876,0.30326433157569355
29.400000000000002,0.9645055305469462,0.28616556416646444
29.400000000000002,0.9698839772509729,0.24796457614254175
29.500000000000004,0.29034246841708,0.24813937438987915
29.500000000000004,0.26931942858880326,0.2276308395446282
29.6,0.9665157350215436,0.2379284935604086
29.6,0.9716941423220586,0.20698218448047245
29.700000000000003,0.2996040932459483,0.20387754482682577
29.700000000000003,0.2974378502483288,0.2038992518960522
29.8,0.9693536754964062,0.19524582424759107
29.8,0.9743753389613798,0.1672886299700754
29.900000000000002,0.30209137718132967,0.16999658017087663
29.900000000000002,0.2806445874560428,0.15675660513306236
30.000000000000004,0.9781975727337243,0.144875195383346
30.000000000000004,0.9781975727337243,0.14933943173863742
30.1,0.3044929315336277,0.1432185191995636
30.1,0.2831503650901341,0.13190548913797426
30.200000000000003,0.9777587224862052,0.14388867422189947
30.200000000000003,0.9825714321684001,0.12437708641414044
30.3,0.3107267485971431,0.12178364073809952
30.3,0.2846310912215665,0.11598212203753736
30.400000000000002,0.9828430150957023,0.126671823374398
30.400000000000002,0.9875829974370391,0.12383930022408982
30.500000000000004,0.3061793968635066,0.10678452505237301
30.500000000000004,0.31091515016111626,0.10418822319244936
30.6,0.9879035743531372,0.11072356987166199
30.6,0.9925799810452022,0.10838652993844722
30.700000000000003,0.30641903824663036,0.0946614997247987
30.700000000000003,0.31109716822294897,0.09257292174393275
30.8,0.9933957389115506,0.10043792164887028
30.8,0.9980200136135019,0.08735172527130658
30.900000000000002,0.30620725271712773,0.08908899554597219
30.900000000000002,0.2851967050823284,0.08584494121066424
31.000000000000004,0.9995304992540565,0.09652703130112089
31.000000000000004,1.0041114538243252,0.08394142605280339
31.1,0.3050967085233962,0.08515592335264613
31.1,0.3096879785870832,0.08414189246515491
31.200000000000003,1.0057409561724406,0.09358002917731484
31.200000000000003,1.0102815974737904,0.09284611646900673
31.3,0.2990329050973664,0.08010089528906844
31.3,0.2989906789997649,0.07981415700273686
31.400000000000002,1.0121076874769326,0.09206674499478695
31.400000000000002,1.0163228997178575,0.09186523319105286
31.500000000000004,0.1262012227105553,0.07857277037282595
31.500000000000004,0.12991946213120198,0.07865181725187848
31.6,1.0182212211278152,0.09552985357968513
31.6,1.022687332816362,0.08100260903833187
31.700000000000003,0.02116756997870725,0.0806200998119902
31.700000000000003,0.02561672462596988,0.08333946868506253
31.8,1.0249541923446182,0.09841172779607271
31.8,1.0293829511583321,0.08156983003483584
31.900000000000002,0.028027751035212316,0.0838221390744287
31.900000000000002,0.032439263828616074,0.08501130518408906
32.0,0.9982014693801206,0.10076785648652367
32.0,0.9786920093345564,0.08413693322944066
32.1,0.03946851217813511,0.09052001594410142
32.1,0.03946851217813511,0.08727467015492485
32.2,0.8960443536190805,0.10440651972042689
32.2,0.8783592284341871,0.08786895052036003
32.300000000000004,0.042388234670374045,0.0951078203115387
32.300000000000004,0.04671171580367433,0.09738652150888066
32.4,0.8118291175665535,0.107009132584695
32.4,0.8180796466119696,0.10955028878004186
32.5,0.04953272149397224,0.09734916137091063
32.5,0.05380664974447033,0.09196534468206793
32.6,0.7370642203650666,0.10789156601777403
32.6,0.7181169723873574,0.09163496935001025
32.7,0.05694497485168286,0.10043828801468238
32.7,0.06116041617294091,0.09655620500712894
32.800000000000004,0.6741618014136541,0.10656768160249433
32.800000000000004,0.654702760571417,0.09011515733244105
32.9,0.06435526068779929,0.09892178090380457
32.9,0.0685054966385213,0.09438413465419951
33.0,0.6190877272830003,0.10186759980476418
33.0,0.5991489756268914,0.08634102945741118
33.1,0.07176128067950191,0.09335509024426389
33.1,0.07583868990888867,0.08858284746923431
33.2,0.5705124522135709,0.09277197106571552
33.2,0.5754020372846134,0.09726811931396462
33.300000000000004,0.0790558694094231,0.08155464821748609
33.300000000000004,0.08305444238466782,0.08627262774225314
33.4,1.0866495657449706,0.9719567476482369
33.4,1.0866495657449706,0.9545177744028037
33.5,0.07509107505449934,0.760272661969394
33.5,0.07758776316087244,0.6974705100323418
33.6,1.065724139873746,0.7184037715071625
33.6,1.0703077580564722,0.6486557355235946
33.7,0.1552193839779707,0.6392888816465442
33.7,0.15451999613765005,0.6387716998316101
33.800000000000004,1.0594768376266437,0.578546620424568
33.800000000000004,1.0644605324804546,0.58349437390893
33.9,0.10665039284388456,0.4965808066122889
33.9,0.05521030053075251,0.462695589701132
34.0,1.0566712923920503,0.4805966037550393
34.0,1.0538213765049291,0.4791890480197827
34.1,0.04564635544733427,0.3886196533554244
34.1,0.05147118712915303,0.36989775878462444
34.2,1.0523711467404855,0.3915835607347116
34.2,1.0523711467404855,0.34588103416370924
34.300000000000004,0.04670914599056323,0.3257516036765592
34.300000000000004,0.0528580788484535,0.33045200226602045
34.400000000000006,1.0348794788712055,0.3204436189680152
34.400000000000006,1.0314009025212374,0.2834984367807046
34.5,0.05081833738259097,0.2708901484134165
34.5,0.0572296501644312,0.2665315713069502
34.6,0.9334885337885569,0.27368550305810024
34.6,0.9427631860515961,0.2784577291380567
34.7,0.056974809433093694,0.21681975792474384
34.7,0.06360383068644598,0.2105438073410853
34.800000000000004,0.8549211709268284,0.2293937742766618
34.800000000000004,0.8369888955187478,0.1889018273853041
34.900000000000006,0.06691609439956309,0.1844261894909017
34.900000000000006,0.07227277497755533,0.18316019623609175
35.0,0.7840800790439008,0.1848186038081751
35.0,0.7865753227170407,0.18423033781593479
35.1,0.0749533686341008,0.1389311492762101
35.1,0.08184984162111507,0.13710724131364352
35.2,0.7120217834329094,0.1354689412788655
35.2,0.6928747169333083,0.12313813153789793
35.300000000000004,0.08581437571834613,0.10595373827070512
35.300000000000004,0.09277110447591096,0.10753441272331865
35.400000000000006,0.654405734052996,0.09528782939425035
35.400000000000006,0.6626001738069156,0.09995487790254681
35.5,0.10442680320477696,0.07145199271233608
35.5,0.10442680320477696,0.05459450811648732
35.6,0.6072199756773097,0.06394802103565264
35.6,0.6085856356878577,0.06335770394299384
35.7,0.10994059216091873,0.03651727935440105
35.7,0.11687218323063854,0.041663388523158124
35.800000000000004,0.5561017514833192,0.02781061572505787
35.800000000000004,0.5571440821790492,0.027231869692590463
35.900000000000006,0.12309719262183545,0.005136648447234549
35.900000000000006,0.12979240711469087,0.010223438568181226
36.0,0.5101086968107862,-0.003335091381135122
36.0,0.5108582403642445,-0.0038918910725472544
36.1,0.14310533596994057,-0.018682188182614398
36.1,0.14310533596994057,-0.01921670962013626
36.2,0.4618374914078139,-0.03903754855987601
36.2,0.4688890240088982,-0.03358008101773556
36.300000000000004,0.15005402289086148,-0.05367398307696971
36.300000000000004,0.15650073328954656,-0.045185561117266425
36.400000000000006,0.42370601283496667,-0.06702051687775624
36.400000000000006,0.43005713492394154,-0.05968603227606327
36.5,0.16349398710615995,-0.07729288994883235
36.5,0.16965245113108315,-0.06596872011703597
36.6,0.38843020917223514,-0.09211305771034939
36.6,0.3584652556321986,-0.0789393407388204
36.7,0.17641366655332338,-0.10583826836255399
36.7,0.182229364144612,-0.09386808701566278
36.800000000000004,0.358444192365805,-0.12294293661558696
36.800000000000004,0.36374281676767756,-0.11532434692536189
36.900000000000006,0.18863262752605198,-0.1383232904954699
36.900000000000006,0.19403988160374905,-0.13062938289891957
37.0,0.32989740691545033,-0.16052503455613504
37.0,0.2992047621495991,-0.1436293731954777
37.1,0.1997992758504103,-0.18287708429278954
37.1,0.20473035752997956,-0.1689875316956198
37.2,0.3055464871675988,-0.2104212960992422
37.2,0.2745650864600473,-0.19312922531813662
37.300000000000004,0.21661640225403672,-0.23927472232793812
37.300000000000004,0.21386865237838593,-0.22412133523496103
37.400000000000006,0.2797443051208386,-0.28432784603853595
37.400000000000006,0.28309729931643934,-0.27627054935839296
37.5,0.21717458134869327,-0.32745945108762703
37.5,0.2209429292321269,-0.3193405424200475
37.6,0.2573991387855148,-0.3922874262532139
37.6,0.23150950523625183,-0.37191289493750723
37.7,0.23607785072651463,-0.46380565155198156
37.7,0.22511204069694926,-0.446452956778034
37.800000000000004,0.2353406102641705,-0.5501736498212407
37.800000000000004,0.2256686530863931,-0.5349649620204079
37.900000000000006,0.22748350299997072,-0.6455415095854795
37.900000000000006,0.22875476047075566,-0.6373804417262524
38.0,0.21978666320332063,-0.7499674272731348
38.0,0.22150129567120497,-0.7419084740031608
38.1,0.21470272559563053,-0.868769094875423
38.1,0.2158698600596196,-0.8609010235896563
38.2,0.2113486583692254,-0.9920941022515571
38.2,0.2070082042083385,-0.9770135014228292
38.300000000000004,0.194243310636332,-1.0370480591182796
38.300000000000004,0.1941712357983953,-1.0310546686262723
38.400000000000006,0.18571513436131043,-1.0144331413472534
38.400000000000006,0.1776361457782857,-1.0086975008872956
38.5,0.1768191730433482,-0.9938504950303688
38.5,0.16948571822050382,-0.9884432943235157
38.6,0.17042262578327308,-0.9755442118293296
38.6,0.1678147577934201,-0.9705266038221964
38.7,0.15560123740412357,-0.9601393991051548
38.7,0.1452146170233975,-0.955141784054012
38.800000000000004,0.15973077664802685,-0.9504794135239019
38.800000000000004,0.14622210889060092,-0.9423133856896916
38.900000000000006,0.11915589552694579,-0.932053449234078
38.900000000000006,0.11848869067895924,-0.932053449234078
39.0,0.12877462840175302,-0.9274179156934026
39.0,0.11428149847098296,-0.9243680331019275
39.1,0.117718670676762,-0.9228237291261009
39.1,0.11720513188190203,-0.9228237291261009
39.2,0.08696015898302112,-0.9187463863473345
39.2,0.08642906810786412,-0.9187463863473345
39.300000000000004,0.0768601337000416,-0.9181710198537845
39.300000000000004,0.07284116939323226,-0.9167901507570464
39.400000000000006,0.07795917139330157,-0.9183060366257716
39.400000000000006,0.07413591730503566,-0.9173414271261158
39.5,0.03686276109874456,-0.924399327773887
39.5,0.03648228870084244,-0.924399327773887
39.6,0.07118920579351821,-0.9279130931521478
39.6,0.05738826566701134,-0.9319505029360301
39.7,0.008695910990665134,-0.888945958145992
39.7,0.00842554410311483,-0.8902807903967662
39.800000000000004,0.05788912602053367,-0.743955040052841
39.800000000000004,0.05786482892431519,-0.7451721548392429
39.900000000000006,-0.017740026162620243,-0.6220387988097158
39.900000000000006,-0.020354757836169912,-0.6245970223749115
40.0,0.05173041216342672,-0.519877826314777
40.0,0.049797566864174136,-0.522595031628619
40.1,-0.02952894714989257,-0.4053401548878922
40.1,-0.03375552210684074,-0.4096415404491547
40.2,0.03693388634828937,-0.32723806513250386
40.2,0.037077882613290813,-0.32772390607123725
40.300000000000004,-0.027502545566754327,-0.23229252617351653
40.300000000000004,-0.028696763410002518,-0.2350413126954395
40.400000000000006,0.023643549837823158,-0.16982322964800692
40.400000000000006,0.02285840776837139,-0.170877456961302
40.5,-0.017195830493066527,-0.09626141366649787
40.5,-0.01768948732312481,-0.0989342236638362
40.6,0.00031196345234904554,-0.03332624505393375
40.6,0.00020671664290602965,-0.03312009539692584
40.7,-0.002094824438067744,0.04202498019999215
40.7,-0.002080362810355091,0.042610098484386405
40.800000000000004,-0.0020244804868542465,0.12302926047024457
40.800000000000004,0.0009033500396099514,0.11191947325098674
40.900000000000006,-0.001324964553432617,0.20507702477962522
40.900000000000006,-0.0017223045051202313,0.17894115369113958
41.0,0.002754127225651243,0.2774982897712981
41.0,0.003164061339832158,0.2793506091442888
41.1,-0.0007722213848234127,0.34630368059712624
41.1,0.00038648157362020097,0.3061070139975445
41.2,0.006282246737499414,0.4235676650990605
41.2,0.007671365670408686,0.42171492259497084
41.300000000000004,0.0031086017597851123,0.4844300814971161
41.300000000000004,0.004614705341294406,0.4329651030620293
41.400000000000006,0.013072462608267749,0.562915538882343
41.400000000000006,0.014755058245463998,0.5103823711600974
41.5,0.008455489800982874,0.6348261739529915
41.5,0.009827194519115706,0.7176811191774468
41.6,0.022144060769351104,0.6676176952199786
41.6,0.02716788797323985,0.6762434384700564
41.7,0.02192536554832461,0.7497330321254223
41.7,0.02184748436938469,0.7538863615377964
41.800000000000004,0.04176987602548449,0.8180606929726284
41.800000000000004,0.03681954487517988,0.7437588296306376
41.900000000000006,0.025867113292111388,0.9031894145044993
41.900000000000006,0.031320283182025704,0.9123414335693114
42.0,0.04427586132432784,0.9810566561437003
42.0,0.0441299332052659,0.9866915567199106
42.1,0.04517778401424766,1.0549472804769642
42.1,0.04496794676131535,1.060960537373226
42.2,0.06258646155799713,1.1195062414563304
42.2,0.07134004631286846,1.1296761208504316
42.300000000000004,0.04877577213149842,1.1888845866820021
42.300000000000004,0.058430341856616094,1.1918674385253978
42.400000000000006,0.08355836669927744,1.2405051773142817
42.400000000000006,0.09354599883659914,1.2493596785117425
42.5,0.0721413570049169,1.277328036526812
42.5,0.07173480991130422,1.2836015304630912
42.6,0.12825280211206141,1.291208100478641
42.6,0.12796196818556366,1.2971661657942821
42.7,0.07922296643707395,1.2838691013445314
42.7,0.07865834365746864,1.2894084000483108
42.800000000000004,0.14295337167238883,1.2861404772093892
42.800000000000004,0.1425933488875678,1.2912530359681345
42.900000000000006,0.0799181167744783,1.2456586823837588
42.900000000000006,0.07895114597998512,1.191625672016338
43.0,0.17195118422847155,1.23841745533682
43.0,0.16643893212713062,1.236332735614763
43.1,0.0879154611882179,1.157530943571383
43.1,0.08130157331635704,1.1555205622859785
43.2,0.1867559956813291,1.1088613191420646
43.2,0.17829574570204015,1.0173020008003282
43.300000000000004,0.08937151574770962,1.039607304679307
43.300000000000004,0.08228976478630635,0.9937085698967834
43.400000000000006,0.19408939028743316,0.9838935663849075
43.400000000000006,0.19378659920274194,0.9871653745175437
43.5,0.09143944107508176,0.8807519794448111
43.5,0.08342392667002123,0.8800521485271191
43.6,0.18271794672135572,0.8288285083839602
43.6,0.17399026521574018,0.8285984614927917
43.7,0.07520361226768038,0.7434075410525007
43.7,0.07749124862902756,0.7437266693820296
43.800000000000004,0.17987771148534892,0.6842348038973456
43.800000000000004,0.1704020027169309,0.621539421041413
43.900000000000006,0.07548994909556672,0.6226742089614781
43.900000000000006,0.07615165219624073,0.6236142715814698
44.0,0.16721453814506979,0.5666803116678345
44.0,0.1573535149022069,0.51183994103243
44.1,0.062353881763189574,0.5157974915083658
44.1,0.061696619852053776,0.5184773875788968
44.2,0.17795784413715587,0.4643581039762043
44.2,0.16823370312481917,0.46611529373030697
44.300000000000004,0.04534064851704395,0.41377733423806645
44.300000000000004,0.035711808875303556,0.4157346623592784
44.400000000000006,0.1921629505351501,0.37555714590030076
44.400000000000006,0.1721485883917072,0.3329973977891354
44.5,0.03227995639482802,0.33088750324770644
44.5,0.01837039298759193,0.31036125076854043
44.6,0.1949540556227512,0.30944103068282547
44.6,0.18523979479957023,0.3117417034102576
44.7,0.010104827521492972,0.2594520575427176
44.7,0.00032252436899689145,0.23774646654043918
44.800000000000004,0.17826707350395476,0.25169247490269125
44.800000000000004,0.1785384898643911,0.2539216887862509
44.900000000000006,-0.008374316971061318,0.20538099368986829
44.900000000000006,-0.018153036679792338,0.18551967008340464
45.0,0.18095969691369995,0.20251412042211847
45.0,0.17135575531333902,0.20509303122109282
45.1,-0.03682719795260127,0.1261059121719187
45.1,-0.03682719795260127,0.1279667159486137
45.2,0.17664792469846707,0.1585535952087844
45.2,0.18656395947437504,0.1379453969566255
45.300000000000004,-0.046114543731353666,0.12429611104413482
45.300000000000004,-0.046114543731353666,0.12607860921726893
45.400000000000006,0.16689707198257764,0.1152743211946035
45.400000000000006,0.15757820791729427,0.11781535687098665
45.5,-0.036061595064109886,0.08920824543570832
45.5,-0.04611217295136341,0.09171624116263527
45.6,0.14757915013745335,0.08360040900686598
45.6,0.14784155514944597,0.08518828694536854
45.7,-0.04012331223676306,0.06231137420771044
45.7,-0.049940135392700216,0.06475155197683136
45.800000000000004,0.13363475893112814,0.05773037928424439
45.800000000000004,0.12467879537195212,0.06012964229667607
45.900000000000006,-0.028251134289468294,0.04326540072120026
45.900000000000006,-0.06781019552179059,0.036619700339842874
46.0,0.12808536433574313,0.039553239133239854
46.0,0.12848805127688018,0.04097063714644394
46.1,-0.05644702295673146,0.030295912972050594
46.1,-0.05671986467391679,0.03180144924521586
46.2,0.10885939846434323,0.02566590772363582
46.2,0.10918518711870556,0.026906541813514366
46.300000000000004,-0.047811390991845004,0.02010367737615909
46.300000000000004,-0.048066130811211055,0.021297206137669486
46.400000000000006,0.08380946574814255,0.01651128512651303
46.400000000000006,0.0756764076735714,0.01865911004884531
46.5,-0.013375131478369051,0.012369792372161445
46.5,-0.051675166109657306,0.01000147819698314
46.6,0.06623348532128726,0.011399365856417355
46.6,0.06655126092755467,0.012472326235266847
46.7,-0.015297601214174394,0.00863283100813348
46.7,-0.0531076052906954,0.006928572218172092
46.800000000000004,0.06346849960803433,0.006699162785934458
46.800000000000004,0.05611454247748526,0.008707527351405474
46.900000000000006,-0.014879813971071687,0.006789211621801676
46.900000000000006,-0.02232345241231437,0.008772163513548266
47.0,0.018886131861521688,0.00413961903581396
47.0,0.037054632406126026,0.004434364488322039
47.1,-0.005634796408432063,0.0034376194145317868
47.1,-0.01255832084278874,0.005331969357219878
47.2,-0.0003433334459227444,0.0030929012580283854
47.2,-0.000131982190626323,0.003990932577291655
47.300000000000004,-0.005052283693029236,0.002881249980406911
47.300000000000004,-0.004835879547156946,0.0037575977253406084
47.400000000000006,-0.0032059348296229195,0.0016525535311914252
47.400000000000006,-0.009332965382308683,0.003471125081590573
47.5,-0.013830853892496664,0.002363854187403411
47.5,-0.013604625096496653,0.003202693714194696
47.6,-0.017872005250347406,0.002153328020819828
47.6,-0.017640941476569194,0.0029761137850626285
47.7,-0.021668849105739213,0.00200722040674986
47.7,-0.021433139010474778,0.0028150707554970567
47.800000000000004,-0.019177910241717777,0.0009907483155429664
47.800000000000004,-0.024239145782188,0.0027368148047711566
47.900000000000006,-0.019704879782945856,0.0010128303381228276
47.900000000000006,-0.024472465814148886,0.0027449717456968364
48.0,-0.02272141965645111,0.0010602304655080996
48.0,-0.022457523083557196,0.0018246054051898053
48.1,-0.027920963747762678,0.0010454504436641643
48.1,-0.006866036009512855,0.002553341848020127
48.2,-0.032490707630187465,0.0007837676546012251
48.2,-0.03223616818182212,0.0015262452940860288
48.300000000000004,-0.02655859407850275,0.001511405687438197
48.300000000000004,-0.026248446441941853,0.0022483678987813976
48.400000000000006,-0.03128373239149823,0.0007074682393659604
48.400000000000006,-0.03456155002196648,0.0023871637478705965
48.5,-0.02426864001322543,0.0007121323496040027
48.5,-0.027200405372109215,0.00238428004424715
48.6,-0.036727887585277785,0.001777097325446092
48.6,-0.010019799578157074,-0.0016192069588028962
48.7,-0.044735569225269084,0.0013702556246920211
48.7,-0.04446605988363958,0.0020725792534419113
48.800000000000004,-0.01776161197205256,0.00014864165742288493
48.800000000000004,0.00848984800428415,0.0021472956425254708
48.900000000000006,-0.0438584335185378,0.0002929399980798886
48.900000000000006,-0.043583826296423905,0.0009858783107104807
49.0,-0.019951310711322556,-0.00019899502645641387
49.0,-0.021254801457851136,0.0014432701305820694
49.1,-0.04413146281245969,-3.473965007196045e-05
49.1,-0.04521048243983683,0.0016031768171394234
49.2,-0.018425530597046547,-0.0003885824039900482
49.2,-0.019072715385016703,0.0012446882615290977
49.300000000000004,-0.04433813584659929,-0.0003250561295733978
49.300000000000004,-0.04405581126426081,0.00035721569034712075
49.400000000000006,-0.01881292344599128,-0.0008545382810471736
49.400000000000006,0.0093202717167849,0.0014679522624693048
49.5,-0.042867360601631044,-0.0010863991251011396
49.5,-0.042645177240758836,0.000534145760882121
49.6,-0.018359827893422553,-0.002002267224295237
49.6,-0.01771376891314952,-0.00038442334301024006
49.7,-0.040484313098591906,-0.0023170394448157466
49.7,-0.03961126164718809,-0.000705680089610819
49.800000000000004,-0.018703341244882876,-0.0032008856357699927
49.800000000000004,-0.017422342377146904,-0.0015945281694477037
49.900000000000006,-0.03708395631563505,-0.0037766557750209817
49.900000000000006,-0.014557612559082889,-0.0017418578907826
50.0,-0.03354885676529579,-0.0042788536918084985
50.0,-0.033265601546477286,-0.0036013836024382795
50.1,-0.019416107211275624,-0.0064394741717102855
50.1,0.00914320259238377,-0.008453339136790652
50.2,-0.030192975772217856,-0.007596718331669375
50.2,-0.027719648248809625,-0.0060129533871395024
50.300000000000004,-0.02000748903697963,-0.00921198136065822
50.300000000000004,-0.01969717107991592,-0.008537249913514067
50.400000000000006,-0.021675644752421952,-0.009759547745163744
50.400000000000006,-0.021404029245339018,-0.009119960638022354
50.5,-0.02062645918081213,-0.01240395507112052
50.5,0.007885530343669567,-0.00882888287504155
50.6,-0.01781515602660272,-0.014416020593188389
50.6,-0.017544547236927888,-0.013759250292686556
50.7,-0.014193003386282543,-0.016731877984503027
50.7,-0.01019828616639007,-0.015230176517378152
50.800000000000004,-0.010324519286627531,-0.019034115630478396
50.800000000000004,0.006255671298157683,-0.014434908649551659
50.900000000000006,-0.0018717681596502889,-0.020811889888955534
50.900000000000006,-0.001611136344043529,-0.020143160438264085
51.0,-0.0018738103693946018,-0.024389248435129116
51.0,0.0029805324272253464,-0.02292361556641398
51.1,0.0075370029254188675,-0.026505547794887785
51.1,0.007789858476707878,-0.025824418311050132
51.2,0.0125559292105204,-0.029471868849576352
51.2,0.01280205789801575,-0.028789373028522885
51.300000000000004,0.017766497591028912,-0.03246841583559143
51.300000000000004,0.01702624522899082,-0.03802622769367994
51.400000000000006,0.023148730231291492,-0.03545880079483729
51.400000000000006,0.02337593481182182,-0.03477972933833487
51.5,0.02586097438419549,-0.03856310476154892
51.5,0.02608770793957005,-0.03783461311002892
51.6,0.02862972104045708,-0.04187177127709696
51.6,0.028819288122201192,-0.041173670953528044
51.7,0.03145706888929328,-0.04538885172326454
51.7,0.031649592762474615,-0.04463063255343319
51.800000000000004,0.03430840942172925,-0.04897937569228211
51.800000000000004,0.034482976110207064,-0.048203601185682454
51.900000000000006,0.030012409069210377,-0.05291138098928204
51.900000000000006,0.0370448899080085,-0.05153215806735956
52.0,0.03267076881698952,-0.05629591439826541
52.0,0.039900539328213164,-0.05492082681039763
52.1,0.04236826639024305,-0.059288163680801254
52.1,0.04248319098158698,-0.05844614163835293
52.2,0.03783708718042347,-0.06355616299743119
52.2,0.04543382321519063,-0.06218171882875312
52.300000000000004,0.04799056480436115,-0.06687947626253408
52.300000000000004,0.0479992674163999,-0.06608717568058473
52.400000000000006,0.04311340129170399,-0.07163205065372208
52.400000000000006,0.024879784521480375,-0.05948404023248115
52.5,0.07659713251008682,-0.07888336014791958
52.5,0.08480294374274899,-0.07749013113085451
52.6,0.012385206398559834,-0.07680307393459436
52.6,0.020454308112405978,-0.07539779595544219
52.7,0.09956499446818562,-0.08874015658750645
52.7,0.09966534449851933,-0.08774311482963087
52.800000000000004,0.00679606024680085,-0.08550164208272754
52.800000000000004,0.006564586635118247,-0.08438109049852383
52.900000000000006,0.11418376289904844,-0.10097959655764378
52.900000000000006,0.11432838465224582,-0.09980654413220831
53.0,0.0013288778009546143,-0.09615483817162941
53.0,0.009487687366699776,-0.09494454877339625
53.1,0.11753901144830112,-0.11558809126813473
53.1,0.12647999396654108,-0.11406497570845345
53.2,0.007450852019398352,-0.10935220044398461
53.2,0.006699599290552444,-0.10831777507262674
53.300000000000004,0.1383026886397099,-0.13329306871571828
53.300000000000004,0.13033255715672898,-0.1085929363390553
53.400000000000006,0.006269773720435662,-0.13025942992083
53.400000000000006,0.014990875468189849,-0.12845612191312153
53.5,0.14462130654937788,-0.158167719494053
53.5,0.14468217980225778,-0.15648778996179236
53.6,-0.0007814055420135163,-0.15341884577308942
53.6,-0.0013215469365943783,-0.15160464275564797
53.7,0.15262102988954157,-0.19054939832607065
53.7,0.16203617018471897,-0.1882870394340683
53.800000000000004,-0.0020840512639391864,-0.19064564718807772
53.800000000000004,-0.029812874205833763,-0.18118816304366905
53.900000000000006,0.18720543420234675,-0.24414812890437826
53.900000000000006,0.1967709393118463,-0.24138543690653996
54.0,-0.03253874605342422,-0.26072820484667325
54.0,-0.0334643181364247,-0.25833917295302306
54.1,0.21043862780333789,-0.3612058508193368
54.1,0.20999137884819805,-0.35834276872673326
54.2,-0.026580159286716448,-0.44091669151534
54.2,-0.017131302177402545,-0.4372371254145736
54.300000000000004,0.19994622355423772,-0.7506068054298013
54.300000000000004,0.19849813356025867,-0.7488537511591673
54.400000000000006,-0.008520848026043665,-1.096798356540261
54.400000000000006,-0.008520848026043665,-1.096798356540261
54.5,0.18345261807411703,-1.097961216067851
54.5,0.192676639546659,-1.0959188632021837
54.6,-0.018439864604444606,-1.0972164431638927
54.6,-0.009511348587393526,-1.0943868655485824
54.7,0.18013379063423066,-1.0957698464479781
54.7,0.18878728186467006,-1.0921979201911636
54.800000000000004,-0.021193584658775147,-1.0937406404168875
54.800000000000004,-0.012983195540147721,-1.0894614244183083
54.900000000000006,0.18555668027767697,-1.0862654537264254
54.900000000000006,0.18562240072873493,-1.0862654537264254
55.0,-0.026418561626440976,-1.0882711737023998
55.0,-0.019173162668367057,-1.0827436355423927
55.1,0.1737016788367348,-1.0850828582120116
55.1,0.18047665565079715,-1.0790214822899324
55.2,-0.0287042178748345,-1.0752465634850452
55.2,-0.0287042178748345,-1.0752465634850452
55.300000000000004,0.18084315879852875,-1.0767512883889645
55.300000000000004,0.18676974134110683,-1.0700824192990486
55.400000000000006,-0.03562647015490213,-1.0663009093441995
55.400000000000006,-0.04179481656999399,-1.0680989555546785
55.5,0.17527089051502942,-1.072517410625885
55.5,0.17965004074629665,-1.0650017520662218
55.6,-0.061920062813615825,-1.070183365420652
55.6,-0.05841904666411184,-1.0624758923779496
55.7,0.18556748040908203,-1.0576704051745867
55.7,0.1794998783860424,-1.0605954024648214
55.800000000000004,-0.07187861950208604,-1.0561468587536114
55.800000000000004,-0.07837762093251746,-1.05958201423985
55.900000000000006,0.1674774777716544,-1.06742646975588
55.900000000000006,0.18047176354113031,-1.0595386495420154
56.0,-0.09597029149478127,-1.0638881401431768
56.0,-0.10116965576446754,-1.0605810830204652
56.1,0.17186941975630216,-1.0705484483034011
56.1,0.18282788239197353,-1.0628377874020645
56.2,-0.1256064707101771,-1.0739769242883659
56.2,-0.12587282474317624,-1.0664329254103047
56.300000000000004,0.18721798501424677,-1.078643024639618
56.300000000000004,0.1898908774758909,-1.0713111094486214
56.400000000000006,-0.14983935232993403,-1.0847316678324925
56.400000000000006,-0.15113870190878817,-1.0776521049172127
56.5,0.19628237116158856,-1.0924429070446515
56.5,0.20323754383206027,-1.0856523469355923
56.6,-0.1738917071307179,-1.1017383992358891
56.6,-0.1760817027254788,-1.095267857408532
56.7,0.20673292102802582,-1.1126197133112887
56.7,0.21887707410082546,-1.1064945266608848
56.800000000000004,-0.19223432598460696,-1.1158129962159553
56.800000000000004,-0.19604969143431167,-1.1251267325315497
56.900000000000006,0.2194870913667444,-1.1393788636281603
56.900000000000006,0.23221322642178358,-1.1340022438172874
57.0,-0.21222098429718683,-1.1446505083311396
57.0,-0.2147004557234823,-1.1552224753230251
57.1,0.23415458282829335,-1.1567674012342632
57.1,0.2334528141799422,-1.168186790819189
57.2,-0.22715119483852322,-1.1201777067288616
57.2,-0.22715119483852322,-1.121147053587762
57.300000000000004,0.25171111879042024,-1.0061730769740047
57.300000000000004,0.24904956826135363,-1.003335881944293
57.400000000000006,-0.23909095303294917,-0.8529063402628725
57.400000000000006,-0.23825739773801916,-0.8640583700413859
57.50000000000001,0.2684797628539198,-0.779185008484993
57.50000000000001,0.2660209886052016,-0.7767119104656665
57.6,-0.2404606587702911,-0.682763265470546
57.6,-0.2404606587702911,-0.6836279818224096
57.7,0.2774226699913917,-0.6289030792376475
57.7,0.27506280119538973,-0.6268318256884811
57.800000000000004,-0.2390328558935115,-0.5391411485093356
57.800000000000004,-0.24082748017478886,-0.5433237909765906
57.900000000000006,0.27433168245680956,-0.49816926393830185
57.900000000000006,0.272296914528569,-0.496107431645026
58.00000000000001,-0.2421566722035819,-0.42931451369417734
58.00000000000001,-0.24027093026490662,-0.4353496376660063
58.1,0.2649720051829803,-0.39348481054033047
58.1,0.26814680273662495,-0.3987793358466325
58.2,-0.23804092057703632,-0.35278039571778447
58.2,-0.24106422073186154,-0.35062325680109985
58.300000000000004,0.27275808085892284,-0.3268776358272184
58.300000000000004,0.27133614358994096,-0.32465466648985425
58.400000000000006,-0.23729230770790158,-0.2839733071135579
58.400000000000006,-0.23823675127788896,-0.2854734531336956
58.50000000000001,0.2629364322526717,-0.2574450258924688
58.50000000000001,0.2659227989685247,-0.2615124339336239
58.6,-0.23436423304193177,-0.23651892902524851
58.6,-0.23675913154937697,-0.21290159393637456
58.7,0.2667408676602418,-0.22134495437092258
58.7,0.26594813460324407,-0.2186388101972685
58.800000000000004,-0.23500585620989797,-0.2001673876817967
58.800000000000004,-0.23366151570924945,-0.20334955409387936
58.900000000000006,0.26697194456198003,-0.18903424089787307
58.900000000000006,0.303027167757178,-0.16706611038986804
59.00000000000001,-0.23558695173902244,-0.17548539679961517
59.00000000000001,-0.23457358686071741,-0.1780315672503749
59.1,0.26875319295938177,-0.17010375444892167
59.1,0.26859947122870015,-0.16673349075842261
59.2,-0.2328583746292006,-0.16004520719160673
59.2,-0.2318127617124005,-0.16252753189450017
59.300000000000004,0.2668178066145136,-0.1530856267336805
59.300000000000004,0.2681780527610487,-0.1536186984751987
59.400000000000006,-0.23238586546290624,-0.1439865883105161
59.400000000000006,-0.2314638617521771,-0.1462733271339653
59.50000000000001,0.2689547854342463,-0.14512142285483995
59.50000000000001,0.2703116492966366,-0.14561300883291042
59.6,-0.22876463579593898,-0.1440796487501268
59.6,-0.2294937201444952,-0.13973200479532252
59.7,0.2694284971802987,-0.1375635345494176
59.7,0.2707727830605406,-0.1380127159406486
59.800000000000004,-0.2267520072926026,-0.14245999269073176
59.800000000000004,-0.22718818443978106,-0.13771232372725398
59.900000000000006,0.2698838032472821,-0.14193506969930864
59.900000000000006,0.27091505331266214,-0.1369924427741781
60.00000000000001,-0.22449305162489175,-0.13771521590007046
60.00000000000001,-0.22449305162489175,-0.13809337989983952
60.1,0.2696288116830161,-0.1437859544273946
60.1,0.2709012327149106,-0.13844394579222832
60.2,-0.22141380442920952,-0.1402129960918542
60.2,-0.22141380442920952,-0.14054568497319714
60.300000000000004,0.26995114790079006,-0.14750045898410585
60.300000000000004,0.2714391731436816,-0.14176383668959275
60.400000000000006,-0.21828360628667237,-0.15055388441992057
60.400000000000006,-0.2179872683635657,-0.13107100145566664
60.50000000000001,0.2697936423378954,-0.15587984430164764
60.50000000000001,0.30429956546639236,-0.13887866206569843
60.6,-0.21494360857243397,-0.1603411981882624
60.6,-0.21444893919461325,-0.14106375174142108
60.7,0.26884806486968404,-0.16501298181193885
60.7,0.2706893642730439,-0.1585154310777419
60.800000000000004,-0.2112399475906469,-0.15898897196001963
60.800000000000004,-0.21058570325978815,-0.1608385246584671
60.900000000000006,0.2704487933112869,-0.17485359210917922
60.900000000000006,0.3027821876477969,-0.15175829466027813
61.00000000000001,-0.20743680893489994,-0.17951092335618402
61.00000000000001,-0.20664849936389923,-0.158926109374145
61.1,0.2692751048586345,-0.18942650676701056
61.1,0.27183874443407746,-0.1835031341479341
61.2,-0.2036277589870045,-0.19163674231688543
61.2,-0.20272988728762015,-0.16750360075393342
61.300000000000004,0.269749868198758,-0.2074436492776212
61.300000000000004,0.27195640618869676,-0.19991475480270507
61.400000000000006,-0.1993676756554586,-0.20173354005949326
61.400000000000006,-0.19892373378734646,-0.20331517759017578
61.50000000000001,0.2706343210241388,-0.22475961385497978
61.50000000000001,0.2728489773014152,-0.21691950610612737
61.6,-0.1961995855057362,-0.2291109864179311
61.6,-0.1951564353099444,-0.19912368893999705
61.7,0.2700502779530852,-0.24804986727888934
61.7,0.27229527277246024,-0.23992966083795172
61.800000000000004,-0.19307519745179227,-0.24809444194754873
61.800000000000004,-0.1919277756904862,-0.23985120332175475
61.900000000000006,0.27190863593872644,-0.25827708596789584
61.900000000000006,0.27328934910929104,-0.2595084996726936
62.00000000000001,-0.18829436451315154,-0.26223431825013876
62.00000000000001,-0.18829436451315154,-0.2620669872028245
62.1,0.26895377227489614,-0.2840186816995809
62.1,0.2703160853150419,-0.2852985166538756
62.2,-0.18654466242845774,-0.2854508123091835
62.2,-0.18654466242845774,-0.28522245570555577
62.300000000000004,0.269116711554501,-0.29906276640229945
62.300000000000004,0.2713054340033361,-0.2902790329981781
62.400000000000006,-0.18280946072506743,-0.29376959698650534
62.400000000000006,-0.18275957112102273,-0.29514782701972625
62.50000000000001,0.26632290270413816,-0.31590046338924144
62.50000000000001,0.2674181905926362,-0.3155848437884583
62.6,-0.18163474667488916,-0.3162760053960335
62.6,-0.180800842735707,-0.2772802653004287
62.7,0.26593607379623285,-0.3284398447912438
62.7,0.2670168216932802,-0.32806824725015515
62.800000000000004,-0.17932826119133938,-0.32113339198810725
62.800000000000004,-0.1794889137009751,-0.3226898462057994
62.900000000000006,0.26427232852983296,-0.34161069657491605
62.900000000000006,0.26606451186093616,-0.33246727077665433
63.00000000000001,-0.17932820827387044,-0.3387056542422232
63.00000000000001,-0.17895746497260118,-0.3315219201195441
63.1,0.2642400642086917,-0.3401609687817895
63.1,0.26498671403969526,-0.34166443427026233
63.2,-0.17886175987194722,-0.3355564036302727
63.2,-0.1792443667839149,-0.33713056714101614
63.300000000000004,0.2637945169059812,-0.3449797799437125
63.300000000000004,0.26443103854860484,-0.3464972914044917
63.400000000000006,-0.17986930437689555,-0.3392083478718634
63.400000000000006,-0.18036236098897054,-0.340798960395104
63.50000000000001,0.2636840243273699,-0.3476325447723245
63.50000000000001,0.2642184790745745,-0.3491642449261454
63.6,-0.1816963027409655,-0.3407939111805551
63.6,-0.18229441433763519,-0.34239954373960535
63.7,0.26392458976869737,-0.34821600002744263
63.7,0.2643682774148335,-0.34976096012841185
63.800000000000004,-0.18420423392739657,-0.34876195105897645
63.800000000000004,-0.18430026638471508,-0.33980014240509354
63.900000000000006,0.26385878905600535,-0.3556819761600969
63.900000000000006,0.2640500256826449,-0.348942433264506
64.0,-0.18803076133167856,-0.34883652291219247
64.0,-0.18838137251631729,-0.3400400685356304
64.10000000000001,0.2650823637018984,-0.35412108915025514
64.10000000000001,0.2657644147804571,-0.34542007014937526
64.2,-0.19190372779373166,-0.3445928733477751
64.2,-0.19238406236481678,-0.3359990826521949
64.3,0.2664021722212231,-0.34901140683594967
64.3,0.2669894741978303,-0.3405308338750771
64.4,-0.19689165129474095,-0.33112531350041063
64.4,-0.19689165129474095,-0.3304727478282652
64.5,0.2679995544014728,-0.3421756358945327
64.5,0.2685276463591415,-0.33394868226360985
64.60000000000001,-0.20117975507505217,-0.33138254272643936
64.60000000000001,-0.201825982726169,-0.32329537269949227
64.7,0.26984238823401746,-0.3332356817103267
64.7,0.2703452405515099,-0.32529172755242075
64.8,-0.20543550171949673,-0.3143073936489619
64.8,-0.20543550171949673,-0.3136419626148007
64.9,0.26990387945370753,-0.3174771645224035
64.9,0.2694490676973984,-0.31223518627939706
65.0,-0.21271255974682907,-0.29416597673878264
65.0,-0.21271255974682907,-0.29350004098117266
65.10000000000001,0.2695652713530708,-0.2917521053895402
65.10000000000001,0.26968755730013894,-0.29358421165543874
65.2,-0.21659728534426792,-0.28269360376253627
65.2,-0.21659728534426792,-0.28202738919969605
65.3,0.26966660993945296,-0.2753210699697436
65.3,0.269832554221826,-0.2770919174741622
65.4,-0.2220603423992866,-0.2634719181365446
65.4,-0.22314918698351027,-0.2654955388467437
65.5,0.27319564906279237,-0.2588850954902645
65.5,0.27340794703284327,-0.2606393630027732
65.60000000000001,-0.2273938605238618,-0.2399358879336233
65.60000000000001,-0.22897162007743865,-0.236339397485761
65.7,0.27148684903757503,-0.23974737413394553
65.7,0.27274730906660105,-0.23908861492896932
65.8,-0.23391597266167655,-0.21645051215867267
65.8,-0.23391597266167655,-0.21579340465676655
65.9,0.27182082623681153,-0.21675469346381782
65.9,0.27195181811582114,-0.2133396830004251
66.0,-0.23713013892499935,-0.1949704781308837
66.0,-0.2381747176844789,-0.1968510781448512
66.10000000000001,0.2735966829921212,-0.19817287277016216
66.10000000000001,0.27504259644655926,-0.19255442816966833
66.2,-0.24178873090690078,-0.1865056501373933
66.2,-0.24154393068484797,-0.1810481587702596
66.3,0.2746489413531972,-0.1802943159381992
66.3,0.2759598701540842,-0.17964092465802264
66.4,-0.24458960176589883,-0.17202053008747445
66.4,-0.24402397102654097,-0.16687666171568194
66.5,0.2771082670741082,-0.16493459762252916
66.5,0.2776071351202808,-0.1663214049991475
66.60000000000001,-0.24569925994575792,-0.15774079459269041
66.60000000000001,-0.24474020286001574,-0.15290610690340206
66.7,0.2773996828069781,-0.15411976618611278
66.7,0.27796613449974544,-0.15534313619579002
66.8,-0.24533392752633792,-0.14363020481902894
66.8,-0.24610163620323866,-0.14488749053204203
66.9,0.27932898356450603,-0.1439962213006004
66.9,0.2796572750933045,-0.16752241880874136
67.0,-0.24676188351343645,-0.1328612320569753
67.0,-0.24500689184022248,-0.1285926068074274
67.10000000000001,0.2763500987367777,-0.1387960475298412
67.10000000000001,0.314140159868711,-0.11910072869179321
67.2,-0.24636473658140604,-0.13432663578222392
67.2,-0.24419710520562887,-0.13030513251112424
67.3,0.2769129516667354,-0.13260452327270503
67.3,0.28063115855874826,-0.12871688379195176
67.4,-0.2436710695980948,-0.1252855619310271
67.4,-0.24166728282807431,-0.12307747850868075
67.5,0.2783656849260424,-0.1245447868112057
67.5,0.31401049785243307,-0.10922421939113885
67.60000000000001,-0.23747296125102937,-0.12017424068612145
67.60000000000001,-0.23801383169864426,-0.12079967876895448
67.7,0.27408930055019004,-0.12311287835591553
67.7,0.27868681298914116,-0.11968503067863853
67.8,-0.23642672403005566,-0.11678476620778232
67.8,-0.23285352255555883,-0.11346692679052649
67.9,0.2753973741533927,-0.11568451315256749
67.9,0.2760627665839227,-0.11629452886179703
68.0,-0.2278508169397963,-0.11091028548175084
68.0,-0.2278508169397963,-0.10374598292647526
68.10000000000001,0.2699063819708798,-0.11513882626263647
68.10000000000001,0.2748674766678961,-0.11326016236659045
68.2,-0.22568401633455581,-0.11015402189040463
68.2,-0.22118195635960045,-0.11988304757472978
68.3,0.2663035902459984,-0.10892498299194273
68.3,0.3059380354653346,-0.09257706085785351
68.4,-0.21808699048230035,-0.10854735972613304
68.4,-0.21808699048230035,-0.10781327084493132
68.5,0.2735306781116359,-0.10754130492223117
68.5,0.27412746062569865,-0.10791057253778606
68.60000000000001,-0.20497021574686627,-0.10481866615660719
68.60000000000001,-0.20497021574686627,-0.09822495922738846
68.7,0.2643873264324352,-0.10806805863838093
68.7,0.264956655810084,-0.10826387703089793
68.80000000000001,-0.20077231299809942,-0.1058563927223526
68.80000000000001,-0.19541174956500218,-0.10435810726008779
68.9,0.25371328562513695,-0.11015916807762692
68.9,0.26078727581572586,-0.10760305372792478
69.0,-0.19132973773516201,-0.10786266579630296
69.0,-0.18502715405362352,-0.09945598059165056
69.10000000000001,0.24903489294443817,-0.11238666599030689
69.10000000000001,0.24995371948139875,-0.11152310047493122
69.2,-0.17324831271563168,-0.10860190261425456
69.2,-0.17377821418942208,-0.10869736053885716
69.30000000000001,0.25048554786359867,-0.11382586653726226
69.30000000000001,0.2508436585387237,-0.11377999552720401
69.4,-0.16126099219851214,-0.11442386618174126
69.4,-0.16179763990667365,-0.11441599008026931
69.5,0.2377816755731411,-0.12553981712527842
69.5,0.2458488534222115,-0.12308184076356034
69.60000000000001,-0.15657374618827238,-0.12655384839421221
69.60000000000001,-0.14910532328615553,-0.12409470266209116
69.7,0.2333685472739474,-0.14162489787549423
69.7,0.24129447775213395,-0.1398133215370769
69.80000000000001,-0.13577221210373952,-0.14050601905735366
69.80000000000001,-0.13577221210373952,-0.1394206894104273
69.9,0.22771534932724358,-0.1686156989005855
69.9,0.2363096428294926,-0.16603405660968754
70.0,-0.12187077502752836,-0.16986831542497935
70.0,-0.12187077502752836,-0.1686746989837253
70.10000000000001,0.2214705442701643,-0.21187413351361564
70.10000000000001,0.23027374827900954,-0.20916939819692767
70.2,-0.11596704043391849,-0.22876724869613388
70.2,-0.10758206605297042,-0.22600082195436422
70.30000000000001,0.21517923267426045,-0.29801114011916735
70.30000000000001,0.2241523509754909,-0.29521310938825673
70.4,-0.10123106465625234,-0.3372793307222979
70.4,-0.09355096083181833,-0.3354982185305233
70.5,0.22320337509549584,-0.4945011427312338
70.5,0.22265487523530264,-0.4947455939510978
70.60000000000001,-0.08833735264737466,-0.6134794533894359
70.60000000000001,-0.08131771415576143,-0.6135737888170396
70.7,0.20747899398856268,-1.111499174777584
70.7,0.21453664201012423,-1.1111992083096744
70.80000000000001,-0.07551538674427306,-1.1153011190239557
70.80000000000001,-0.07551538674427306,-1.1153011190239557
70.9,0.21500894841484147,-1.1192649842911144
70.9,0.21538650500360257,-1.1192649842911144
71.0,-0.08252468102442267,-1.1270279573927535
71.0,-0.0744174057093953,-1.1225103244913495
71.10000000000001,0.20495942491516506,-1.130151920744173
71.10000000000001,0.21305093702539674,-1.124900922739677
71.2,-0.08096860658898555,-1.1325679716063461
71.2,-0.07371932180414197,-1.1266130986785712
71.30000000000001,0.2019662397919162,-1.130394946820754
71.30000000000001,0.2057087786525198,-1.1276475271625095
71.4,-0.07462559365206593,-1.1281157626760758
71.4,-0.07462559365206593,-1.1281157626760758
71.5,0.19447601997673264,-1.131961756043441
71.5,0.20059386495022277,-1.1244810224914317
71.60000000000001,-0.07949126546779439,-1.1320273183998733
71.60000000000001,-0.07949126546779439,-1.1320273183998733
71.7,0.20541986261658696,-1.1317974181552195
71.7,0.21014007537872179,-1.1233841307993229
71.80000000000001,-0.08442726459755046,-1.1313684440082894
71.80000000000001,-0.08089774049970228,-1.122609014731907
71.9,0.20131434564318934,-1.1219349410632558
71.9,0.1980437473701699,-1.1261571785613846
72.0,-0.09268627349945863,-1.1307118756003784
72.0,-0.09082646870667854,-1.1215152968815092
72.10000000000001,0.18570513123931154,-1.1264367152029333
72.10000000000001,0.18611561886340644,-1.1264367152029333
72.2,-0.10441820676878352,-1.1315843446989402
72.2,-0.10441820676878352,-1.1315843446989402
72.30000000000001,0.1892505465604993,-1.1330345120792913
72.30000000000001,0.18539837828433434,-1.1294521246445381
72.4,-0.11920475951547911,-1.1353642279973604
72.4,-0.12424738321896124,-1.1324025031736782
72.5,0.20769429798178357,-1.1363744589370615
72.5,0.20832402345939854,-1.1363744589370615
72.60000000000001,-0.13925939841225438,-1.1347532752650673
72.60000000000001,-0.14231966502523788,-1.1417296981140208
72.7,0.22032486067532878,-1.1410592739968723
72.7,0.21836338370947456,-1.1484678087211668
72.80000000000001,-0.1561103667529732,-1.164082271201997
72.80000000000001,-0.1610125095591628,-1.1568608699306353
72.9,0.22541130152006966,-1.1652258808930154
72.9,0.22471685912192063,-1.1734973306317085
73.0,-0.1725754855221971,-1.1846396975126576
73.0,-0.17858800460065294,-1.1786821269356098
73.10000000000001,0.2395272864970897,-1.188134895283945
73.10000000000001,0.23434246057010447,-1.1825626531283162
73.2,-0.18644513839499346,-1.1217770581746667
73.2,-0.1930140738534007,-1.117886830516864
73.30000000000001,0.2627967840713423,-0.9907046492877825
73.30000000000001,0.2649946365629694,-1.0008983214887992
73.4,-0.20404697907834482,-0.8330850443981676
73.4,-0.20261683362760657,-0.8428357462408549
73.5,0.2646921651697361,-0.7650325697032369
73.5,0.26986761854765134,-0.6587420656875135
73.60000000000001,-0.20483718237976128,-0.6720825805286482
73.60000000000001,-0.20483718237976128,-0.6729600768975915
73.7,0.25495914860412283,-0.5975647743222949
73.7,0.25792826167033633,-0.6041129027739092
73.80000000000001,-0.218899133998513,-0.5111168239338705
73.80000000000001,-0.21700687141284547,-0.5174002554027959
73.9,0.2633186949003745,-0.462440544686089
73.9,0.257861013542816,-0.462077106209722
74.0,-0.22479661846382787,-0.400422548834303
74.0,-0.22313411406018546,-0.40526486934145917
74.10000000000001,0.26749310795772835,-0.36555719330533887
74.10000000000001,0.2639644610210379,-0.3690419080276226
74.2,-0.22477640151348732,-0.32090866113935934
74.2,-0.22477640151348732,-0.3216952421089514
74.30000000000001,0.26578747086731785,-0.29572150644674894
74.30000000000001,0.2671037270756622,-0.2965112192150445
74.4,-0.23709125192938274,-0.26340094681752213
74.4,-0.23593544786514553,-0.266534371020164
74.5,0.2753233103475581,-0.24363558166975985
74.5,0.27134041102042195,-0.24408345453393399
74.60000000000001,-0.24317889599807338,-0.21897042968027183
74.60000000000001,-0.24222481850875896,-0.2215868140470646
74.7,0.274044799637148,-0.20406771660037043
74.7,0.2762910283148243,-0.2064141732159737
74.80000000000001,-0.24893722757554138,-0.1848905559958132
74.80000000000001,-0.2481292882397212,-0.18715456180827264
74.9,0.27785075725635416,-0.17319902346381183
74.9,0.27999665141041974,-0.17523256463716214
75.0,-0.24945879526200296,-0.16087065644977266
75.0,-0.25345489628378054,-0.1613407111280807
75.10000000000001,0.2853796679468543,-0.14955900376082842
75.10000000000001,0.28315612063224405,-0.14998404674530988
75.2,-0.2580459504889656,-0.14041868014814343
75.2,-0.2580459504889656,-0.14108356543656428
75.30000000000001,0.2858884351817967,-0.13163481872934454
75.30000000000001,0.287398481145212,-0.1322936763230129
75.4,-0.261783787073594,-0.12399225615381582
75.4,-0.261783787073594,-0.1067576735842991
75.5,0.2910692179363918,-0.11861369994471421
75.5,0.2900806564910878,-0.11882759429621623
75.60000000000001,-0.2629336699976661,-0.11275573758769732
75.60000000000001,-0.2646922094925278,-0.11372042966196744
75.7,0.29184796195057583,-0.10607777777144611
75.7,0.2937924571836508,-0.10740965114026385
75.80000000000001,-0.2648845566780767,-0.10404296570104779
75.80000000000001,-0.26648434631109835,-0.10404167174728361
75.9,0.2946405919644023,-0.09757661199472173
75.9,0.29654576784401243,-0.09879464821632175
76.0,-0.26625682212845125,-0.09721365486761444
76.0,-0.2672362916306511,-0.09705970289388945
76.10000000000001,0.2970341512957236,-0.09163464182242692
76.10000000000001,0.29890257456923724,-0.09275953639710102
76.2,-0.2668672276023909,-0.09211116659973348
76.2,-0.2669082080016737,-0.09235746448409299
76.30000000000001,0.2990197670558301,-0.08885962730894356
76.30000000000001,0.30080895684084,-0.08894665156301251
76.4,-0.26575199469082794,-0.08859819604006737
76.4,-0.26547096949894694,-0.08965779556086365
76.5,0.3004249722152434,-0.08612202597227155
76.5,0.3022200296759432,-0.08710782731233889
76.60000000000001,-0.2640455233825068,-0.08893293048783898
76.60000000000001,-0.2640455233825068,-0.089486397007113
76.7,0.30154264666302627,-0.08728168302500255
76.7,0.3042876926522218,-0.08655244910194312
76.80000000000001,-0.26092019700961805,-0.08978962333254345
76.80000000000001,-0.25941508319709383,-0.08896908593442321
76.9,0.3019660147751221,-0.0876741996598494
76.9,0.3036830053033488,-0.08857187268243234
77.0,-0.25432004127690444,-0.09111874241873595
77.0,-0.25432004127690444,-0.09166845839144055
77.10000000000001,0.30163915686858356,-0.0911659482470574
77.10000000000001,0.3031297669632005,-0.09172191199112698
77.2,-0.2512159516398231,-0.0962045242937735
77.2,-0.24850974966773448,-0.09503623988730493
77.30000000000001,0.2978486649629254,-0.097338513978944
77.30000000000001,0.29930472524238505,-0.0978983297075972
77.4,-0.24462127631709915,-0.10152572363464653
77.4,-0.2413353475480402,-0.10018228186252248
77.5,0.299436892717754,-0.10169116645930826
77.5,0.3010301690091167,-0.10255857857934968
77.60000000000001,-0.2368711300766829,-0.1083563348960488
77.60000000000001,-0.23281940242679752,-0.10717640510846112
77.7,0.29704270820601314,-0.10927133538075444
77.7,0.29859271470433535,-0.11015469524214908
77.80000000000001,-0.22359238711801532,-0.1143021385496187
77.80000000000001,-0.22338187407231144,-0.1152191876069256
77.9,0.2942135360174288,-0.11826178501470255
77.9,0.2957195875921138,-0.1191709640466422
78.0,-0.21773500573223664,-0.12666409979224807
78.0,-0.21283616927207036,-0.12478118557312384
78.10000000000001,0.2857190184096759,-0.13082557370890038
78.10000000000001,0.29210787692690177,-0.1288603428147584
78.2,-0.2012113784381555,-0.13448987437896157
78.2,-0.2012113784381555,-0.13509345867672834
78.30000000000001,0.28097954633074,-0.14179248455244273
78.30000000000001,0.287768401441981,-0.1396426917339212
78.4,-0.19438270253602413,-0.14868520269348398
78.4,-0.18854409206402928,-0.14643077133103366
78.5,0.28165750376842563,-0.15202764644862088
78.5,0.30617315985144106,-0.14776120833155743
78.60000000000001,-0.18115918859524002,-0.1635685045120451
78.60000000000001,-0.1749024601945513,-0.15824435583377428
78.7,0.268654066834731,-0.17133400873111565
78.7,0.27612513552727236,-0.1688194003814024
78.80000000000001,-0.1672581443571788,-0.17909745676087557
78.80000000000001,-0.16061510257030834,-0.17646902811336337
78.9,0.2624671118772621,-0.18968698591215427
78.9,0.26339212191890526,-0.19039737910034338
79.0,-0.15154236274306765,-0.1982952006651527
79.0,-0.1445827972826274,-0.19542153890059563
79.10000000000001,0.2549601417788341,-0.21095067350861296
79.10000000000001,0.2557889771705759,-0.2116979213386328
79.2,-0.13577169079737011,-0.2202681644605773
79.2,-0.12852180796858337,-0.21718081785750992
79.30000000000001,0.24796852000145886,-0.23672975386356032
79.30000000000001,0.24870022085849636,-0.2375196979790925
79.4,-0.11862711650497608,-0.24800328410234115
79.4,-0.11862711650497608,-0.24879934089217404
79.5,0.2572108711313149,-0.2641287342991686
79.5,0.25787570251553016,-0.2649677091991437
79.60000000000001,-0.1006186281771944,-0.28374161659250463
79.60000000000001,-0.09301470215157776,-0.2800773061246161
79.7,0.23107632293766128,-0.3115278189097309
79.7,0.2400422615063213,-0.30843107795323527
79.80000000000001,-0.08192515012798235,-0.3325210020814755
79.80000000000001,-0.07426482838274048,-0.328517876719553
79.9,0.2376603716944383,-0.3694010243034354
79.9,0.25332478740290765,-0.4029110402566514
80.0,-0.06258354084962593,-0.39267652214450965
80.0,-0.05374218031155444,-0.3890772100854578
80.10000000000001,0.23009430975483194,-0.4537970779714602
80.10000000000001,0.23139869729209078,-0.4551886361576965
80.2,-0.042719206807125466,-0.4964844948516572
80.2,-0.042719206807125466,-0.497308521971935
80.30000000000001,0.2267217348249273,-0.5807263439600574
80.30000000000001,0.22699393406878454,-0.5815760744239583
80.4,-0.015519894451557346,-0.6270286354908721
80.4,-0.013992934485652201,-0.6281758935526444
80.5,0.22095136542214827,-0.7502967869185055
80.5,0.22246927018624388,-0.7512077597849871
80.60000000000001,0.0037729770870899015,-0.8376108888158446
80.60000000000001,0.005297770882563991,-0.8381658755425091
80.7,0.20403491794301817,-1.0164047991843201
80.7,0.2040649689296691,-1.0170489405061587
80.80000000000001,0.01606885726425612,-1.1156338022342334
80.80000000000001,0.01606885726425612,-1.1161200441919956
80.9,0.20287503465238993,-1.230997016736238
80.9,0.20732710888089925,-1.2222934693105134
81.0,0.034424418213575274,-1.2101634821998644
81.0,0.03491783084352293,-1.2083115599590697
81.10000000000001,0.1863422322753396,-1.206406550637449
81.10000000000001,0.18620242529784364,-1.206406550637449
81.2,0.03688479483768695,-1.1909697347840005
81.2,0.03785092645639006,-1.1812607559518407
81.30000000000001,0.1813456512192,-1.1695515168140223
81.30000000000001,0.17949270607046303,-1.1676722566916027
81.4,0.03205399023648531,-1.1641649796652178
81.4,0.03092991882321567,-1.1545507053270982
81.5,0.17737333744146958,-1.1435277570115383
81.5,0.17439801463377072,-1.1422553011619663
81.60000000000001,0.02105175588631017,-1.141102224491023
81.60000000000001,0.02105175588631017,-1.141102224491023
81.7,0.16585912499461633,-1.1213032068510465
81.7,0.1664742191835927,-1.1213032068510465
81.80000000000001,-0.0035857371457639906,-1.1212774820565534
81.80000000000001,-0.008370236018493049,-1.113185486071253
81.9,0.18105735924946562,-1.114399818787118
81.9,0.17562351867186987,-1.1069130398083058
82.0,-0.037379325303474924,-1.1027132470395715
82.0,-0.037379325303474924,-1.1027132470395715
82.10000000000001,0.1861404920698771,-1.0982868743468968
82.10000000000001,0.1875639506327187,-1.0982868743468968
82.2,-0.05811808639735255,-1.0372396783630742
82.2,-0.06264312650379465,-1.0408656299714412
82.30000000000001,0.1822636281632155,-0.9286028850434229
82.30000000000001,0.1826129295009753,-0.9294179728035608
82.4,-0.09034849490031838,-0.7968140372850513
82.4,-0.09034849490031838,-0.7975958943902245
82.5,0.18992722666699008,-0.7180869122655298
82.5,0.1904397480765262,-0.7189060024752255
82.60000000000001,-0.11866628570824006,-0.6118258449613617
82.60000000000001,-0.11866628570824006,-0.6125967185005737
82.7,0.19500986360863545,-0.5506858673566343
82.7,0.1952168550776965,-0.5440446480203637
82.80000000000001,-0.15088367230746563,-0.46652879097265254
82.80000000000001,-0.15251019900130014,-0.47052949602695104
82.9,0.20566457533250268,-0.4194990595942871
82.9,0.20522134360099287,-0.4231481005982984
83.0,-0.16420110628195922,-0.35535783186869435
83.0,-0.1718192128925791,-0.3552875392429014
83.10000000000001,0.20909021100238967,-0.3169128743965633
83.10000000000001,0.21052575806836432,-0.30926030987980624
83.2,-0.18291683624624022,-0.2618681600208451
83.2,-0.18291683624624022,-0.26253902093285075
83.30000000000001,0.20907052588417183,-0.23269291782765875
83.30000000000001,0.2029781614736404,-0.23351166485289604
83.4,-0.20640693363805926,-0.18716858546286763
83.4,-0.20687172017088662,-0.17949327197249934
83.5,0.2123658232284065,-0.15841724327999598
83.5,0.21305207525515685,-0.1609047383800455
83.60000000000001,-0.22090959534290416,-0.12495191016899557
83.60000000000001,-0.22121501593307444,-0.12731738186405295
83.7,0.2196032893408637,-0.1016350519647845
83.7,0.22052442805800102,-0.10368211512577884
83.80000000000001,-0.2337559199626011,-0.07908211097580893
83.80000000000001,-0.23391336830788595,-0.08086429133243618
83.9,0.22640621461521587,-0.06078152695414614
83.9,0.2275095212861215,-0.06231613969478389
84.0,-0.245043428293597,-0.04554274779632893
84.0,-0.245043428293597,-0.046085274490801825
84.10000000000001,0.23857322478332224,-0.03100882260735384
84.10000000000001,0.2398557392165531,-0.031538027595724896
84.2,-0.2549390385216663,-0.022651227235534678
84.2,-0.2549682528690136,-0.023564253506774338
84.30000000000001,0.23951002052370907,-0.010513576278186838
84.30000000000001,0.24085026460865816,-0.011017120866526807
84.4,-0.2635662014748406,-0.0041973010771916945
84.4,-0.2635662014748406,-0.004679166259378219
84.5,0.24893289755456693,0.007898089287105985
84.5,0.25032048778837207,0.007364980002705069
84.60000000000001,-0.27093787753210047,0.009547329466046207
84.60000000000001,-0.2709342152432055,0.009192783791752658
84.7,0.25344948129793515,0.02063701551151232
84.7,0.25488355795604284,0.02019109513499112
84.80000000000001,-0.27710040121944224,0.020309142137950206
84.80000000000001,-0.2770938556156154,0.020156722815828507
84.9,0.25493593686673643,0.028547090932298125
84.9,0.2564113325578582,0.028403893473222704
85.0,-0.27971809741993486,0.031649414563066844
85.0,-0.28206026494645586,0.029007597829587735
85.10000000000001,0.26137955485152004,0.03919615339781085
85.10000000000001,0.2608409426089352,0.03690462203173417
85.2,-0.2840798441383595,0.03971143180961549
85.2,-0.2858245295969916,0.037080652626503764
85.30000000000001,0.2645924698157071,0.04680330375071779
85.30000000000001,0.2982132849099623,0.036936169703603056
85.4,-0.2884077065515628,0.0456448525233371
85.4,-0.2884077065515628,0.04589500929732589
85.5,0.2657761477500407,0.0519409190697517
85.5,0.3010916573241998,0.05786276571274323
85.60000000000001,-0.2892660705833631,0.05145019907919859
85.60000000000001,-0.2892660705833631,0.05107158122029699
85.7,0.26740044694815024,0.05668773883274819
85.7,0.2689261874431435,0.05705230472554784
85.80000000000001,-0.29010642739562986,0.058206924028289184
85.80000000000001,-0.29010642739562986,0.0578349788397874
85.9,0.27030843189482556,0.0648486502470052
85.9,0.2721956235060296,0.061628981855824425
86.0,-0.2898018575905348,0.06391503963803141
86.0,-0.2891715655201512,0.060624829047772916
86.10000000000001,0.2716628123177023,0.07223333033578387
86.10000000000001,0.3080230267200774,0.05905227890658771
86.2,-0.28839977661236404,0.07326977614950182
86.2,-0.2872081306158426,0.06927692644373315
86.30000000000001,0.27321030637684085,0.07727312840145661
86.30000000000001,0.30873361746259576,0.06608469811058072
86.4,-0.28589005812747925,0.08156376554254514
86.4,-0.2841443689703887,0.07708806345989666
86.5,0.2713124569325052,0.08797743418327679
86.5,0.2727727090500316,0.08871786890756468
86.60000000000001,-0.2800003001301602,0.08183049475670358
86.60000000000001,-0.2800758875117004,0.08271764094494585
86.7,0.2738196770685255,0.09066814201690455
86.7,0.27523052956692606,0.0914629942763994
86.80000000000001,-0.2778172894787394,0.09385531719013242
86.80000000000001,-0.275034182234729,0.08669586630165922
86.9,0.27045293239969426,0.10373994365356129
86.9,0.30918620093089594,0.08682796659386528
87.0,-0.26895608920296465,0.10061183174741894
87.0,-0.2690510365604903,0.10142703564090806
87.10000000000001,0.26866046493306284,0.11334075536733028
87.10000000000001,0.2735991571413844,0.10916065675797908
87.2,-0.2658632260852662,0.11246840556058176
87.2,-0.2659742842880881,0.1135681934248282
87.30000000000001,0.2715590036061058,0.12198457759040138
87.30000000000001,0.2769124213226171,0.11761178418722978
87.4,-0.2547041770824142,0.11948499399530513
87.4,-0.2547041770824142,0.11462749440420314
87.5,0.2648038151027161,0.13498722455991521
87.5,0.26600298750976614,0.1361002451648538
87.60000000000001,-0.24627383298276934,0.12867935780194417
87.60000000000001,-0.246471125372555,0.13000608227720178
87.7,0.300683768162111,0.15984399571621422
87.7,0.3021106969849174,0.1595037874379086
87.80000000000001,-0.2377047690407329,0.17668181161384594
87.80000000000001,-0.2377047690407329,0.1710480859782294
87.9,0.2925715592902778,0.17066298716656186
87.9,0.2986983830846291,0.16764153955659514
88.0,-0.22856181355251803,0.1939100383747258
88.0,-0.22856181355251803,0.18831428847143172
88.10000000000001,0.254935925942745,0.16896489450489377
88.10000000000001,0.2610737041650047,0.16579854684629547
88.2,-0.2241522943203753,0.17682342780421056
88.2,-0.21876281900029776,0.17141691416409474
88.30000000000001,0.2565281280050863,0.19131533346911272
88.30000000000001,0.2573310585692328,0.19282903869289542
88.4,-0.20887945914114087,0.1954721613022156
88.4,-0.20924396843773532,0.19717259638135443
88.5,0.253139828725144,0.21727817477617045
88.5,0.2538101166410969,0.218996641510194
88.60000000000001,-0.20509430639051784,0.2304515599124244
88.60000000000001,-0.19944001438221873,0.21472323774610083
88.7,0.24290490288962752,0.2576030513394274
88.7,0.28384270431484226,0.22468403063323947
88.80000000000001,-0.19539613546334172,0.27116514212972476
88.80000000000001,-0.18967509074899844,0.25822683085093345
88.9,0.24398254536442607,0.3099642780581034
88.9,0.2786003841195619,0.2647231848928143
89.0,-0.1858868571343868,0.3188438228146041
89.0,-0.18016180082151023,0.30483904438283205
89.10000000000001,0.2393695462120751,0.3635295320740265
89.10000000000001,0.27308141654309614,0.31143843116310793
89.2,-0.17679973280014163,0.38233977012107556
89.2,-0.17114446773634945,0.36613116316862154
89.30000000000001,0.23745624539382948,0.4350708043137458
89.30000000000001,0.2674553825870538,0.3721116632480767
89.4,-0.16845266382404833,0.4560750988497204
89.4,-0.16296108239009502,0.4381761955209889
89.5,0.24202323124223518,0.5201969772238709
89.5,0.2428667026614582,0.5204874969162258
89.60000000000001,-0.16027459195221547,0.5234558813253535
89.60000000000001,-0.16027459195221547,0.5238124312629185
89.7,0.24552510838509028,0.6006880546188574
89.7,0.25037718902279416,0.5969075561686465
89.80000000000001,-0.1496152104509225,0.5944001659956859
89.80000000000001,-0.15106355567674282,0.5987741123985623
89.9,0.23637542301271453,0.6850307624243712
89.9,0.24179140537105248,0.6783018254459122
90.0,-0.15062603315184653,0.6821012004805503
90.0,-0.15062603315184653,0.6831512860374623
90.10000000000001,0.23633126331950283,0.7605604396127089
90.10000000000001,0.241072176034623,0.7538763733745952
90.2,-0.14885712933855355,0.7497687986204781
90.2,-0.14885712933855355,0.7512229309223756
90.30000000000001,0.23309331882703255,0.8222544575187495
90.30000000000001,0.23698795854732396,0.815661362978424
90.4,-0.14927344089998384,0.8008650812504197
90.4,-0.14927344089998384,0.802706779530924
90.5,0.2344986971026251,0.8538313765681943
90.5,0.23346106767706365,0.8609261281566158
90.60000000000001,-0.15005596708234667,0.8187772759321755
90.60000000000001,-0.1520000637515576,0.8265960658483531
90.7,0.22954925871205828,0.8839508246557807
90.7,0.2439291377278989,0.7600393953509841
90.80000000000001,-0.15575952839679044,0.8633532333174335
90.80000000000001,-0.15701661998933109,0.8707644270654663
90.9,0.23273882766120968,0.8870908059409981
90.9,0.23369812137520277,0.8810745456894581
91.0,-0.1611431347454904,0.8410243192172717
91.0,-0.16149074459116744,0.835003689369616
91.10000000000001,0.23399541621468928,0.8356258712920728
91.10000000000001,0.23398844078015907,0.8297661138762435
91.2,-0.16861215153174092,0.7932973402846275
91.2,-0.17017632620829187,0.7875276409185847
91.30000000000001,0.23942488097777131,0.8000731184115066
91.30000000000001,0.23757761882037343,0.8001542329916266
91.4,-0.17481384242492864,0.7443353680255643
91.4,-0.17688443581325705,0.738897078947907
91.5,0.2408817775812686,0.7508291586017795
91.5,0.2418029333906282,0.7533765649979869
91.60000000000001,-0.18506472175795993,0.681549903638557
91.60000000000001,-0.18570268714103472,0.6898752202925235
91.7,0.24364557098869544,0.6869636908729737
91.7,0.24418453689649203,0.69469218895548
91.80000000000001,-0.1930945749489009,0.6290664823335079
91.80000000000001,-0.19343074030870142,0.6368490554437206
91.9,0.24964977199884983,0.6460494219292998
91.9,0.25827923949805554,0.5488451211721829
92.0,-0.20089420882457806,0.6019679389483983
92.0,-0.20089420882457806,0.6042078436533922
92.10000000000001,0.2525870236609237,0.6000954644172358
92.10000000000001,0.25375920049322215,0.6070351031842217
92.2,-0.20809586849847642,0.5373359238393075
92.2,-0.2080357283142619,0.5447574610487299
92.30000000000001,0.24416443032953808,0.5818438268942767
92.30000000000001,0.26619673002474853,0.505731148683645
92.4,-0.21489726579161172,0.5017563795840312
92.4,-0.2146965007866521,0.5081428915062962
92.5,0.24742463604545045,0.5015386906885334
92.5,0.2485320603266291,0.5036601947017693
92.60000000000001,-0.22110528424577702,0.4562568900059791
92.60000000000001,-0.22076535072299777,0.4626378199418253
92.7,0.24686462394705055,0.4543565280031725
92.7,0.2483740958120594,0.4603505199854924
92.80000000000001,-0.22664709326553226,0.4206041382732324
92.80000000000001,-0.22622991528819308,0.4264994091359837
92.9,0.25011650474064084,0.4192997407694785
92.9,0.2517197185601239,0.42486859687098677
93.0,-0.22769495187017616,0.3991920064962823
93.0,-0.22769495187017616,0.4010309209451908
93.10000000000001,0.2524113457891724,0.39418652123008185
93.10000000000001,0.25043936844222997,0.3914516742888743
93.2,-0.23571727493223593,0.3672892546417409
93.2,-0.23523346274151893,0.37237018072107
93.30000000000001,0.25933031766225156,0.37155174645224104
93.30000000000001,0.2581890464232316,0.37200331024951355
93.4,-0.2391997408974609,0.3470505476164014
93.4,-0.23869493052967805,0.3518861390148313
93.5,0.25942722222685627,0.3485977677407218
93.5,0.26117893874421133,0.35323608483110014
93.60000000000001,-0.24191687905467538,0.3316238030204789
93.60000000000001,-0.24140449663919136,0.3362200954488791
93.7,0.26217568547472003,0.33399265182116117
93.7,0.26395291163143864,0.33842357957265695
93.80000000000001,-0.24384343283963816,0.31968539723432077
93.80000000000001,-0.24332701759078043,0.32408736948975253
93.9,0.264678056856099,0.3228184537586339
93.9,0.2664742269920637,0.32708375925473154
94.0,-0.24284948185276595,0.3177335170372117
94.0,-0.24443459769239068,0.3150235590608453
94.10000000000001,0.2682350946004769,0.3189722283918203
94.10000000000001,0.29328589696272966,0.2747714352655893
94.2,-0.24371231309759903,0.32226694046438026
94.2,-0.2448723781367161,0.29342031294010334
94.30000000000001,0.269009787886456,0.3257677545121347
94.30000000000001,0.2694181572305717,0.3229642399025029
94.4,-0.24422822716572434,0.31333927412676393
94.4,-0.24422822716572434,0.3148904062319112
94.5,0.270136146432605,0.31748488036263767
94.5,0.2709520563858181,0.3145586485163872
94.60000000000001,-0.24251537153715774,0.31254200327213083
94.60000000000001,-0.24286343875242514,0.27851436790588635
94.7,0.27093925381143036,0.31740466937876016
94.7,0.27273450683729406,0.3212297283949429
94.80000000000001,-0.2406246971720993,0.3114212699459653
94.80000000000001,-0.24058518439663076,0.27625598234926696
94.9,0.2707562722272594,0.3166214256557997
94.9,0.2971366728764805,0.2790119663083704
95.0,-0.23809989748437213,0.3061660416770469
95.0,-0.23751815861806827,0.31027206417148
95.10000000000001,0.2701725979560344,0.3132833328951795
95.10000000000001,0.2720706896457882,0.3175668292721191
95.2,-0.23338383008650965,0.3032823800036958
95.2,-0.23338383008650965,0.3047966490115926
95.30000000000001,0.2676239779979457,0.31585099664889515
95.30000000000001,0.29687049191198756,0.27243192698501284
95.4,-0.23033639220017732,0.310970061829821
95.4,-0.22861534033761263,0.3098065209185644
95.5,0.26501575190006776,0.31710844259732357
95.5,0.2674480038854346,0.31321406136193797
95.60000000000001,-0.2252081351751229,0.3112604813278922
95.60000000000001,-0.2231667146234476,0.31002638352841216
95.7,0.263966450577797,0.3202709446375829
95.7,0.2672962011877028,0.3188527973101008
95.80000000000001,-0.21719287531784232,0.3126685255541391
95.80000000000001,-0.21719287531784232,0.3141845361494901
95.9,0.26265995386613555,0.3262149220528798
95.9,0.2654490342893431,0.3217574249310622
96.0,-0.21079282263992052,0.31808112980683423
96.0,-0.21079282263992052,0.319596817284189
96.10000000000001,0.2629769457422788,0.3288999536207525
96.10000000000001,0.26410446339468724,0.33029456126130907
96.2,-0.20487297658966983,0.321928006704429
96.2,-0.20406053570570631,0.3263643159458145
96.30000000000001,0.2596770513673772,0.345557780701693
96.30000000000001,0.2607701353123101,0.34694343745746264
96.4,-0.1998268127443255,0.33694737321800117
96.4,-0.19712543193076093,0.3346910982171879
96.5,0.26217987334196574,0.3528976998353419
96.5,0.26393228341432867,0.35686575670950815
96.60000000000001,-0.19191455174576616,0.3497560086468913
96.60000000000001,-0.19020274013398125,0.3221689813610091
96.7,0.25910297123789827,0.38210526080828894
96.7,0.28562858539495833,0.33185843008895977
96.80000000000001,-0.18532326671079535,0.37395265035353165
96.80000000000001,-0.18367597612725367,0.3494566006943471
96.9,0.2571572571630847,0.4024636644097128
96.9,0.2588628153391676,0.40625710636070156
97.0,-0.17984526009034923,0.39306730455617234
97.0,-0.1789737933081026,0.3974514564125925
97.10000000000001,0.2612691535754417,0.4273958334634944
97.10000000000001,0.2822097456235957,0.3661283265794084
97.2,-0.17239519803425782,0.42297658723782705
97.2,-0.17180777928596971,0.4268847172329728
97.30000000000001,0.26067877760917685,0.46273161111678934
97.30000000000001,0.27747474190904275,0.3950846012303925
97.4,-0.16791070003580094,0.4641297963573582
97.4,-0.16682910742345075,0.4570138640422954
97.5,0.26058520315408784,0.4945043919755173
97.5,0.26246888112403527,0.4872864556227361
97.60000000000001,-0.16330871701470787,0.48345236545364634
97.60000000000001,-0.16257495847131884,0.4760544292629226
97.7,0.2580770764071964,0.5086328510127903
97.7,0.2725776093600597,0.4420849630107664
97.80000000000001,-0.1598337054209125,0.5210984321279571
97.80000000000001,-0.15947414938854926,0.48574604356531315
97.9,0.25290577606506615,0.5388340536131193
97.9,0.2541401729307934,0.5427822012123991
98.0,-0.15733920877152632,0.531407259906558
98.0,-0.1574526355432912,0.486305077439909
98.10000000000001,0.2466542290507559,0.5631609315441515
98.10000000000001,0.268520977754307,0.48924255294822955
98.2,-0.1562387459231757,0.5586046815167893
98.2,-0.15683532094072158,0.5193409469981894
98.30000000000001,0.242460811764469,0.5736954450835622
98.30000000000001,0.24263008930572913,0.5656922295770392
98.4,-0.1577233576678337,0.5419017334002867
98.4,-0.1575690078378205,0.5463546985399049
98.5,0.2424699256217183,0.5623136710747978
98.5,0.24205041804827288,0.5542610030718824
98.60000000000001,-0.15979055697917682,0.5364992023894763
98.60000000000001,-0.15979055697917682,0.5372744869349909
98.7,0.2413770162922838,0.5408664250302048
98.7,0.24228101174709876,0.5450741351107696
98.80000000000001,-0.16115640540267986,0.5307620734742988
98.80000000000001,-0.16349337383936208,0.48124530131594023
98.9,0.24478828447041048,0.545816531003215
98.9,0.2676661949344292,0.4752036330780334
99.0,-0.16575852485895734,0.5333478699726092
99.0,-0.16854648340576156,0.49124598353986715
99.10000000000001,0.26768230169347723,0.4663873839478797
99.10000000000001,0.26925023361014383,0.5213030067219488
99.2,-0.17155267791326173,0.512889370003378
99.2,-0.17478203219147764,0.5052830356389705
99.30000000000001,0.24868724024891894,0.512390503734357
99.30000000000001,0.27030828396591555,0.4410724204650539
99.4,-0.17841836726146446,0.5018082300809288
99.4,-0.182028653469662,0.46107888886212445
99.5,0.2476732262168977,0.4922162084612184
99.5,0.27235141286776715,0.4334354706096355
99.60000000000001,-0.18608938934546776,0.4806960799765699
99.60000000000001,-0.19005522683585258,0.4767164511945924
99.7,0.25098243040303886,0.4612558905278822
99.7,0.25180608586704556,0.465359358025701
99.80000000000001,-0.19854236767824066,0.4342918402563072
99.80000000000001,-0.198759798375732,0.4383472548307982
99.9,0.2593338096298303,0.43761607254181323
99.9,0.28294976035673247,0.3826200442813993
100.0,-0.2034834416745801,0.41792478442480324
100.0,-0.20782553161085954,0.38513739320286944
100.10000000000001,0.2604135815298265,0.41423468640848127
100.10000000000001,0.2820198442722708,0.3583406707111013
100.2,-0.21705435879412394,0.36005681631207925
100.2,-0.21705435879412394,0.3950477941377331
100.30000000000001,0.26132359555909207,0.3723514112980261
100.30000000000001,0.2579880493145027,0.37025228916815056
100.4,-0.22186712377091333,0.35025722838790596
100.4,-0.2263283095827513,0.31498541496042465
100.5,0.2659517669221385,0.3480185652716639
100.5,0.29000507796696506,0.30202367739713887
100.60000000000001,-0.23097486852915305,0.3191259115829017
100.60000000000001,-0.23537177773420198,0.3139368283582188
100.7,0.26736007139904516,0.3103734276259992
100.7,0.29425198118746676,0.2675344265380389
100.80000000000001,-0.24402039548847176,0.280595305790519
100.80000000000001,-0.24407852360902924,0.28415564477117533
100.9,0.2667314316727937,0.27372780094501675
100.9,0.29849485640495166,0.2376118008377492
101.0,-0.24819919571591606,0.2576454925499262
101.0,-0.25228730814136663,0.2386713588238879
101.10000000000001,0.27044452396761315,0.24777695515237447
101.10000000000001,0.3025223282914895,0.21688654856831327
101.2,-0.2599046875777774,0.22480291071005443
101.2,-0.2598848976990985,0.22788368391510633
101.30000000000001,0.2742044431573851,0.22064663335244833
101.30000000000001,0.3065919680570862,0.19188202401960294
101.4,-0.2632722265108621,0.20925399853980214
101.4,-0.26677685079415214,0.19278947457669107
101.5,0.30903307064405616,0.17706913393222612
101.5,0.31122219805483053,0.1975355925842866
101.60000000000001,-0.2728786406717414,0.18203450603628094
101.60000000000001,-0.2728786406717414,0.20191377261068422
101.7,0.28121775339102506,0.17234748998002772
101.7,0.27988386248161967,0.1716157899371184
101.80000000000001,-0.27548481679229014,0.16278824838645922
101.80000000000001,-0.27809240685293307,0.16177064072569772
101.9,0.2850744068483225,0.15686147582980112
101.9,0.31847426607952034,0.13926450954338296
102.0,-0.2801590011406797,0.15337771300458244
102.0,-0.2824268098244281,0.1501959900361226
102.10000000000001,0.28795444797741293,0.1466835695976646
102.10000000000001,0.3235941139169635,0.13183645023222879
102.2,-0.2858763153427567,0.13630862837662316
102.2,-0.2858763153427567,0.13651517761432344
102.30000000000001,0.28880137410133455,0.13109614595413907
102.30000000000001,0.2904546362817146,0.1332649998730304
102.4,-0.2882098195594251,0.12404667086765979
102.4,-0.28810726539388215,0.12616609903689582
102.5,0.29198343155425577,0.1199951303620639
102.5,0.2936538453223252,0.12201779771788154
102.60000000000001,-0.2893644376478852,0.11625831288465699
102.60000000000001,-0.2893644376478852,0.12134118185995171
102.7,0.2951417694592068,0.11248212582659038
102.7,0.2967192332797971,0.11267444765474487
102.80000000000001,-0.2894668737824045,0.10857150292557428
102.80000000000001,-0.28934919007637333,0.11038704404544526
102.9,0.2967689532433977,0.10468890476461098
102.9,0.298465759797371,0.10647160304218395
103.0,-0.28907368210232476,0.10115693767882034
103.0,-0.28907368210232476,0.10133638641820666
103.10000000000001,0.2990469296533564,0.09972731267243123
103.10000000000001,0.33435371450619517,0.08854687366932948
103.2,-0.2875639915067668,0.09832352447177896
103.2,-0.28746576582310435,0.09152568466459664
103.30000000000001,0.29951002942570676,0.09727167906302475
103.30000000000001,0.3351732572030694,0.08725023291612231
103.4,-0.2848409825469719,0.09669470054883414
103.4,-0.2832837208882674,0.0860686413083381
103.5,0.29769763796435206,0.09529467554683575
103.5,0.3336923887826557,0.08600904657938904
103.60000000000001,-0.28115817981333124,0.09348907156077017
103.60000000000001,-0.2789221796193801,0.08408453301469195
103.7,0.2988621922185143,0.08997526916823753
103.7,0.3004608693058343,0.09131135299233036
103.80000000000001,-0.27348742487850447,0.08805900775429167
103.80000000000001,-0.27339734526668896,0.08947871615119457
103.9,0.29551873473407264,0.08822583829363298
103.9,0.3000180313281003,0.08604278784630583
104.0,-0.27010716794335876,0.08837570137486193
104.0,-0.26672349802595663,0.08735182146728952
104.10000000000001,0.29399599772321044,0.08622211763690564
104.10000000000001,0.29544186145358303,0.08639490418117268
104.2,-0.262875470331737,0.08651286379202518
104.2,-0.25901860443186164,0.08435797492649154
104.30000000000001,0.2921404190940298,0.08639231066679809
104.30000000000001,0.2976629522603528,0.08422462797087886
104.4,-0.25454286043704694,0.08644965535551556
104.4,-0.25014105581170565,0.08429756450760212
104.5,0.2893507695613873,0.08654083804856114
104.5,0.3266425546833085,0.07843780125276603
104.60000000000001,-0.24505856835797624,0.08991122999440931
104.60000000000001,-0.24013779770662494,0.08773033118164814
104.7,0.2851440745448204,0.08865846335680863
104.7,0.32259985569081473,0.08045279136433042
104.80000000000001,-0.229196742772302,0.09073644200490935
104.80000000000001,-0.229196742772302,0.09091883475782053
104.9,0.28033201379292455,0.09152861308706906
104.9,0.2815536631048376,0.09171732693348886
105.0,-0.2173542616951236,0.09287529523572435
105.0,-0.21727592190729653,0.09405841259038256
105.10000000000001,0.2762502680457812,0.09760342549474779
105.10000000000001,0.2835557348043323,0.09536075501755331
105.2,-0.21081386140933456,0.10275851408113781
105.2,-0.20444774864763188,0.09056241203591073
105.30000000000001,0.27131959155207935,0.1101056976388618
105.30000000000001,0.308117261094254,0.09988484198705463
105.4,-0.19085247814283623,0.11106184978508747
105.4,-0.19078288538401192,0.11220441622370152
105.5,0.26609379592338905,0.12554276990925173
105.5,0.2741470096193938,0.12381162986293569
105.60000000000001,-0.18360072994645138,0.1304621042306222
105.60000000000001,-0.17639789920937418,0.12806676612203868
105.7,0.26805951031470365,0.14638363761338935
105.7,0.26901479742085754,0.1471992539227334
105.80000000000001,-0.1688027019811145,0.1574622753587062
105.80000000000001,-0.16123752700686417,0.15499598363701436
105.9,0.2545411319844971,0.18205462075597817
105.9,0.25537196940248164,0.18233980724154247
106.0,-0.15327848210802147,0.1953193466418328
106.0,-0.14540551904325166,0.17507336373982027
106.10000000000001,0.2472217907108117,0.23157112302713
106.10000000000001,0.27982198958821947,0.19761295213364793
106.2,-0.13723574959671037,0.25330565428453616
106.2,-0.12908487845737998,0.23663172057577092
106.30000000000001,0.23791838395568685,0.2974586928989162
106.30000000000001,0.2706820766759449,0.2558012786967452
106.4,-0.12068925653636312,0.3323895386507131
106.4,-0.11232756734791056,0.32965750516629466
106.5,0.22824363732638642,0.39748942415739263
106.5,0.2611125656169782,0.3440279765559756
106.60000000000001,-0.10379591324399944,0.4530654636353396
106.60000000000001,-0.09532827599533845,0.44940922614829665
106.7,0.2278976623745969,0.5716199807441721
106.7,0.2511169386955243,0.4981151173525856
106.80000000000001,-0.08681929253365328,0.6651280357205933
106.80000000000001,-0.07840156135606621,0.6828584523159649
106.9,0.23179013585166403,0.8868426356549342
106.9,0.2410535860821192,0.7731475393574142
107.0,-0.07016326630762469,1.0563469524033953
107.0,-0.062101863466907166,1.1254535223635775
107.10000000000001,0.23024444773849403,1.1937111404808673
107.10000000000001,0.2303192260133876,1.1963362955977495
107.2,-0.047266192322498735,1.192916853424978
107.2,-0.04757290234098368,1.195408391901968
107.30000000000001,0.2205331853270459,1.1909410512638092
107.30000000000001,0.22034465413381588,1.1930948231336542
107.4,-0.03634885882280973,1.1895136118336704
107.4,-0.03634885882280973,1.1895136118336704
107.5,0.2064370459834394,1.193390206922215
107.5,0.21137014734459353,1.1848415202251972
107.60000000000001,-0.03325846702349426,1.1865920521220559
107.60000000000001,-0.03325846702349426,1.1865920521220559
107.7,0.20538932062220155,1.1825962037259354
107.7,0.20847625534210276,1.1732484366205982
107.80000000000001,-0.03175598838660148,1.176422850119706
107.80000000000001,-0.02980546062033969,1.1668365561639207
107.9,0.19761918943146406,1.170076137476169
107.9,0.19880449890012472,1.1603627420645852
108.0,-0.03597845017984972,1.1638610049456497
108.0,-0.03598838483397213,1.1541304816210025
108.10000000000001,0.18535469148559897,1.158033689236899
108.10000000000001,0.19657694489284794,1.1483951410842255
108.2,-0.04646653933185787,1.152858985749993
108.2,-0.04839455293741233,1.1434184539873786
108.30000000000001,0.19902833650647736,1.1485410759262449
108.30000000000001,0.1979008219357421,1.1393980005281374
108.4,-0.06244976503054004,1.1454016166838468
108.4,-0.06615018633338503,1.1366545035162798
108.5,0.20499715451794095,1.1435116921819444
108.5,0.20249223853194787,1.135244757688965
108.60000000000001,-0.08269063030918619,1.1432341949266795
108.60000000000001,-0.08793891397961583,1.1355350655383858
108.7,0.21367133685035955,1.144572827132272
108.7,0.2100343811820331,1.1375112231079545
108.80000000000001,-0.10556177006596001,1.147804346053508
108.80000000000001,-0.11207114646930581,1.1414501390554355
108.9,0.21356941424859663,1.1530046612027778
108.9,0.21987487866133285,1.1474162079692078
109.0,-0.12908166475899469,1.1602610729074962
109.0,-0.13651591352819697,1.1067223897772298
109.10000000000001,0.22689768767077295,1.053267403840589
109.10000000000001,0.2314630611334661,0.9186079070525562
109.2,-0.15711613962763096,0.9064280840810366
109.2,-0.1582400919249985,0.9135403267453683
109.30000000000001,0.24112842591623984,0.7980681440164177
109.30000000000001,0.2413428814649361,0.8053938847107144
109.4,-0.1684398940450902,0.6761386692068907
109.4,-0.17640800057352407,0.6165017377545944
109.5,0.24868839799302056,0.6254297459478573
109.5,0.2523646674177875,0.5418122757604514
109.60000000000001,-0.18405428818791003,0.5379400313390138
109.60000000000001,-0.19180638508850062,0.49563522771833857
109.7,0.253679832503544,0.488571205881778
109.7,0.24718549727048683,0.488792780836206
109.80000000000001,-0.1980076960592972,0.40108438484701175
109.80000000000001,-0.20541160528139102,0.3641823051053985
109.9,0.24727854086873213,0.3688454196571593
109.9,0.2667643325525565,0.3223905863529829
110.0,-0.21080120669167118,0.31718625553303953
110.0,-0.21777007390603165,0.29224113566530296
110.10000000000001,0.243467607932001,0.2818701894386396
110.10000000000001,0.24512889606904464,0.2852945364343309
110.2,-0.22251062843424496,0.239708552794419
110.2,-0.22899014855354632,0.21477414063257988
110.30000000000001,0.256150828691176,0.21955086609509772
110.30000000000001,0.27867190884185394,0.19307369304266345
110.4,-0.23338325023081766,0.18397886113160639
110.4,-0.2393368451736102,0.16843647171063528
110.5,0.2586391120886171,0.16236918478943835
110.5,0.2838984967584149,0.14602560532505438
110.60000000000001,-0.24324907237528592,0.13602248861139885
110.60000000000001,-0.24864738666562314,0.1376900054766249
110.7,0.2619948715467869,0.11362932014729313
110.7,0.28898622901424786,0.10423931525372784
110.80000000000001,-0.2573177340766798,0.09821365600745462
110.80000000000001,-0.2569352877439947,0.10029171720606342
110.9,0.2608481248641035,0.07817190993894466
110.9,0.26262644959630893,0.08017975656951006
111.0,-0.2645937088145059,0.06776368441987698
111.0,-0.2642713408066044,0.06952450638206754
111.10000000000001,0.27030026788179806,0.05239489149443869
111.10000000000001,0.2678273021346328,0.054197763747050494
111.2,-0.2671183421929747,0.04613277040321865
111.2,-0.270730578397167,0.03884026173505947
111.30000000000001,0.2707913853390049,0.036089673343271844
111.30000000000001,0.2724484556933445,0.03727769440605869
111.4,-0.27349962416743967,0.03089566814341639
111.4,-0.27632377735733105,0.0331627396092832
111.5,0.27531491706258676,0.021162745038599468
111.5,0.2769874845985862,0.022256668239373847
111.60000000000001,-0.27846090886899455,0.0199051964926526
111.60000000000001,-0.28082040562204397,0.014562923059044885
111.7,0.28135199750686046,0.011878315541833662
111.7,0.3113578954281906,0.017423516022184324
111.80000000000001,-0.28254561461850525,0.011039600398694907
111.80000000000001,-0.28426601781908223,0.012706930474594258
111.9,0.2837235144935302,0.0023751240295468296
111.9,0.31435861597712417,0.00832706169138285
112.0,-0.2854802554991851,0.0035841410630838566
112.0,-0.28655581665354884,0.005200555141395322
112.10000000000001,0.2855767446780618,-0.004324926950920488
112.10000000000001,0.2864016772170459,-0.002731439334413499
112.2,-0.28720429738101916,-0.0005704279287422759
112.2,-0.28720429738101916,1.6334373524037882e-05
112.30000000000001,0.2870202021282457,-0.007945333434120003
112.30000000000001,0.288498102598327,-0.006405681410784486
112.4,-0.28780722217296684,-0.0038347930360174837
112.4,-0.28758645771081576,-0.0023236501964053607
112.5,0.28907847425203775,-0.011073327932865654
112.5,0.29066153215256557,-0.010488964556100003
112.60000000000001,-0.28630113723164374,-0.005364679735998107
112.60000000000001,-0.28630113723164374,-0.014991751508188239
112.7,0.2898052449698889,-0.011151153700689767
112.7,0.32306154375049895,-0.0024019030039343636
112.80000000000001,-0.28531473209078584,-0.00945565938698363
112.80000000000001,-0.2838069762183026,-0.01442253497904497
112.9,0.2913385350225346,-0.013707229523783365
112.9,0.29281991902917437,-0.013318641367589312
113.0,-0.28004260097999456,-0.00930260759263589
113.0,-0.28011451080579297,-0.008895274531792369
113.10000000000001,0.28931669257462483,-0.01722499892377327
113.10000000000001,0.29330789104671,-0.015875207075935066
113.2,-0.27792271168095545,-0.011991661356893252
113.2,-0.27515917763448383,-0.015698638706029708
113.30000000000001,0.28825731734692805,-0.018042599079721958
113.30000000000001,0.32338140650001185,-0.009104967986585208
113.4,-0.2723733935926863,-0.015181826095441123
113.4,-0.2690004456770623,-0.013889825857323554
113.5,0.2898556882143766,-0.021523022631828287
113.5,0.2913246681094205,-0.02089489408692735
113.60000000000001,-0.26556890713723086,-0.01601278084314671
113.60000000000001,-0.2616023266830077,-0.014755946931726896
113.7,0.2840161194109679,-0.02362217985166251
113.7,0.28969692044062334,-0.022376298977060366
113.80000000000001,-0.25774279520029447,-0.01755052743170135
113.80000000000001,-0.25774279520029447,-0.016894078003853424
113.9,0.28678592561755223,-0.025201489033528507
113.9,0.2881829983087715,-0.024529511893104428
114.0,-0.24882182680011178,-0.01889964760625759
114.0,-0.24386393937419726,-0.017989315778184328
114.10000000000001,0.28341414030805673,-0.026795994248685645
114.10000000000001,0.31436143560441016,-0.02412548188604713
114.2,-0.23334642822387855,-0.021434892807254094
114.2,-0.23334642822387855,-0.033694932956113546
114.30000000000001,0.27917801068506876,-0.026995564273759737
114.30000000000001,0.2802452919087688,-0.02663743079417169
114.4,-0.22812679787228524,-0.02306071963977932
114.4,-0.2220042827082161,-0.027454567799442137
114.50000000000001,0.27492314717663197,-0.029892590257922957
114.50000000000001,0.27595621120269426,-0.02940077792468143
114.60000000000001,-0.21625600450316962,-0.02504668012306807
114.60000000000001,-0.20966014753860476,-0.023822304524237697
114.7,0.2632955473275261,-0.03438361885310107
114.7,0.2644037033285197,-0.03353953223709208
114.80000000000001,-0.20345395879712996,-0.028121446400477673
114.80000000000001,-0.19641528547228465,-0.03269005009223799
114.9,0.2572173678097375,-0.036947769493980875
114.9,0.2961757027535745,-0.025235321208835856
115.00000000000001,-0.1898131315406717,-0.034152667134569825
115.00000000000001,-0.18236423174885652,-0.04114452911003033
115.10000000000001,0.2498486163211925,-0.043446817754805495
115.10000000000001,0.28912738847536185,-0.030431363933353522
115.2,-0.1753186676122142,-0.040650994138802576
115.2,-0.1676577564887516,-0.048588330531614404
115.30000000000001,0.2501390394022394,-0.05093243080604229
115.30000000000001,0.2507371778618076,-0.05017745110113962
115.4,-0.16065390522103057,-0.04592369443949387
115.4,-0.15249021464687895,-0.05211969118067848
115.50000000000001,0.2340678571735569,-0.05932278395214105
115.50000000000001,0.27392740487513234,-0.0445109782731892
115.60000000000001,-0.14516220788806372,-0.05833915715593281
115.60000000000001,-0.13669651208100372,-0.06822845065212241
115.7,0.2260858141769056,-0.07694335061883772
115.7,0.23534444462543003,-0.07518956138260757
115.80000000000001,-0.12899759574896089,-0.07248025830753464
115.80000000000001,-0.1293918563139411,-0.07136261456457153
115.9,0.23707597781278864,-0.10040650340830176
115.9,0.2374036536046764,-0.09891325685115956
116.00000000000001,-0.10390212954782013,-0.09589456738971423
116.00000000000001,-0.1044151361512265,-0.09445960388667304
116.10000000000001,0.2104405683125422,-0.14684210709198386
116.10000000000001,0.24762653806495927,-0.12068908109903911
116.2,-0.09710548227879275,-0.1574347728790487
116.2,-0.08797269192645073,-0.18274034076636747
116.30000000000001,0.20490310014823554,-0.25106583608922944
116.30000000000001,0.23711699029317052,-0.2136632930570002
116.4,-0.07214671785700277,-0.31385420097163946
116.4,-0.07214671785700277,-0.3104477051664238
116.50000000000001,0.20555625521155008,-0.5564659197847994
116.50000000000001,0.2263088232046474,-0.4806728336930962
116.60000000000001,-0.06622144909374508,-0.8398303830749615
116.60000000000001,-0.05877213443897296,-1.10052175889182
116.7,0.18967696459366448,-1.1058755011672972
116.7,0.20992012138961905,-1.1042585335273551
116.80000000000001,-0.062354995778177776,-1.107202805780461
116.80000000000001,-0.062354995778177776,-1.107202805780461
116.9,0.2068414728389472,-1.1107932317318938
116.9,0.21186121163714813,-1.1105814958274909
117.00000000000001,-0.061681332119657276,-1.1135011083326813
117.00000000000001,-0.057208621531344345,-1.11251384920036
117.10000000000001,0.20735523051544658,-1.1110485287026632
117.10000000000001,0.20344616772369278,-1.1136905896714735
117.2,-0.05355890992772057,-1.1115089651298733
117.2,-0.05778079067255058,-1.1142060589884895
117.30000000000001,0.1865972400641483,-1.1171805240834378
117.30000000000001,0.18684272885914205,-1.1171805240834378
117.4,-0.056127889534449985,-1.1107314492881806
117.4,-0.06038957172278571,-1.11355745401182
117.50000000000001,0.1957028167994232,-1.1166514188457972
117.50000000000001,0.1920914879823952,-1.1198368190205448
117.60000000000001,-0.06689730526263304,-1.1157951791092593
117.60000000000001,-0.06575882323483025,-1.1114516048083445
117.7,0.19972701972334733,-1.1069554942135076
117.7,0.19571313206387358,-1.1101565673102096
117.80000000000001,-0.07793570616473967,-1.1173030607378374
117.80000000000001,-0.07424478515071627,-1.1089427496252715
117.9,0.1979876150996543,-1.1042749317791771
117.9,0.19835881926469362,-1.1042749317791771
118.00000000000001,-0.08159044689587758,-1.1033842295281922
118.00000000000001,-0.08159044689587758,-1.1033842295281922
118.10000000000001,0.18375169767871596,-1.1030604474706545
118.10000000000001,0.17959604008337926,-1.107412389961906
118.2,-0.0966880816698837,-1.1034242505669338
118.2,-0.1012115877710516,-1.1081758473144283
118.30000000000001,0.1869732577543556,-1.1046499728545285
118.30000000000001,0.18297309416721855,-1.1098245446625963
118.4,-0.11410957142907284,-1.1153633258879765
118.4,-0.11454152850358057,-1.106867166571097
118.50000000000001,0.1953720582910015,-1.1101659935188266
118.50000000000001,0.19179728367471272,-1.1161702498726989
118.60000000000001,-0.1340644656220695,-1.1145399797990163
118.60000000000001,-0.13801218368749413,-1.1210738753701097
118.7,0.20656292323505848,-1.127357279807428
118.7,0.21046872743949807,-1.127357279807428
118.80000000000001,-0.15426561609701764,-1.1275262758445483
118.80000000000001,-0.1576391402974208,-1.1351908768070187
118.9,0.2147656432028285,-1.143243632242569
118.9,0.21207765854485747,-1.1363044776977436
119.00000000000001,-0.17186737488754184,-1.161489295328933
119.00000000000001,-0.17615050045568925,-1.1552077568795474
119.10000000000001,0.22576484956922147,-1.1733330465157323
119.10000000000001,0.23616419022431448,-1.167561709355915
119.2,-0.18591032434412413,-1.17721802922148
119.2,-0.1918561721804595,-1.181525564586322
119.30000000000001,0.24294059469071663,-1.1916946550906855
119.30000000000001,0.2389550690668642,-1.186748546071378
119.4,-0.19792533989191216,-1.0217578257687217
119.4,-0.2027892364007532,-1.029033519094228
119.50000000000001,0.24706612970965564,-0.9115183507406485
119.50000000000001,0.24930179651518403,-0.9217177209854814
119.60000000000001,-0.21040098488051506,-0.7834388831263969
119.60000000000001,-0.2089026984211273,-0.7926196411782128
119.7,0.25564739762613975,-0.7099830784666022
119.7,0.2584926447037845,-0.7178221363234367
119.80000000000001,-0.2147576485360765,-0.6100149094373348
119.80000000000001,-0.21292085656663537,-0.6174050508170671
119.9,0.2673999922062775,-0.5675996105316578
119.9,0.2773297466910508,-0.488959492531127
120.00000000000001,-0.21146653851339062,-0.5103611641558312
120.00000000000001,-0.2167324366075852,-0.5089568976875881
120.10000000000001,0.2656028165413069,-0.458714110534441
120.10000000000001,0.2617643199912396,-0.45741303105876574
120.2,-0.21475751920655095,-0.3994296632861779
120.2,-0.2196931884800708,-0.3589821471533337
120.30000000000001,0.26114576583352345,-0.37303886491410143
120.30000000000001,0.28510803903463455,-0.3298255499374386
120.4,-0.21831359921310015,-0.3323111623823689
120.4,-0.22287118514735,-0.3038716569908957
120.50000000000001,0.2638902508580988,-0.3103766143327937
120.50000000000001,0.28801755468161144,-0.27297292018836417
120.60000000000001,-0.2256879726549741,-0.27113498500424565
120.60000000000001,-0.2256879726549741,-0.271964632728085
120.7,0.26145997198154536,-0.24811942554752148
120.7,0.29122007770799996,-0.21871820751595175
120.80000000000001,-0.22411759402121667,-0.22602715537599788
120.80000000000001,-0.22788273671152492,-0.20762495144971177
120.9,0.2611062717103224,-0.2081821300725419
120.9,0.2932731690956046,-0.18619037690893844
121.00000000000001,-0.2266745359669869,-0.19088853760670424
121.00000000000001,-0.23003273553727027,-0.17394021950876778
121.10000000000001,0.26259227512533667,-0.1784931489831051
121.10000000000001,0.29522659733177353,-0.16011364147679
121.2,-0.22902961606501065,-0.16648297673372103
121.2,-0.23197739023701902,-0.150715140661925
121.30000000000001,0.2639736417905235,-0.1578827582330039
121.30000000000001,0.29703550634240916,-0.14189394417026216
121.4,-0.23104016838375074,-0.14994957237165463
121.4,-0.23357828247876916,-0.13489257725115814
121.50000000000001,0.2652165760277483,-0.14427033875307735
121.50000000000001,0.29867336929256544,-0.129794128379339
121.60000000000001,-0.23258605390309395,-0.1394367546914975
121.60000000000001,-0.23471907552912688,-0.12471510788357593
121.7,0.2662828523248685,-0.13602958466379725
121.7,0.3001036376873752,-0.1224000395052745
121.80000000000001,-0.23357598037814556,-0.133557848052934
121.80000000000001,-0.23531214699393693,-0.11889271315118957
121.9,0.2671383718643654,-0.13195481968404787
121.9,0.30129054291052126,-0.11866472951662971
122.00000000000001,-0.23394749628013886,-0.13130582565979595
122.00000000000001,-0.2352987118345723,-0.11648247207870152
122.10000000000001,0.2665921379835078,-0.12691123219571673
122.10000000000001,0.30241395587365905,-0.13878030764685953
122.2,-0.23346327768194264,-0.12700698875656916
122.2,-0.234452566855113,-0.10992872801832981
122.30000000000001,0.2680698784869989,-0.1313006279022388
122.30000000000001,0.302752285389582,-0.11827152858352119
122.4,-0.2325611698545456,-0.132928596271252
122.4,-0.23319935274760034,-0.11735024812681774
122.50000000000001,0.2681639051846016,-0.13532937838488915
122.50000000000001,0.3030567761555246,-0.12122711590954426
122.60000000000001,-0.2309989482918879,-0.13831342813982433
122.60000000000001,-0.2313088903140618,-0.12222195734756403
122.7,0.2679999254359794,-0.14145070215332464
122.7,0.3030482502304022,-0.12647925689422632
122.80000000000001,-0.22879983483875715,-0.14511907388427062
122.80000000000001,-0.2288083334288709,-0.12836285923993498
122.9,0.26757093734617265,-0.14900945630867704
122.9,0.30271381169389716,-0.13303368257974194
123.00000000000001,-0.22601260299863546,-0.15319571635379275
123.00000000000001,-0.22574995569980605,-0.1479838994923514
123.10000000000001,0.2671358027084184,-0.15482492403556927
123.10000000000001,0.302296908574866,-0.1366187637340506
123.2,-0.22273630987944176,-0.15367147742241227
123.2,-0.2221196766893913,-0.15577849107283404
123.30000000000001,0.26633056007411626,-0.1633740172161188
123.30000000000001,0.3014301584018373,-0.14410938657050293
123.4,-0.21946617603561908,-0.16903879838715344
123.4,-0.21872780767334024,-0.16313547228120334
123.50000000000001,0.2653504119554985,-0.17193805949269242
123.50000000000001,0.267412852377348,-0.1658769776798677
123.60000000000001,-0.21444536540504405,-0.16992832330501137
123.60000000000001,-0.21380424178890484,-0.17225598485152316
123.7,0.26733011521073496,-0.17915892617301368
123.7,0.26854530161619355,-0.17970897147618212
123.80000000000001,-0.2110141781760438,-0.18621684053031173
123.80000000000001,-0.20998244771461938,-0.1796560169203369
123.9,0.26737716873883943,-0.20006373859652707
123.9,0.2701264678813911,-0.19482063686168838
124.00000000000001,-0.20668198133279342,-0.20136150057845695
124.00000000000001,-0.2060747399994577,-0.20366713556281202
124.10000000000001,0.2691479304125182,-0.21804911263209056
124.10000000000001,0.2714443895622638,-0.21103446399182352
124.2,-0.2011845330656526,-0.21315937180187666
124.2,-0.20072971495786165,-0.21534140758427572
124.30000000000001,0.2666796614942747,-0.2364310497271262
124.30000000000001,0.2694270758512149,-0.23062494135586356
124.4,-0.1969904434993405,-0.23424990540810384
124.4,-0.19660646947141333,-0.2363982543970285
124.50000000000001,0.26780197776788695,-0.26168183731443284
124.50000000000001,0.29475361685133117,-0.2211291656592426
124.60000000000001,-0.19394055670228802,-0.2699897297246677
124.60000000000001,-0.192741470302452,-0.24169961992872926
124.7,0.2666378959134602,-0.29146816598484115
124.7,0.29257671244009475,-0.24749463083514084
124.80000000000001,-0.19038273195673633,-0.2971680796743097
124.80000000000001,-0.1891871886989269,-0.26681104074843065
124.9,0.2643354710345447,-0.3180720546144568
124.9,0.290435461700306,-0.2714877622376975
125.00000000000001,-0.18712743388071865,-0.32783959445395183
125.00000000000001,-0.18597278733492603,-0.29347363668845083
125.10000000000001,0.2619048076689702,-0.3432913861259255
125.10000000000001,0.2641707876713988,-0.3351873430089106
125.2,-0.1843892242069066,-0.3411056964760025
125.2,-0.18325029704627044,-0.33291639247565563
125.30000000000001,0.2616367278618741,-0.3481570168372913
125.30000000000001,0.26270088428099003,-0.3505615167679419
125.4,-0.18106741534044904,-0.3484932463188386
125.4,-0.18106741534044904,-0.36995173848390295
125.50000000000001,0.2592421055479869,-0.3638857517894699
125.50000000000001,0.26028102383640705,-0.36423103981715155
125.60000000000001,-0.1796415361016033,-0.3536552684254337
125.60000000000001,-0.179783540262227,-0.356258607938727
125.7,0.25906514486135734,-0.3675855061999517
125.7,0.2599071450928002,-0.37011511671536446
125.80000000000001,-0.1791296253579284,-0.36359490516082466
125.80000000000001,-0.1793795845590979,-0.3662215763877411
125.9,0.2579506101977976,-0.3844725273550308
125.9,0.25897561638416017,-0.3847776463959363
126.00000000000001,-0.17981695006411108,-0.3774311222634318
126.00000000000001,-0.17981695006411108,-0.37771277792120567
126.10000000000001,0.2574491206224867,-0.39002488819162157
126.10000000000001,0.28311303670405175,-0.3318861248155416
126.2,-0.18120406182241286,-0.3967393895982634
126.2,-0.18128067220056543,-0.3603216901690253
126.30000000000001,0.2574245682166565,-0.3970891325907211
126.30000000000001,0.25796966047162273,-0.39964129195783926
126.4,-0.18358776336070057,-0.3870461278199775
126.4,-0.18358776336070057,-0.3873005607174862
126.50000000000001,0.258162215422551,-0.40047301266036645
126.50000000000001,0.2588852332668965,-0.3922752919902895
126.60000000000001,-0.18576991247904362,-0.39055214279514866
126.60000000000001,-0.18576991247904362,-0.3907940694591482
126.7,0.25743873737725753,-0.3866460187582805
126.7,0.2577714190955201,-0.38955879703652224
126.80000000000001,-0.19025447161785272,-0.37625697205346664
126.80000000000001,-0.19101192355721205,-0.37917556427442134
126.9,0.25946862303303686,-0.38383173319500735
126.9,0.2605506650734346,-0.38407184507530995
127.00000000000001,-0.19494761390471263,-0.369381352742095
127.00000000000001,-0.19576498021246264,-0.3723202397384591
127.10000000000001,0.2629807339998305,-0.3812627223083067
127.10000000000001,0.2640890498277419,-0.3814940981544125
127.2,-0.2010895658630526,-0.362585189553862
127.2,-0.2010895658630526,-0.36279947231032006
127.30000000000001,0.264493307682849,-0.37356985947510696
127.30000000000001,0.2876150856802439,-0.3184005501116129
127.4,-0.2054964316030888,-0.3649419142084278
127.4,-0.20670958587747718,-0.3355262958647746
127.50000000000001,0.26569984916911654,-0.3721738268738989
127.50000000000001,0.28911609965890284,-0.3191977388344681
127.60000000000001,-0.21127523405531598,-0.3583335101860235
127.60000000000001,-0.2125302549892365,-0.3288394280418311
127.7,0.2624168961640494,-0.35216609024404133
127.7,0.2906262653761196,-0.30946228198967485
127.80000000000001,-0.21737194062031073,-0.3460521943641898
127.80000000000001,-0.21863859892056228,-0.31721529159718365
127.9,0.26497360822833754,-0.3453709314152282
127.9,0.29248968034609724,-0.2978711200813245
128.0,-0.22359235394503427,-0.32671976560399657
128.0,-0.22483044552233794,-0.30291332316527186
128.1,0.26710081447820255,-0.3299728572459524
128.1,0.294592943536901,-0.28424563886511234
128.20000000000002,-0.22985275861573556,-0.2984238793948978
128.20000000000002,-0.23090328300236346,-0.30189312927164247
128.3,0.26821926260877516,-0.29932833626972877
128.3,0.2685364763991779,-0.302561449919142
128.4,-0.23584837646419501,-0.28015494222104514
128.4,-0.2369041760026282,-0.2565484956566473
128.5,0.26488733370080086,-0.2787736284229451
128.5,0.29969170425644426,-0.24341560211028113
128.6,-0.24135629517370005,-0.2628648317351445
128.6,-0.24223758889441668,-0.24467719651777253
128.70000000000002,0.2666922462379593,-0.25843296390805226
128.70000000000002,0.2679945463086486,-0.25867448097493795
128.8,-0.2461280481930237,-0.22798096122060552
128.8,-0.24703904983785346,-0.23139734527684136
128.9,0.26926314587339495,-0.23277907272550485
128.9,0.2700581094639464,-0.22802982636487076
129.0,-0.2506222869180079,-0.21624320155460225
129.0,-0.25101300339866667,-0.19729927765597552
129.1,0.27141624154059285,-0.21174718461859382
129.1,0.2727658240494124,-0.21198495384134136
129.20000000000002,-0.25389257391490244,-0.20048981512413377
129.20000000000002,-0.25395376495072386,-0.18264717028739363
129.3,0.27415362497018286,-0.19904291492537857
129.3,0.27507173643340393,-0.19716687656620427
129.4,-0.2562559397065193,-0.18726655106985224
129.4,-0.2559474495013331,-0.17047625142111666
129.5,0.2762588905014486,-0.18215221278143282
129.5,0.2770744946954085,-0.1845731860074944
129.6,-0.25767307649357124,-0.17604639633708102
129.6,-0.2569616571901579,-0.16016169783678388
129.70000000000002,0.27642376874636027,-0.17763255929750665
129.70000000000002,0.31296477192605004,-0.15559839425323374
129.8,-0.25802413979473987,-0.17126978475938076
129.8,-0.25687713680660823,-0.15860923930015747
129.9,0.2764454459123295,-0.17124360562229327
129.9,0.3132380351278762,-0.14982359295874315
130.0,-0.2574080638630284,-0.16599454514974774
130.0,-0.255807021854458,-0.1537932121336838
130.1,0.276521124520036,-0.16417689344698333
130.1,0.2778890465063522,-0.16442803944078727
130.20000000000002,-0.2558928616453599,-0.15670564316589786
130.20000000000002,-0.253829387280924,-0.14233483322930177
130.3,0.2783772196316486,-0.15574804878251547
130.3,0.3132864222173885,-0.14019597340731224
130.4,-0.25325413156405624,-0.1550287612338487
130.4,-0.2507117215631167,-0.14348489329291247
130.5,0.27519952755359306,-0.1543439967953844
130.5,0.2793409698942354,-0.15137170000834124
130.6,-0.2496692671257978,-0.14943427243893018
130.6,-0.24664668968374093,-0.1361475123764262
130.70000000000002,0.27375933903300664,-0.1521507613943061
130.70000000000002,0.3113032327196772,-0.13455668574638116
130.8,-0.2414851641920276,-0.13827200618541471
130.8,-0.2414851641920276,-0.16111544550881055
130.9,0.2711165206017352,-0.14652173274972266
130.9,0.3087876129472892,-0.12737944824768493
131.0,-0.23902932611860842,-0.14742873396654546
131.0,-0.23902932611860842,-0.1477206431366302
131.1,0.27761123435907253,-0.1443553878177899
131.1,0.2784471014711409,-0.14630057143721553
131.20000000000002,-0.23240512215858494,-0.14480173862901452
131.20000000000002,-0.2279274031532259,-0.1422189658862046
131.3,0.27120537753526264,-0.14629782329216187
131.3,0.27202293785741893,-0.14806813764788818
131.4,-0.2198937280694406,-0.1436595542627328
131.4,-0.22031497033822864,-0.14556745887874128
131.5,0.264833617000395,-0.156557746679101
131.5,0.3010085289902664,-0.13650832660077122
131.6,-0.21664104739903473,-0.15689592993385376
131.6,-0.21127107650607932,-0.14600523917645003
131.70000000000002,0.26689777498771894,-0.1666713604886813
131.70000000000002,0.26799986567551215,-0.1670623314592103
131.8,-0.20710537689970912,-0.16902367534355206
131.8,-0.2012992821394381,-0.15411858939292547
131.9,0.2580228006087226,-0.18808881283061304
131.9,0.2923156350150429,-0.1623238264888867
132.0,-0.19630599312199615,-0.1874744585374153
132.0,-0.19006447665900472,-0.1851180992698807
132.1,0.2602187496832685,-0.20635051923750747
132.1,0.26087014324168195,-0.20785438628078592
132.20000000000002,-0.1855630413521953,-0.21374618135203638
132.20000000000002,-0.17895243714074507,-0.2113801602444729
132.3,0.24981969226044556,-0.24216421880251324
132.3,0.2813266597004854,-0.20279432921683563
132.4,-0.1663494537479347,-0.24769667936888184
132.4,-0.16676386058446596,-0.2493980776983917
132.5,0.24326919348161025,-0.2812926551706318
132.5,0.25126594524857004,-0.27906597775388137
132.6,-0.1615999921620762,-0.29268770838523195
132.6,-0.15431929534188088,-0.2734696152001626
132.70000000000002,0.23574120080032443,-0.33830417848429084
132.70000000000002,0.267855420228144,-0.28999124665636816
132.8,-0.14856241554584723,-0.36026609310823116
132.8,-0.14098745444398622,-0.35805103664019017
132.9,0.23534684634187858,-0.41056359994307945
132.9,0.23523712576712483,-0.413370362548917
133.0,-0.13723928745894104,-0.43455742151831356
133.0,-0.12952764077287757,-0.4172468161288355
133.1,0.2198932508068275,-0.5161934182172804
133.1,0.2524355027810088,-0.4480944997886523
133.20000000000002,-0.1256866037699281,-0.5658970321377869
133.20000000000002,-0.11790172650719313,-0.5646049590176273
133.3,0.2171676379257735,-0.6859267379375855
133.3,0.2440290188752215,-0.5952407550935125
133.4,-0.11548976292908751,-0.7641837040655394
133.4,-0.10780984380106431,-0.7778913395405798
133.5,0.2270302872881379,-0.9521096026634842
133.5,0.23589003197939662,-0.8196709752168241
133.6,-0.10747749488581773,-1.055861099993781
133.6,-0.10020166812868297,-1.091859575394995
133.70000000000002,0.21972195028308716,-1.1535780390253618
133.70000000000002,0.22796841346511057,-1.1302655873558476
133.8,-0.10266333356489249,-1.157389077676401
133.8,-0.0963238982283632,-1.1506373610293796
133.9,0.20424237671607798,-1.1606234173585632
133.9,0.22212322733862058,-1.153270777818579
134.0,-0.0993541639416263,-1.1631907635573955
134.0,-0.09431112174053313,-1.155295884598317
134.1,0.21192499812861823,-1.165089659725974
134.1,0.21775618278119913,-1.1567252659585088
134.20000000000002,-0.09798224709450427,-1.1665584364032513
134.20000000000002,-0.0944736024243121,-1.1577994329631955
134.3,0.21020052731765776,-1.1675887124151705
134.3,0.21453945936465663,-1.1585219301644967
134.4,-0.099329015752406,-1.1685284477664817
134.4,-0.0975202405492996,-1.159239894674151
134.5,0.2001137965357136,-1.169447006378927
134.5,0.201482257439058,-1.1600300279584264
134.6,-0.10383243117987281,-1.1705066164032547
134.6,-0.10381712251328278,-1.1610569267067243
134.70000000000002,0.20142353536272586,-1.1719009098715638
134.70000000000002,0.20103053883756783,-1.1625149647675854
134.8,-0.11142591138164466,-1.1738247495286571
134.8,-0.11320204561398635,-1.1645989294670716
134.9,0.21723429178483805,-1.1763131008461738
134.9,0.21685484705409697,-1.1673393526255227
135.0,-0.12158325570230531,-1.179740869215604
135.0,-0.12505091147881123,-1.171112109588505
135.1,0.22371518084669645,-1.1840603734897892
135.1,0.22015167814738482,-1.1758604437959013
135.20000000000002,-0.13339626387565853,-1.1896555220183236
135.20000000000002,-0.1383864711540418,-1.1819711695697246
135.3,0.22062970671547041,-1.1965347115142875
135.3,0.2288149170324506,-1.1671745890833372
135.4,-0.15176229925334536,-1.1410829910769968
135.4,-0.15176229925334536,-1.1418285301945408
135.5,0.2302920428915724,-1.0276460901818865
135.5,0.22464564700813278,-1.0223236551121662
135.6,-0.1565885464513222,-0.890122857375499
135.6,-0.1637320216339751,-0.8857309419369179
135.70000000000002,0.23938131020734615,-0.8065643555889427
135.70000000000002,0.23391066162913887,-0.8088229159065242
135.8,-0.1670496764465243,-0.6969070063572247
135.8,-0.1745946536293076,-0.6936149568865735
135.9,0.23188126081474625,-0.6297905357042661
135.9,0.23392952500284747,-0.6355958543628524
136.0,-0.17741784429392848,-0.5512144477886337
136.0,-0.1850508828848371,-0.4989212835163009
136.1,0.2443756640390251,-0.5147309760904909
136.1,0.24642149998320248,-0.5188418129856099
136.20000000000002,-0.18808837543799278,-0.44449409483612334
136.20000000000002,-0.19560270768806398,-0.3997408963187323
136.3,0.24241509382006102,-0.41313492209123226
136.3,0.2619609255686513,-0.36104682312900893
136.4,-0.19976086068079246,-0.3623480431952457
136.4,-0.20602184195436501,-0.3640039699580609
136.5,0.24552262869099922,-0.32760653206199786
136.5,0.23954654464925867,-0.3263867541496007
136.6,-0.20895739836608013,-0.2898362702890013
136.6,-0.21591232689689446,-0.2602214076509803
136.70000000000002,0.24972496226637764,-0.27030859404453067
136.70000000000002,0.25090463107029426,-0.2708106894130668
136.8,-0.21922706397480268,-0.23918606602531695
136.8,-0.2257919402906953,-0.2127597296486004
136.9,0.25497153026206204,-0.22630634547591616
136.9,0.2776712525729119,-0.1990234552617611
137.0,-0.22909479339711836,-0.19825554837989995
137.0,-0.23522118655683089,-0.17990911718863914
137.10000000000002,0.25781395608948476,-0.18388408785555097
137.10000000000002,0.28252808890313413,-0.1638394510888476
137.20000000000002,-0.24465404859758913,-0.15911777756119944
137.20000000000002,-0.24393241564398976,-0.16143592092675235
137.3,0.26168495269133346,-0.14710465609028278
137.3,0.28740242494838986,-0.1310976399914032
137.4,-0.24733383186653352,-0.13150444346275603
137.4,-0.24669288479499818,-0.13350965172945098
137.5,0.25872612117958693,-0.11753377849343115
137.5,0.2856616021006243,-0.1069366715974863
137.60000000000002,-0.2549109255103089,-0.10808007160395418
137.60000000000002,-0.25896162474576034,-0.09654048725592465
137.70000000000002,0.268121585896247,-0.09767316700785315
137.70000000000002,0.29606571531873405,-0.09212327602561746
137.8,-0.26127688549860495,-0.09143282803406991
137.8,-0.2653189320270985,-0.07913151929014534
137.9,0.2993215159148236,-0.0821905910942018
137.9,0.30090909065465976,-0.08253500304537764
138.0,-0.2672855105415363,-0.07678007707675363
138.0,-0.2707454162968276,-0.06478945857766213
138.10000000000002,0.27510629502472167,-0.0693624215228573
138.10000000000002,0.30380602031028564,-0.06743247048162701
138.20000000000002,-0.2723901551945275,-0.06693947255738758
138.20000000000002,-0.27525050787694777,-0.05587075017781075
138.3,0.2779369021443475,-0.06006880270710643
138.3,0.3070795942730271,-0.059206646322624595
138.4,-0.2787183914875234,-0.06286745812154751
138.4,-0.2787183914875234,-0.05303681047385286
138.5,0.2804217814118845,-0.05203626804412259
138.5,0.3100287295313245,-0.051624417800084144
138.60000000000002,-0.28134528493775685,-0.05138370302407955
138.60000000000002,-0.28104598712440615,-0.05240731405091564
138.70000000000002,0.28259019927909057,-0.0451571561513478
138.70000000000002,0.312670555589357,-0.04494965708485085
138.8,-0.2811962264890744,-0.04772752704138898
138.8,-0.28218786334747487,-0.037687315121693224
138.9,0.2839971278369136,-0.04274313620987692
138.9,0.314564210454724,-0.04394327215505876
139.0,-0.28189440273116584,-0.04461869680269627
139.0,-0.2822495425086303,-0.034440288594192306
139.10000000000002,0.2850247707302594,-0.04029202479456327
139.10000000000002,0.3160869581097494,-0.041815189354488275
139.20000000000002,-0.28109346207723374,-0.04165003814552777
139.20000000000002,-0.28109346207723374,-0.03243055816064622
139.3,0.2859282503673323,-0.037158643380221276
139.3,0.2876664885851171,-0.037887506012458216
139.4,-0.27964810580811517,-0.04216965868854683
139.4,-0.27872916610290166,-0.032430186842058395
139.5,0.28610129862349665,-0.038382592840941115
139.5,0.31813270395725357,-0.04002509106212275
139.60000000000002,-0.2766400167962262,-0.04149182722925522
139.60000000000002,-0.2750901253613139,-0.03106166671272645
139.70000000000002,0.2854486943742397,-0.03794977568301307
139.70000000000002,0.31793369699208857,-0.03969657737169194
139.8,-0.2723913097972084,-0.04141522749790663
139.8,-0.27021858313545316,-0.030793128181638513
139.9,0.2841904482495099,-0.038155983632406174
139.9,0.3171066276005485,-0.03991182179097953
140.0,-0.26435964065208045,-0.040125378579092236
140.0,-0.2641279229027644,-0.04093386571873461
140.10000000000002,0.2825167909483002,-0.036809901026752884
140.10000000000002,0.31583003494326634,-0.03779214826216287
140.20000000000002,-0.2601540815102167,-0.04278544083114666
140.20000000000002,-0.2567733043488796,-0.03185570090269094
140.3,0.27974091658600175,-0.03955938943986741
140.3,0.30991727381737544,-0.043213666429490316
140.4,-0.2522836934460563,-0.04465593731949606
140.4,-0.24832291222614108,-0.04331872739621631
140.5,0.2810969496484429,-0.03840286807136241
140.5,0.28264338321978905,-0.03911949892152801
140.60000000000002,-0.23892389914531917,-0.04642218161969551
140.60000000000002,-0.23872611273320293,-0.04714848500123865
140.70000000000002,0.27897870585581075,-0.04419252499760211
140.70000000000002,0.3074149030624861,-0.055908533315045784
140.8,-0.23328222592044293,-0.05002838528492537
140.8,-0.22822243368046113,-0.04845791354698986
140.9,0.2755440995515134,-0.04949696368930539
140.9,0.2769418949192751,-0.05015506995390847
141.0,-0.22203649397761238,-0.05892194533384085
141.0,-0.21626241391501308,-0.057636248781564425
141.10000000000002,0.27168624095778154,-0.05968133487019333
141.10000000000002,0.2730070199636746,-0.06033350633107553
141.20000000000002,-0.2096519903545109,-0.07054451494051718
141.20000000000002,-0.20360319811049687,-0.056713880737650414
141.3,0.2609291743730945,-0.0765684288777295
141.3,0.29500215072832603,-0.07123147774632596
141.4,-0.1965443800247615,-0.08542698006571668
141.4,-0.19004338270205312,-0.07004559139638897
141.5,0.25496205215296686,-0.09467035086881016
141.5,0.28877090393244614,-0.08555331861852583
141.60000000000002,-0.18255864795450266,-0.10609789154268912
141.60000000000002,-0.17563849571195334,-0.08884935489561917
141.70000000000002,0.24847555901867444,-0.11980966189299752
141.70000000000002,0.28189656424242393,-0.10555317027844935
141.8,-0.16064579525451236,-0.13139516927346084
141.8,-0.16041521807523346,-0.13227328020490603
141.9,0.24196158476726906,-0.15222580612962808
141.9,0.2746094308382125,-0.12766336709827852
142.0,-0.15191839172542126,-0.17110021505184236
142.0,-0.14427714049407422,-0.14987262756895603
142.10000000000002,0.2413055780259223,-0.19365647841087893
142.10000000000002,0.24086502026564308,-0.23599468843911717
142.20000000000002,-0.13485107739629262,-0.20613369704306256
142.20000000000002,-0.12693291440692037,-0.17918513171504397
142.3,0.23321638893909985,-0.24895334246329118
142.3,0.2341551963140574,-0.2501734768631348
142.4,-0.10935413924160427,-0.2723655789550908
142.4,-0.10876997275697475,-0.2739877328681158
142.5,0.2163732537638246,-0.32745406666218924
142.5,0.22512841018337038,-0.32502556867262106
142.60000000000002,-0.09735294586419421,-0.3686563990719113
142.60000000000002,-0.08910591421216389,-0.3471128021862936
142.70000000000002,0.2078306888180212,-0.4582444289656834
142.70000000000002,0.2164933997408071,-0.45569521201098484
142.8,-0.06930812612806365,-0.5205339007734523
142.8,-0.06799041843156836,-0.5234027318140231
142.9,0.22085709535892467,-0.6913179359964687
142.9,0.22123268643404387,-0.6935865317614351
143.0,-0.046891956360262756,-0.8086712008474641
143.0,-0.044792918923651046,-0.8126382944592309
143.10000000000002,0.2135298852591742,-1.145022381989492
143.10000000000002,0.22180649885159434,-1.0244820857487038
143.20000000000002,-0.019169749203933915,-1.2656869265978539
143.20000000000002,-0.019169749203933915,-1.2656869265978539
143.3,0.2044622410897811,-1.2673689957992633
143.3,0.21101632265317768,-1.2601642821162564
143.4,0.0012693625128990214,-1.2604044701194441
143.4,0.006889461921264876,-1.2524739369911604
143.5,0.19223643237782265,-1.251380264231439
143.5,0.19734066935032873,-1.2428346172744344
143.60000000000002,0.022039901638006926,-1.240639752814992
143.60000000000002,0.02575659760022015,-1.2315955492463804
