t,vx,vy
0.1,0.008748213651084047,0.17994375292962647
0.1,0.008748213651084047,0.17994375292962647
0.2,0.01748571183438319,0.1797750468710939
0.2,0.01748571183438319,0.1797750468710939
0.30000000000000004,0.026201792207220624,0.17949398726019733
0.30000000000000004,0.026201792207220624,0.17949398726019733
0.4,0.034885778661059116,0.17910074975004464
0.4,0.034885778661059116,0.17910074975004464
0.5,0.04352703439839899,0.1785955801012792
0.5,0.04352703439839899,0.1785955801012792
0.6000000000000001,0.052114974961524896,0.1779787940284876
0.6000000000000001,0.052114974961524896,0.1779787940284876
0.7000000000000001,0.060639081197143015,0.17725077700288802
0.7000000000000001,0.060639081197143015,0.17725077700288802
0.8,0.06908891214102843,0.1764119840114235
0.8,0.06908891214102843,0.1764119840114235
0.9,0.07745411780690072,0.1754629392724098
0.9,0.07745411780690072,0.1754629392724098
1.0,0.08572445186386284,0.17440423590791604
1.0,0.08572445186386284,0.17440423590791604
1.1,0.09388978418687531,0.17323653557308283
1.1,0.09388978418687531,0.17323653557308283
1.2,0.10194011326489255,0.17196056804260906
1.2,0.10194011326489255,0.17196056804260906
1.3,0.1098655784514633,0.17057713075466682
1.3,0.1098655784514633,0.17057713075466682
1.4,0.1176564720427895,0.1690870883125282
1.4,0.1176564720427895,0.1690870883125282
1.5,0.12530325116844945,0.16749137194421657
1.5,0.12530325116844945,0.16749137194421657
1.6,0.13279654948022085,0.1657909789205193
1.6,0.13279654948022085,0.1657909789205193
1.7000000000000002,0.14012718862468604,0.16398697193172607
1.7000000000000002,0.14012718862468604,0.16398697193172607
1.8,0.14728618948556738,0.16208047842348183
1.8,0.14728618948556738,0.16208047842348183
1.9,0.15426478318202166,0.16007268989217027
1.9,0.15426478318202166,0.16007268989217027
2.0,0.16105442180942275,0.1579648611402671
2.0,0.16105442180942275,0.1579648611402671
2.1,0.16764678890947593,0.1557583094921294
2.1,0.16764678890947593,0.1557583094921294
2.2,0.17403380965683918,0.15345441397071102
2.2,0.17403380965683918,0.15345441397071102
2.3,0.18020766074977462,0.15105461443571774
2.3,0.18020766074977462,0.15105461443571774
2.4,0.18616077999271485,0.14856041068374207
2.4,0.18616077999271485,0.14856041068374207
2.5,0.19188587555900677,0.14597336151093923
2.5,0.19188587555900677,0.14597336151093923
2.6,0.1973759349224876,0.14329508373883004
2.6,0.1973759349224876,0.14329508373883004
2.7,0.2026242334469524,0.1405272512038404
2.7,0.2026242334469524,0.1405272512038404
2.8,0.20762434262299262,0.1376715937112079
2.8,0.20762434262299262,0.1376715937112079
2.9,0.2123701379421161,0.1347298959539097
2.9,0.2123701379421161,0.1347298959539097
3.0,0.21685580639850421,0.13170399639728775
3.0,0.21685580639850421,0.13170399639728775
3.1,0.22107585360921728,0.12859578613006764
3.1,0.22107585360921728,0.12859578613006764
3.2,0.22502511054412624,0.12540720768248975
3.2,0.22502511054412624,0.12540720768248975
3.3,0.22869873985732853,0.12214025381229117
3.3,0.22869873985732853,0.12214025381229117
3.4,0.23209224181229166,0.11879696625929677
3.4,0.23209224181229166,0.11879696625929677
3.5,0.23520145979346802,0.11537943446939851
3.5,0.23520145979346802,0.11537943446939851
3.6,0.23802258539762894,0.11188979428871959
3.6,0.23802258539762894,0.11188979428871959
3.7,0.24055216309868255,0.10833022662878025
3.7,0.24055216309868255,0.10833022662878025
3.8,0.24278709448026115,0.10470295610349901
3.8,0.24278709448026115,0.10470295610349901
3.9,0.24472464203089364,0.10101024963888144
3.9,0.24472464203089364,0.10101024963888144
4.0,0.24636243249711504,0.09725441505626516
4.0,0.24636243249711504,0.09725441505626516
4.1,0.24769845979040495,0.09343779963000652
4.1,0.24769845979040495,0.09343779963000652
4.2,0.24873108744439523,0.08956278862051086
4.2,0.24873108744439523,0.08956278862051086
4.3,0.24945905061933674,0.08563180378352195
4.3,0.24945905061933674,0.08563180378352195
4.4,0.24988145765136976,0.08164730185660392
4.4,0.24988145765136976,0.08164730185660392
4.5,0.24999779114470078,0.07761177302375992
4.5,0.24999779114470078,0.07761177302375992
4.6,0.24980790860534763,0.07352773935914829
4.6,0.24980790860534763,0.07352773935914829
4.7,0.24931204261567677,0.06939775325086847
4.7,0.24931204261567677,0.06939775325086847
4.8,0.248510800549519,0.06522439580580121
4.8,0.248510800549519,0.06522439580580121
4.9,0.24740516382821245,0.0610102752365011
4.9,0.24740516382821245,0.0610102752365011
5.0,0.24599648671848423,0.05675802523114836
5.0,0.24599648671848423,0.05675802523114836
5.1,0.2442864946736429,0.05247030330757959
5.1,0.2442864946736429,0.05247030330757959
5.2,0.2422772822201141,0.04814978915242572
5.2,0.2422772822201141,0.04814978915242572
5.3,0.2399713103919074,0.04379918294639485
5.3,0.2399713103919074,0.04379918294639485
5.4,0.23737140371615761,0.039421203676747466
5.4,0.23737140371615761,0.039421203676747466
5.5,0.23448074675343203,0.03501858743801769
5.5,0.23448074675343203,0.03501858743801769
5.6,0.23130288019704207,0.030594085722043345
5.6,0.23130288019704207,0.030594085722043345
5.7,0.2278416965361367,0.02615046369837324
5.7,0.2278416965361367,0.02615046369837324
5.8,0.22410143528788995,0.02169049848612595
5.8,0.22410143528788995,0.02169049848612595
5.9,0.22008667780462265,0.017216977418381078
5.9,0.22008667780462265,0.017216977418381078
6.0,0.21580234166221848,0.012732696300186523
6.0,0.21580234166221848,0.012732696300186523
6.1,0.21125367463670847,0.00824045766127147
6.1,0.21125367463670847,0.00824045766127147
6.2,0.206446248276402,0.0037430690045566367
6.2,0.206446248276402,0.0037430690045566367
6.3,0.2013859510774362,-0.0007566589484439274
6.3,0.2013859510774362,-0.0007566589484439274
6.4,0.19607898127110504,-0.005255914014231987
6.4,0.19607898127110504,-0.005255914014231987
6.5,0.1905318392318006,-0.009751884304848538
6.5,0.1905318392318006,-0.009751884304848538
6.6,0.1847513195148677,-0.014241759985212134
6.6,0.1847513195148677,-0.014241759985212134
6.7,0.17874450253412325,-0.018722735029174233
6.7,0.17874450253412325,-0.018722735029174233
6.8,0.1725187458892341,-0.023192008973194473
6.8,0.1725187458892341,-0.023192008973194473
6.9,0.16608167535357835,-0.02764678866653891
6.9,0.16608167535357835,-0.02764678866653891
7.0,0.159441175533626,-0.03208429001690857
7.0,0.159441175533626,-0.03208429001690857
7.1,0.1526053802112819,-0.03650173973040644
7.1,0.1526053802112819,-0.03650173973040644
7.2,0.14558266238102047,-0.040896377044755676
7.2,0.14558266238102047,-0.040896377044755676
7.3,0.13838162399401416,-0.04526545545468652
7.3,0.13838162399401416,-0.04526545545468652
7.4,0.13101108542181902,-0.04960624442841233
7.4,0.13101108542181902,-0.04960624442841233
7.5,0.1234800746525223,-0.05391603111412338
7.5,0.1234800746525223,-0.05391603111412338
7.6,0.1157978162325863,-0.05819212203543064
7.6,0.1157978162325863,-0.05819212203543064
7.7,0.10797371996793234,-0.062431844774701095
7.7,0.10797371996793234,-0.062431844774701095
7.8,0.10001736939810488,-0.06663254964323168
7.8,0.10001736939810488,-0.06663254964323168
7.9,0.09193851005763444,-0.07079161133721833
7.9,0.09193851005763444,-0.07079161133721833
8.0,0.08374703753897628,-0.07490643057848563
8.0,0.08374703753897628,-0.07490643057848563
8.1,0.07545298537164674,-0.07897443573895095
8.1,0.07545298537164674,-0.07897443573895095
8.2,0.06706651273240448,-0.08299308444780837
8.2,0.06706651273240448,-0.08299308444780837
8.3,0.05859789200152981,-0.08695986518042734
8.3,0.05859789200152981,-0.08695986518042734
8.4,0.05005749618044263,-0.09087229882797436
8.4,0.05005749618044263,-0.09087229882797436
8.5,0.04145578618607299,-0.0947279402467749
8.5,0.04145578618607299,-0.0947279402467749
8.6,0.03280329803754595,-0.09852437978644886
8.6,0.03280329803754595,-0.09852437978644886
8.7,0.02411062995087628,-0.1022592447958632
8.7,0.02411062995087628,-0.1022592447958632
8.8,0.015388429357478287,-0.10593020110596224
8.8,0.015388429357478287,-0.10593020110596224
8.9,0.0066473798623939585,-0.10953495448854697
8.9,0.0066473798623939585,-0.10953495448854697
9.0,-0.0021018118417871546,-0.11307125209009304
9.0,-0.0021018118417871546,-0.11307125209009304
9.1,-0.010848429089287407,-0.116536883839711
9.1,-0.010848429089287407,-0.116536883839711
9.2,-0.019581758367716324,-0.1199296838303684
9.2,-0.019581758367716324,-0.1199296838303684
9.3,-0.02829110244078448,-0.12324753167251154
9.3,-0.02829110244078448,-0.12324753167251154
9.4,-0.03696579345107963,-0.1264883538192397
9.4,-0.03696579345107963,-0.1264883538192397
9.5,-0.045595205986857824,-0.1296501248622045
9.5,-0.045595205986857824,-0.1296501248622045
9.6,-0.054168770096845016,-0.13273086879742424
9.6,-0.054168770096845016,-0.13273086879742424
9.7,-0.06267598423710431,-0.13572866026022182
9.7,-0.06267598423710431,-0.13572866026022182
9.8,-0.07110642813411563,-0.13864162572851532
9.8,-0.07110642813411563,-0.13864162572851532
9.9,-0.07944977554830644,-0.1414679446937083
9.9,-0.07944977554830644,-0.1414679446937083
10.0,-0.08769580692240496,-0.14420585079844805
10.0,-0.08769580692240496,-0.14420585079844805
10.1,-0.09583442189911909,-0.14685363294054193
10.1,-0.09583442189911909,-0.14685363294054193
10.2,-0.10385565169281157,-0.14940963634234003
10.2,-0.10385565169281157,-0.14940963634234003
10.3,-0.11174967130001556,-0.15187226358491776
10.3,-0.11174967130001556,-0.15187226358491776
10.4,-0.11950681153383562,-0.1542399756064105
10.4,-0.11950681153383562,-0.1542399756064105
10.5,-0.12711757086749237,-0.15651129266387717
10.5,-0.12711757086749237,-0.15651129266387717
10.6,-0.1345726270725045,-0.1586847952580915
10.6,-0.1345726270725045,-0.1586847952580915
10.7,-0.14186284863725285,-0.16075912502068251
10.7,-0.14186284863725285,-0.16075912502068251
10.8,-0.14897930595194098,-0.162732985563071
10.8,-0.14897930595194098,-0.162732985563071
10.9,-0.15591328224624992,-0.16460514328666995
10.9,-0.15591328224624992,-0.16460514328666995
11.0,-0.16265628426629175,-0.16637442815384343
11.0,-0.16265628426629175,-0.16637442815384343
11.1,-0.16920005267778424,-0.16803973441914222
11.1,-0.16920005267778424,-0.16803973441914222
11.2,-0.17553657218270136,-0.16960002132035848
11.2,-0.17553657218270136,-0.16960002132035848
11.3,-0.1816580813370125,-0.1710543137289685
11.3,-0.1816580813370125,-0.1710543137289685
11.4,-0.18755708205747967,-0.17240170275955627
11.4,-0.18755708205747967,-0.17240170275955627
11.5,-0.19322634880587258,-0.17364134633783693
11.5,-0.19322634880587258,-0.17364134633783693
11.6,-0.19865893743934934,-0.1747724697269263
11.6,-0.19865893743934934,-0.1747724697269263
11.7,-0.20384819371616222,-0.17579436601152582
11.7,-0.20384819371616222,-0.17579436601152582
11.8,-0.20878776144627337,-0.17670639653972173
11.8,-0.20878776144627337,-0.17670639653972173
11.9,-0.21347159027689128,-0.17750799132212183
11.9,-0.21347159027689128,-0.17750799132212183
12.0,-0.21789394310339694,-0.17819864938808017
12.0,-0.21789394310339694,-0.17819864938808017
12.1,-0.22204940309658006,-0.17877793909878742
12.1,-0.22204940309658006,-0.17877793909878742
12.2,-0.2259328803375764,-0.17924549841703102
12.2,-0.2259328803375764,-0.17924549841703102
12.3,-0.22953961805238288,-0.17960103513345685
12.3,-0.22953961805238288,-0.17960103513345685
12.4,-0.23286519843831063,-0.1798443270491903
12.4,-0.23286519843831063,-0.1798443270491903
12.5,-0.2359055480752406,-0.17997522211470357
12.5,-0.2359055480752406,-0.17997522211470357
12.6,-0.2386569429150541,-0.17999363852484154
12.6,-0.2386569429150541,-0.17999363852484154
12.7,-0.24111601284312592,-0.17989956476994734
12.7,-0.24111601284312592,-0.17989956476994734
12.8,-0.2432797458062934,-0.17969305964305554
12.8,-0.2432797458062934,-0.17969305964305554
12.9,-0.24514549150224507,-0.17937425220314843
12.9,-0.24514549150224507,-0.17937425220314843
13.0,-0.24671096462580913,-0.17894334169449833
13.0,-0.24671096462580913,-0.17894334169449833
13.1,-0.24797424766816695,-0.17840059742214634
13.1,-0.24797424766816695,-0.17840059742214634
13.2,-0.24893379326556134,-0.17774635858359566
13.2,-0.24893379326556134,-0.17774635858359566
13.3,-0.24958842609462378,-0.17698103405682397
13.3,-0.24958842609462378,-0.17698103405682397
13.4,-0.2499373443119985,-0.17610510214474814
13.4,-0.2499373443119985,-0.17610510214474814
13.5,-0.24998012053650043,-0.17511911027630034
13.5,-0.24998012053650043,-0.17511911027630034
13.6,-0.24971670237260354,-0.17402367466430296
13.6,-0.24971670237260354,-0.17402367466430296
13.7,-0.249147412474619,-0.17281947992035554
13.7,-0.249147412474619,-0.17281947992035554
13.8,-0.24827294815148385,-0.17150727862697485
13.8,-0.24827294815148385,-0.17150727862697485
13.9,-0.2470943805126448,-0.17008789086725518
13.9,-0.2470943805126448,-0.17008789086725518
14.0,-0.24561315315608315,-0.16856220371234334
14.0,-0.24561315315608315,-0.16856220371234334
14.1,-0.24383108040008758,-0.16693117066704785
14.1,-0.24383108040008758,-0.16693117066704785
14.2,-0.2417503450609415,-0.16519581107392964
14.2,-0.2417503450609415,-0.16519581107392964
14.3,-0.23937349577924563,-0.16335720947624602
14.3,-0.23937349577924563,-0.16335720947624602
14.4,-0.23670344389815223,-0.16141651494014644
14.4,-0.23670344389815223,-0.16141651494014644
14.5,-0.23374345989733372,-0.15937494033654362
14.5,-0.23374345989733372,-0.15937494033654362
14.6,-0.23049716938705406,-0.15723376158310878
14.6,-0.23049716938705406,-0.15723376158310878
14.7,-0.22696854866724955,-0.15499431684686435
14.7,-0.22696854866724955,-0.15499431684686435
14.8,-0.22316191985705866,-0.15265800570787344
14.8,-0.22316191985705866,-0.15265800570787344
14.9,-0.2190819456007663,-0.1502262882845477
14.9,-0.2190819456007663,-0.1502262882845477
15.0,-0.214733623356648,-0.14770068432112088
15.0,-0.214733623356648,-0.14770068432112088
15.1,-0.21012227927570834,-0.1450827722378582
15.1,-0.21012227927570834,-0.1450827722378582
15.2,-0.20525356167781175,-0.14237418814459496
15.2,-0.20525356167781175,-0.14237418814459496
15.3,-0.20013343413319745,-0.13957662481822125
15.3,-0.20013343413319745,-0.13957662481822125
15.4,-0.19476816815785078,-0.1366918306447514
15.4,-0.19476816815785078,-0.1366918306447514
15.5,-0.1891643355316813,-0.1337216085266397
15.5,-0.1891643355316813,-0.1337216085266397
15.6,-0.18332880024891413,-0.13066781475602518
15.6,-0.18332880024891413,-0.13066781475602518
15.7,-0.1772687101105542,-0.1275323578546091
15.7,-0.1772687101105542,-0.1275323578546091
15.8,-0.17099148796922517,-0.12431719738089136
15.8,-0.17099148796922517,-0.12431719738089136
15.9,-0.1645048226371027,-0.12102434270551002
15.9,-0.1645048226371027,-0.12102434270551002
16.0,-0.1578166594680804,-0.11765585175545014
16.0,-0.1578166594680804,-0.11765585175545014
16.1,-0.15093519062570593,-0.11421382972790635
16.1,-0.15093519062570593,-0.11421382972790635
16.2,-0.14386884504880446,-0.1107004277746034
16.2,-0.14386884504880446,-0.1107004277746034
16.3,-0.13662627812708203,-0.10711784165739566
16.3,-0.13662627812708203,-0.10711784165739566
16.4,-0.1292163610993572,-0.10346831037598833
16.4,-0.1292163610993572,-0.10346831037598833
16.5,-0.12164817018740118,-0.09975411476863501
16.5,-0.12164817018740118,-0.09975411476863501
16.6,-0.11393097547870118,-0.09597757608668778
16.6,-0.11393097547870118,-0.09597757608668778
16.7,-0.10607422957176424,-0.09214105454389147
16.7,-0.10607422957176424,-0.09214105454389147
16.8,-0.09808755599786347,-0.08824694784132589
16.8,-0.09808755599786347,-0.08824694784132589
16.9,-0.08998073743341767,-0.08429768966892164
16.9,-0.08998073743341767,-0.08429768966892164
17.0,-0.08176370371743537,-0.08029574818448271
17.0,-0.08176370371743537,-0.08029574818448271
17.1,-0.07344651968870278,-0.07624362447116775
17.1,-0.07344651968870278,-0.07624362447116775
17.2,-0.06503937285761702,-0.07214385097439543
17.2,-0.06503937285761702,-0.07214385097439543
17.3,-0.056552560927757844,-0.06799898991914799
17.3,-0.056552560927757844,-0.06799898991914799
17.4,-0.04799647918248854,-0.0638116317086636
17.4,-0.04799647918248854,-0.0638116317086636
17.5,-0.03938160775203575,-0.05958439330551973
17.5,-0.03938160775203575,-0.05958439330551973
17.6,-0.03071849877663751,-0.05531991659611548
17.6,-0.03071849877663751,-0.05531991659611548
17.7,-0.022017763481493303,-0.05102086673957967
17.7,-0.022017763481493303,-0.05102086673957967
17.8,-0.013290059179339253,-0.0466899305021327
17.8,-0.013290059179339253,-0.0466899305021327
17.9,-0.0045460762165717965,-0.04232981457794458
17.9,-0.0045460762165717965,-0.04232981457794458
18.0,0.004203475121087428,-0.03794324389754034
18.0,0.004203475121087428,-0.03794324389754034
18.1,0.0129478777273554,-0.0335329599248059
18.1,0.0129478777273554,-0.0335329599248059
18.2,0.021676420802500554,-0.02910171894366341
18.2,0.021676420802500554,-0.02910171894366341
18.3,0.0303784129727331,-0.024652290335483135
18.3,0.0303784129727331,-0.024652290335483135
18.4,0.039043195385802976,-0.020187454848309715
18.4,0.039043195385802976,-0.020187454848309715
18.5,0.04766015476675859,-0.015710002858986286
18.5,0.04766015476675859,-0.015710002858986286
18.6,0.05621873641788343,-0.011222732629258499
18.6,0.05621873641788343,-0.011222732629258499
18.7,0.06470845714687963,-0.00672844855695314
18.7,0.06470845714687963,-0.00672844855695314
18.8,0.07311891810746743,-0.002229959423320301
18.8,0.07311891810746743,-0.002229959423320301
18.9,0.08143981753667347,0.0022699233623639605
18.9,0.08143981753667347,0.0022699233623639605
19.0,0.08966096337319988,0.006768387519835779
19.0,0.08966096337319988,0.006768387519835779
19.1,0.09777228574142699,0.011262621655428386
19.1,0.09777228574142699,0.011262621655428386
19.2,0.1057638492857494,0.01574981701910051
19.2,0.1057638492857494,0.01574981701910051
19.3,0.11362586534014624,0.02022716925981421
19.3,0.11362586534014624,0.02022716925981421
19.4,0.12134870391807256,0.02469188017816347
19.4,0.12134870391807256,0.02469188017816347
19.5,0.12892290550798768,0.029141159475156615
19.5,0.12892290550798768,0.029141159475156615
19.6,0.1363391926600755,0.03357222649606364
19.6,0.1363391926600755,0.03357222649606364
19.7,0.14358848134995844,0.03798231196823376
19.7,0.14358848134995844,0.03798231196823376
19.8,0.15066189210549308,0.04236865973180121
19.8,0.15066189210549308,0.04236865973180121
19.9,0.15755076088301298,0.04672852846219585
19.9,0.15755076088301298,0.04672852846219585
20.0,0.16424664967969727,0.051059193383380726
20.0,0.16424664967969727,0.051059193383380726
20.1,0.17074135686907113,0.05535794797074963
20.1,0.17074135686907113,0.05535794797074963
20.2,0.17702692724697094,0.05962210564261581
20.2,0.17702692724697094,0.05962210564261581
20.3,0.1830956617756752,0.06384900143923852
20.3,0.1830956617756752,0.06384900143923852
20.4,0.18894012701426358,0.06803599368833659
20.4,0.18894012701426358,0.06803599368833659
20.5,0.19455316422365093,0.07218046565604648
20.5,0.19455316422365093,0.07218046565604648
20.6,0.19992789813514955,0.07627982718229707
20.6,0.19992789813514955,0.07627982718229707
20.7,0.2050577453718119,0.0803315162995743
20.7,0.2050577453718119,0.0803315162995743
20.8,0.20993642251224487,0.08433300083406788
20.8,0.20993642251224487,0.08433300083406788
20.9,0.21455795378701562,0.08828177998819799
20.9,0.21455795378701562,0.08828177998819799
21.0,0.21891667839822057,0.09217538590353133
21.0,0.21891667839822057,0.09217538590353133
21.1,0.2230072574532567,0.09601138520311342
21.1,0.2230072574532567,0.09601138520311342
21.2,0.2268246805042961,0.09978738051224907
21.2,0.2268246805042961,0.09978738051224907
21.3,0.2303642716854582,0.10350101195678389
21.3,0.2303642716854582,0.10350101195678389
21.4,0.2336216954401615,0.10714995863794921
21.4,0.2336216954401615,0.10714995863794921
21.5,0.2365929618316374,0.11073194008284742
21.5,0.2365929618316374,0.11073194008284742
21.6,0.23927443143010424,0.11424471766967424
21.6,0.23927443143010424,0.11424471766967424
21.7,0.24166281977061366,0.11768609602678358
21.7,0.24166281977061366,0.11768609602678358
21.8,0.24375520137610907,0.12105392440472386
21.8,0.24375520137610907,0.12105392440472386
21.9,0.24554901334076987,0.12434609802038665
21.9,0.24554901334076987,0.12434609802038665
22.0,0.24704205846925006,0.1275605593724268
22.0,0.24704205846925006,0.1275605593724268
22.1,0.24823250796796814,0.13069529952713474
22.1,0.24823250796796814,0.13069529952713474
22.2,0.24911890368515016,0.13374835937395388
22.2,0.24911890368515016,0.13374835937395388
22.3,0.2497001598968837,0.13671783084986122
22.3,0.2497001598968837,0.13671783084986122
22.4,0.2499755646369938,0.13960185813184503
22.4,0.2499755646369938,0.13960185813184503
22.5,0.2499447805691123,0.14239863879673295
22.5,0.2499447805691123,0.14239863879673295
22.6,0.24960784539987285,0.14510642494764883
22.6,0.24960784539987285,0.14510642494764883
22.7,0.24896517183272515,0.14772352430639044
22.7,0.24896517183272515,0.14772352430639044
22.8,0.24801754706242451,0.15024830127104877
22.8,0.24801754706242451,0.15024830127104877
22.9,0.24676613181081689,0.1526791779382061
22.9,0.24676613181081689,0.1526791779382061
23.0,0.24521245890509996,0.15501463508907373
23.0,0.24521245890509996,0.15501463508907373
23.1,0.2433584314003009,0.157253213138955
23.1,0.2433584314003009,0.157253213138955
23.2,0.2412063202482727,0.15939351304943747
23.2,0.2412063202482727,0.15939351304943747
23.3,0.23875876151606176,0.1614341972027468
23.3,0.23875876151606176,0.1614341972027468
23.4,0.23601875315705492,0.16337399023771443
23.4,0.23601875315705492,0.16337399023771443
23.5,0.2329896513388623,0.16521167984683638
23.5,0.2329896513388623,0.16521167984683638
23.6,0.22967516633243118,0.16694611753392646
23.6,0.22967516633243118,0.16694611753392646
23.7,0.22607935796742812,0.16857621933188852
23.7,0.22607935796742812,0.16857621933188852
23.8,0.22220663065945526,0.17010096648016096
23.8,0.22220663065945526,0.17010096648016096
23.9,0.21806172801519202,0.17151940606140878
23.9,0.21806172801519202,0.17151940606140878
24.0,0.21364972702207036,0.17283065159706587
24.0,0.21364972702207036,0.17283065159706587
24.1,0.2089760318295987,0.1740338836013554
24.1,0.2089760318295987,0.1740338836013554
24.2,0.20404636712995708,0.17512835009344158
24.2,0.20404636712995708,0.17512835009344158
24.3,0.19886677114596296,0.17611336706739317
24.3,0.19886677114596296,0.17611336706739317
24.4,0.19344358823500307,0.17698831891966524
24.4,0.19344358823500307,0.17698831891966524
24.5,0.18778346111799182,0.17775265883383096
24.5,0.18778346111799182,0.17775265883383096
24.6,0.18189332274286493,0.17840590912232443
24.6,0.18189332274286493,0.17840590912232443
24.7,0.1757803877925882,0.17894766152497943
24.7,0.1757803877925882,0.17894766152497943
24.8,0.1694521438480717,0.17937757746417915
24.8,0.1694521438480717,0.17937757746417915
24.9,0.16291634221681964,0.17969538825645595
24.9,0.16291634221681964,0.17969538825645595
25.0,0.1561809884385481,0.1799008952804099
25.0,0.1561809884385481,0.1799008952804099
25.1,0.14925433247939984,0.17999397010084048
25.1,0.14925433247939984,0.17999397010084048
25.2,0.1421448586267674,0.1799745545490147
25.2,0.1421448586267674,0.1799745545490147
25.3,0.13486127509710208,0.17984266075902045
25.3,0.13486127509710208,0.17984266075902045
25.4,0.1274125033694376,0.17959837116018312
25.4,0.1274125033694376,0.17959837116018312
25.5,0.11980766725769432,0.17924183842555003
25.5,0.11980766725769432,0.17924183842555003
25.6,0.11205608173514663,0.17877328537647466
25.6,0.11205608173514663,0.17877328537647466
25.7,0.10416724152474727,0.17819300484336065
25.7,0.10416724152474727,0.17819300484336065
25.8,0.09615080946927956,0.17750135948265225
25.8,0.09615080946927956,0.17750135948265225
25.9,0.08801660469557966,0.17669878155018584
25.9,0.08801660469557966,0.17669878155018584
26.0,0.07977459058733803,0.17578577263104422
26.0,0.07977459058733803,0.17578577263104422
26.1,0.07143486258119831,0.17476290332608208
26.1,0.07143486258119831,0.17476290332608208
26.2,0.06300763580111025,0.1736308128953192
26.2,0.06300763580111025,0.1736308128953192
26.3,0.05450323254608024,0.17239020885842377
26.3,0.05450323254608024,0.17239020885842377
26.4,0.04593206964664575,0.17104186655253525
26.4,0.04593206964664575,0.17104186655253525
26.5,0.03730464570556102,0.1695866286477046
26.5,0.03730464570556102,0.1695866286477046
26.6,0.02863152823831927,0.16802540462025212
26.6,0.02863152823831927,0.16802540462025212
26.7,0.019923340729272085,0.16635917018437502
26.7,0.019923340729272085,0.16635917018437502
26.8,0.011190749619185513,0.16458896668235748
26.8,0.011190749619185513,0.16458896668235748
26.9,0.0024444512401839663,0.16271590043376555
26.9,0.0024444512401839663,0.16271590043376555
27.0,-0.00630484128591468,0.1607411420440338
27.0,-0.00630484128591468,0.1607411420440338
27.1,-0.01504641116983987,0.1586659256728745
27.1,-0.01504641116983987,0.1586659256728745
27.2,-0.023769551081590238,0.15649154826296846
27.2,-0.023769551081590238,0.15649154826296846
27.3,-0.03246357626557617,0.15421936872941797
27.3,-0.03246357626557617,0.15421936872941797
27.4,-0.041117837628108854,0.15185080711046864
27.4,-0.041117837628108854,0.15185080711046864
27.5,-0.0497217347812084,0.1493873436800325
27.5,-0.0497217347812084,0.1493873436800325
27.6,-0.0582647290267536,0.14683051802256422
27.6,-0.0582647290267536,0.14683051802256422
27.7,-0.06673635626506927,0.14418192807087152
27.7,-0.06673635626506927,0.14418192807087152
27.8,-0.07512623981213984,0.141443229107459
27.8,-0.07512623981213984,0.141443229107459
27.9,-0.08342410310974974,0.13861613273003004
27.9,-0.08342410310974974,0.13861613273003004
28.0,-0.09161978231298169,0.13570240578179482
28.0,-0.09161978231298169,0.13570240578179482
28.1,-0.09970323873965749,0.1327038692472499
28.1,-0.09970323873965749,0.1327038692472499
28.2,-0.10766457116646622,0.12962239711412282
28.2,-0.10766457116646622,0.12962239711412282
28.3,-0.1154940279567244,0.12645991520219074
28.3,-0.1154940279567244,0.12645991520219074
28.4,-0.12318201900491506,0.12321839995970506
28.4,-0.12318201900491506,0.12321839995970506
28.5,-0.1307191274833638,0.11989987722817678
28.5,-0.1307191274833638,0.11989987722817678
28.6,-0.1380961213766772,0.11650642097629024
28.6,-0.1380961213766772,0.11650642097629024
28.7,-0.14530396478980667,0.11304015200374123
28.7,-0.14530396478980667,0.11304015200374123
28.8,-0.1523338290158902,0.10950323661580581
28.8,-0.1523338290158902,0.10950323661580581
28.9,-0.15917710335031413,0.1058978852694696
28.9,-0.15917710335031413,0.1058978852694696
29.0,-0.1658254056377495,0.10222635119196495
29.0,-0.1658254056377495,0.10222635119196495
29.1,-0.17227059253924434,0.0984909289725768
29.1,-0.17227059253924434,0.0984909289725768
29.2,-0.17850476950679545,0.09469395312859881
29.2,-0.17850476950679545,0.09469395312859881
29.3,-0.1845203004531823,0.09083779664633682
29.3,-0.1845203004531823,0.09083779664633682
29.4,-0.19030981710522035,0.08692486949806866
29.4,-0.19030981710522035,0.08692486949806866
29.5,-0.19586622802897158,0.08295761713589085
29.5,-0.19586622802897158,0.08295761713589085
29.6,-0.20118272731586678,0.07893851896339026
29.6,-0.20118272731586678,0.07893851896339026
29.7,-0.20625280291909223,0.07487008678609712
29.7,-0.20625280291909223,0.07487008678609712
29.8,-0.21107024463003132,0.07075486324168934
29.8,-0.21107024463003132,0.07075486324168934
29.9,-0.2156291516849947,0.06659542021092558
29.9,-0.2156291516849947,0.06659542021092558
30.0,-0.2199239399929175,0.062394357210304494
30.0,-0.2199239399929175,0.062394357210304494
30.1,-0.22394934897517293,0.05815429976745112
30.1,-0.22394934897517293,0.05815429976745112
30.2,-0.2277004480091229,0.05387789778024711
30.2,-0.2277004480091229,0.05387789778024711
30.3,-0.2311726424675144,0.0495678238607319
30.3,-0.2311726424675144,0.0495678238607319
30.4,-0.23436167934632332,0.045226771664805876
30.4,-0.23436167934632332,0.045226771664805876
30.5,-0.23726365247415257,0.04085745420878432
30.5,-0.23726365247415257,0.04085745420878432
30.6,-0.23987500729680336,0.03646260217384998
30.6,-0.23987500729680336,0.03646260217384998
30.7,-0.2421925452311604,0.03204496219946576
30.7,-0.2421925452311604,0.03204496219946576
30.8,-0.2442134275830547,0.027607295166815583
30.8,-0.2442134275830547,0.027607295166815583
30.9,-0.24593517902431078,0.02315237447334224
30.9,-0.24593517902431078,0.02315237447334224
31.0,-0.24735569062471283,0.018682984299465376
31.0,-0.24735569062471283,0.018682984299465376
31.1,-0.24847322243518088,0.014201917868558898
31.1,-0.24847322243518088,0.014201917868558898
31.2,-0.24928640561899126,0.009711975701276795
31.2,-0.24928640561899126,0.009711975701276795
31.3,-0.24979424412842985,0.00521596386532001
31.3,-0.24979424412842985,0.00521596386532001
31.4,-0.24999611592482623,0.0007166922217341932
31.4,-0.24999611592482623,0.0007166922217341932
31.5,-0.24989177374047333,-0.0037830273311608687
31.5,-0.24989177374047333,-0.0037830273311608687
31.6,-0.24948134538149924,-0.008280382615116651
31.6,-0.24948134538149924,-0.008280382615116651
31.7,-0.2487653335713209,-0.012772562929476235
31.7,-0.2487653335713209,-0.012772562929476235
31.8,-0.24774461533487074,-0.017256760807769608
31.8,-0.24774461533487074,-0.017256760807769608
31.9,-0.2464204409243505,-0.02173017377229009
31.9,-0.2464204409243505,-0.02173017377229009
32.0,-0.24479443228782935,-0.026190006085550437
32.0,-0.24479443228782935,-0.026190006085550437
32.1,-0.24286858108255927,-0.03063347049752896
32.1,-0.24286858108255927,-0.03063347049752896
32.2,-0.24064524623544498,-0.03505778998760904
32.2,-0.24064524623544498,-0.03505778998760904
32.3,-0.23812715105365273,-0.03946019950012719
32.3,-0.23812715105365273,-0.03946019950012719
32.4,-0.2353173798889006,-0.043837947672442396
32.4,-0.2353173798889006,-0.043837947672442396
32.5,-0.23221937435951118,-0.048188298554449435
32.5,-0.23221937435951118,-0.048188298554449435
32.6,-0.22883692913486225,-0.05250853331845677
32.6,-0.22883692913486225,-0.05250853331845677
32.7,-0.22517418728738942,-0.056795951958366606
32.7,-0.22517418728738942,-0.056795951958366606
32.8,-0.22123563521784095,-0.06104787497709052
32.8,-0.22123563521784095,-0.06104787497709052
32.9,-0.21702609715999827,-0.06526164506114755
32.9,-0.21702609715999827,-0.06526164506114755
33.0,-0.2125507292715918,-0.06943462874139993
33.0,-0.2125507292715918,-0.06943462874139993
33.1,-0.20781501331865382,-0.07356421803888365
33.1,-0.20781501331865382,-0.07356421803888365
33.2,-0.20282474996103944,-0.07764783209471174
33.2,-0.20282474996103944,-0.07764783209471174
33.3,-0.1975860516473449,-0.08168291878302668
33.3,-0.1975860516473449,-0.08168291878302668
33.4,-0.19210533512792116,-0.08566695630599573
33.4,-0.19210533512792116,-0.08566695630599573
33.5,-0.18638931359515687,-0.08959745476985362
33.5,-0.18638931359515687,-0.08959745476985362
33.6,-0.18044498846065876,-0.09347195774100339
33.6,-0.18044498846065876,-0.09347195774100339
33.7,-0.17427964077939667,-0.09728804378120862
33.7,-0.17427964077939667,-0.09728804378120862
33.8,-0.1679008223313221,-0.10104332796091313
33.8,-0.1679008223313221,-0.10104332796091313
33.9,-0.16131634637138229,-0.1047354633497441
33.9,-0.16131634637138229,-0.1047354633497441
34.0,-0.15453427805925868,-0.10836214248326825
34.0,-0.15453427805925868,-0.10836214248326825
34.1,-0.14756292458055645,-0.11192109880508036
34.1,-0.14756292458055645,-0.11192109880508036
34.2,-0.14041082497154106,-0.11541010808332833
34.2,-0.14041082497154106,-0.11541010808332833
34.3,-0.13308673965988474,-0.1188269898007854
34.3,-0.13308673965988474,-0.1188269898007854
34.4,-0.12559963973423954,-0.12216960851760247
34.4,-0.12559963973423954,-0.12216960851760247
34.5,-0.11795869595577559,-0.12543587520588823
34.5,-0.11795869595577559,-0.12543587520588823
34.6,-0.11017326752514378,-0.12862374855528455
34.6,-0.11017326752514378,-0.12862374855528455
34.7,-0.10225289061862773,-0.13173123624871758
34.7,-0.10225289061862773,-0.13173123624871758
34.8,-0.09420726670751833,-0.134756396207532
34.8,-0.09420726670751833,-0.134756396207532
34.9,-0.08604625067502655,-0.13769733780522672
34.9,-0.08604625067502655,-0.13769733780522672
35.0,-0.07777983874528183,-0.14055222304903484
35.0,-0.07777983874528183,-0.14055222304903484
35.1,-0.06941815623920744,-0.14331926772860987
35.1,-0.06941815623920744,-0.14331926772860987
35.2,-0.060971445172270614,-0.14599674253109807
35.2,-0.060971445172270614,-0.14599674253109807
35.3,-0.05245005170929267,-0.14858297412190344
35.3,-0.05245005170929267,-0.14858297412190344
35.4,-0.043864413491691255,-0.15107634619046723
35.4,-0.043864413491691255,-0.15107634619046723
35.5,-0.035225046852675274,-0.15347530046040916
35.5,-0.035225046852675274,-0.15347530046040916
35.6,-0.026542533936049956,-0.1557783376634002
35.6,-0.026542533936049956,-0.1557783376634002
35.7,-0.01782750973441617,-0.1579840184761554
35.7,-0.01782750973441617,-0.1579840184761554
35.8,-0.009090649062634366,-0.1600909644199648
35.8,-0.009090649062634366,-0.1600909644199648
35.9,-0.0003426534825090195,-0.16209785872219754
35.9,-0.0003426534825090195,-0.16209785872219754
36.0,0.008405761805284174,-0.16400344713924184
36.0,0.008405761805284174,-0.16400344713924184
36.1,0.01714388108598144,-0.16580653874036694
36.1,0.01714388108598144,-0.16580653874036694
36.2,0.02586100125613889,-0.16750600665201512
36.2,0.02586100125613889,-0.16750600665201512
36.3,0.0345464449335976,-0.16910078876206167
36.3,0.0345464449335976,-0.16910078876206167
36.4,0.0431895735359416,-0.17058988838360023
36.4,0.0431895735359416,-0.17058988838360023
36.5,0.05177980031142838,-0.17197237487783953
36.5,0.05177980031142838,-0.17197237487783953
36.6,0.06030660330644247,-0.17324738423572272
36.6,0.06030660330644247,-0.17324738423572272
36.7,0.06875953825356418,-0.17441411961790437
36.7,0.06875953825356418,-0.17441411961790437
36.8,0.07712825136449768,-0.17547185185274952
36.8,0.07712825136449768,-0.17547185185274952
36.9,0.08540249201216435,-0.176419919892042
36.9,0.08540249201216435,-0.176419919892042
37.0,0.09357212528643918,-0.17725773122411825
37.0,0.09357212528643918,-0.17725773122411825
37.1,0.10162714440814996,-0.17798476224416768
37.1,0.10162714440814996,-0.17798476224416768
37.2,0.10955768298612795,-0.17860055858146862
37.2,0.10955768298612795,-0.17860055858146862
37.3,0.1173540271023054,-0.17910473538335528
37.3,0.1173540271023054,-0.17910473538335528
37.4,0.1250066272100485,-0.17949697755573818
37.4,0.1250066272100485,-0.17949697755573818
37.5,0.13250610983115974,-0.17977703996002753
37.5,0.13250610983115974,-0.17977703996002753
37.6,0.13984328903721668,-0.17994474756633716
37.6,0.13984328903721668,-0.17994474756633716
37.7,0.1470091777011836,-0.17999999556287222
37.7,0.1470091777011836,-0.17999999556287222
37.8,0.15399499850551987,-0.17994274942143326
37.8,0.15399499850551987,-0.17994274942143326
37.9,0.16079219469329592,-0.17977304491899526
37.9,0.16079219469329592,-0.17977304491899526
38.0,0.16739244054915026,-0.1794909881153481
38.0,0.16739244054915026,-0.1794909881153481
38.1,0.1737876515972509,-0.17909675528681276
38.1,0.1737876515972509,-0.17909675528681276
38.2,0.17996999450376572,-0.17859059281607415
38.2,0.17996999450376572,-0.17859059281607415
38.3,0.1859318966717169,-0.17797281703820028
38.3,0.1859318966717169,-0.17797281703820028
38.4,0.19166605551646687,-0.1772438140429428
38.4,0.19166605551646687,-0.1772438140429428
38.5,0.19716544741046974,-0.17640403943344374
38.5,0.19716544741046974,-0.17640403943344374
38.6,0.20242333628633827,-0.17545401804149807
38.6,0.20242333628633827,-0.17545401804149807
38.7,0.20743328188768234,-0.1743943435995513
38.7,0.20743328188768234,-0.1743943435995513
38.8,0.21218914765761887,-0.17322567836963573
38.8,0.21218914765761887,-0.17322567836963573
38.9,0.21668510825528653,-0.1719487527294784
38.9,0.21668510825528653,-0.1719487527294784
39.0,0.2209156566911586,-0.17056436471603878
39.0,0.2209156566911586,-0.17056436471603878
39.1,0.22487561107241968,-0.16907337952676124
39.1,0.22487561107241968,-0.16907337952676124
39.2,0.22856012095013226,-0.16747672897885557
39.2,0.22856012095013226,-0.16747672897885557
39.3,0.23196467326043313,-0.16577541092694098
39.3,0.23196467326043313,-0.16577541092694098
39.4,0.2350850978524712,-0.16397048863941963
39.4,0.2350850978524712,-0.16397048863941963
39.5,0.23791757259632068,-0.16206309013396855
39.5,0.23791757259632068,-0.16206309013396855
39.6,0.2404586280646131,-0.16005440747256494
39.6,0.2404586280646131,-0.16005440747256494
39.7,0.2427051517821509,-0.15794569601648686
39.7,0.2427051517821509,-0.15794569601648686
39.8,0.24465439203830128,-0.1557382736417528
39.8,0.24465439203830128,-0.1557382736417528
39.9,0.24630396125749676,-0.15343351991549228
39.9,0.24630396125749676,-0.15343351991549228
40.0,0.2476518389237176,-0.15103287523376144
40.0,0.2476518389237176,-0.15103287523376144
40.1,0.24869637405537076,-0.14853783992134162
40.1,0.24869637405537076,-0.14853783992134162
40.2,0.2494362872275359,-0.1459499732940864
40.2,0.2494362872275359,-0.1459499732940864
40.3,0.24987067213910102,-0.14327089268439908
40.3,0.24987067213910102,-0.14327089268439908
40.4,0.249998996722868,-0.14050227243045285
40.4,0.249998996722868,-0.14050227243045285
40.5,0.24982110379726827,-0.13764584282978423
40.5,0.24982110379726827,-0.13764584282978423
40.6,0.24933721125889075,-0.1347033890579124
40.6,0.24933721125889075,-0.1347033890579124
40.7,0.24854791181558566,-0.13167675005266394
40.7,0.24854791181558566,-0.13167675005266394
40.8,0.24745417226047145,-0.1285678173648958
40.8,0.24745417226047145,-0.1285678173648958
40.9,0.24605733228773444,-0.12537853397633775
40.9,0.24605733228773444,-0.12537853397633775
41.0,0.24435910285167065,-0.12211089308529215
41.0,0.24435910285167065,-0.12211089308529215
41.1,0.24236156407098064,-0.11876693686094918
41.1,0.24236156407098064,-0.11876693686094918
41.2,0.24006716268088463,-0.11534875516709878
41.2,0.24006716268088463,-0.11534875516709878
41.3,0.23747870903617754,-0.11185848425603302
41.3,0.23747870903617754,-0.11185848425603302
41.4,0.23459937366889586,-0.10829830543345809
41.4,0.23459937366889586,-0.10829830543345809
41.5,0.23143268340481243,-0.10467044369524953
41.5,0.23143268340481243,-0.10467044369524953
41.6,0.22798251704351544,-0.10097716633690118
41.6,0.22798251704351544,-0.10097716633690118
41.7,0.22425310060736456,-0.09722078153654092
41.7,0.22425310060736456,-0.09722078153654092
41.8,0.22024900216514215,-0.0934036369123934
41.8,0.22024900216514215,-0.0934036369123934
41.9,0.21597512623673942,-0.08952811805559523
41.9,0.21597512623673942,-0.08952811805559523
42.0,0.21143670778573356,-0.08559664703927865
42.0,0.21143670778573356,-0.08559664703927865
42.1,0.20663930580721115,-0.08161168090485339
42.1,0.20663930580721115,-0.08161168090485339
42.2,0.20158879651869543,-0.07757571012643748
42.2,0.20158879651869543,-0.07757571012643748
42.3,0.19629136616251394,-0.07349125705439091
42.3,0.19629136616251394,-0.07349125705439091
42.4,0.1907535034284251,-0.06936087433892904
42.4,0.1907535034284251,-0.06936087433892904
42.5,0.18498199150578626,-0.06518714333479955
42.5,0.18498199150578626,-0.06518714333479955
42.6,0.1789838997749908,-0.06097267248801864
42.6,0.1789838997749908,-0.06097267248801864
42.7,0.1727665751483669,-0.05672009570567888
42.7,0.1727665751483669,-0.05672009570567888
42.8,0.16633763307112426,-0.052432070709841884
42.8,0.16633763307112426,-0.052432070709841884
42.9,0.15970494819338768,-0.048111277376548814
42.9,0.15970494819338768,-0.048111277376548814
43.0,0.15287664472473553,-0.0437604160609854
43.0,0.15287664472473553,-0.0437604160609854
43.1,0.14586108648305757,-0.03938220590984659
43.1,0.14586108648305757,-0.03938220590984659
43.2,0.13866686664992578,-0.03497938316196026
43.2,0.13866686664992578,-0.03497938316196026
43.3,0.13130279724501998,-0.030554699438225787
43.3,0.13130279724501998,-0.030554699438225787
43.4,0.12377789833250728,-0.02611092002194082
43.4,0.12377789833250728,-0.02611092002194082
43.5,0.11610138697258968,-0.021650822130589595
43.5,0.11610138697258968,-0.021650822130589595
43.6,0.10828266593175774,-0.017177193180171118
43.6,0.10828266593175774,-0.017177193180171118
43.7,0.10033131216557946,-0.012692829043156809
43.7,0.10033131216557946,-0.012692829043156809
43.8,0.09225706508812564,-0.008200532301159946
43.8,0.09225706508812564,-0.008200532301159946
43.9,0.08406981464240598,-0.0037031104934137095
43.9,0.08406981464240598,-0.0037031104934137095
44.0,0.075779589186426,0.0007966256378491414
44.0,0.075779589186426,0.0007966256378491414
44.1,0.06739654320970076,0.00529586390401994
44.1,0.06739654320970076,0.00529586390401994
44.2,0.05893094489527721,0.009791792427638538
44.2,0.05893094489527721,0.009791792427638538
44.3,0.0503931635424939,0.014281601399726465
44.3,0.0503931635424939,0.014281601399726465
44.4,0.0417936568658838,0.018762484835825755
44.4,0.0417936568658838,0.018762484835825755
44.5,0.03314295818578389,0.023231642329647584
44.5,0.03314295818578389,0.023231642329647584
44.6,0.024451663526332684,0.027686280803236304
44.6,0.024451663526332684,0.027686280803236304
44.7,0.015730418636668336,0.03212361625255034
44.7,0.015730418636668336,0.03212361625255034
44.8,0.00698990595121537,0.036540875487375384
44.8,0.00698990595121537,0.036540875487375384
44.9,-0.001759168494961671,0.04093529786447766
44.9,-0.001759168494961671,0.04093529786447766
45.0,-0.010506088179709754,0.045304137012915795
45.0,-0.010506088179709754,0.045304137012915795
45.1,-0.019240139220193592,0.04964466255043448
45.1,-0.019240139220193592,0.04964466255043448
45.2,-0.0279506234960535,0.05395416178986268
45.2,-0.0279506234960535,0.05395416178986268
45.3,-0.03662687175327172,0.05822994143445599
45.3,-0.03662687175327172,0.05822994143445599
45.4,-0.045258256672671776,0.06246932926111918
45.4,-0.045258256672671776,0.06246932926111918
45.5,-0.053834205887055564,0.06666967579045832
45.5,-0.053834205887055564,0.06666967579045832
45.6,-0.06234421493103286,0.07082835594262035
45.6,-0.06234421493103286,0.07082835594262035
45.7,-0.07077786010767526,0.07494277067788076
45.7,-0.07077786010767526,0.07494277067788076
45.8,-0.07912481125624363,0.07901034862095999
45.8,-0.07912481125624363,0.07901034862095999
45.9,-0.08737484440534114,0.08302854766804897
45.9,-0.08737484440534114,0.08302854766804897
46.0,-0.09551785429600146,0.08699485657554105
46.0,-0.09551785429600146,0.08699485657554105
46.1,-0.10354386675936895,0.09090679652947853
46.1,-0.10354386675936895,0.09090679652947853
46.2,-0.11144305093380455,0.09476192269472904
46.2,-0.11144305093380455,0.09476192269472904
46.3,-0.11920573130646207,0.09855782574292907
46.3,-0.11920573130646207,0.09855782574292907
46.4,-0.12682239956458555,0.1022921333582355
46.4,-0.12682239956458555,0.1022921333582355
46.5,-0.13428372624199933,0.10596251171994547
46.5,-0.13428372624199933,0.10596251171994547
46.6,-0.1415805721465415,0.10956666696105936
46.6,-0.1415805721465415,0.10956666696105936
46.7,-0.14870399955442673,0.11310234660187157
46.7,-0.14870399955442673,0.11310234660187157
46.8,-0.1556452831578434,0.11656734095769791
46.8,-0.1556452831578434,0.11656734095769791
46.9,-0.16239592075236456,0.11995948451985644
46.9,-0.16239592075236456,0.11995948451985644
47.0,-0.1689476436510817,0.12327665730903961
47.0,-0.1689476436510817,0.12327665730903961
47.1,-0.1752924268127191,0.12651678620023327
47.1,-0.1752924268127191,0.12651678620023327
47.2,-0.181422498671299,0.12967784621835096
47.2,-0.181422498671299,0.12967784621835096
47.3,-0.1873303506553416,0.1327578618037783
47.3,-0.1873303506553416,0.1327578618037783
47.4,-0.19300874638492546,0.13575490804703322
47.4,-0.19300874638492546,0.13575490804703322
47.5,-0.19845073053534812,0.13866711189177156
47.5,-0.19845073053534812,0.13866711189177156
47.6,-0.20364963735652894,0.14149265330538707
47.6,-0.20364963735652894,0.14149265330538707
47.7,-0.20859909883771954,0.14422976641647142
47.7,-0.20859909883771954,0.14422976641647142
47.8,-0.21329305250752068,0.14687674061842704
47.8,-0.21329305250752068,0.14687674061842704
47.9,-0.21772574885965157,0.1494319216385404
47.9,-0.21772574885965157,0.1494319216385404
48.0,-0.22189175839537573,0.15189371257184858
48.0,-0.22189175839537573,0.15189371257184858
48.1,-0.22578597827396,0.15426057487915326
48.1,-0.22578597827396,0.15426057487915326
48.2,-0.22940363856301232,0.15653102934855698
48.2,-0.22940363856301232,0.15653102934855698
48.3,-0.23274030808105653,0.15870365701992278
48.3,-0.23274030808105653,0.15870365701992278
48.4,-0.2357918998251734,0.1607771000716782
48.4,-0.2357918998251734,0.1607771000716782
48.5,-0.23855467597706848,0.16275006266940917
48.5,-0.23855467597706848,0.16275006266940917
48.6,-0.24102525248143306,0.16462131177571518
48.6,-0.24102525248143306,0.16462131177571518
48.7,-0.24320060319098713,0.16638967792081633
48.7,-0.24320060319098713,0.16638967792081633
48.8,-0.24507806357313267,0.1680540559334348
48.8,-0.24507806357313267,0.1680540559334348
48.9,-0.24665533397367193,0.16961340563149058
48.9,-0.24665533397367193,0.16961340563149058
49.0,-0.24793048243359725,0.17106675247218123
49.0,-0.24793048243359725,0.17106675247218123
49.1,-0.24890194705549892,0.17241318816104004
49.1,-0.24890194705549892,0.17241318816104004
49.2,-0.2495685379166937,0.17365187121958975
49.2,-0.2495685379166937,0.17365187121958975
49.3,-0.24992943852673177,0.17478202751123964
49.3,-0.24992943852673177,0.17478202751123964
49.4,-0.2499842068274954,0.17580295072509558
49.4,-0.2499842068274954,0.17580295072509558
49.5,-0.24973277573466474,0.17671400281738137
49.5,-0.24973277573466474,0.17671400281738137
49.6,-0.2491754532198878,0.17751461441019545
49.6,-0.2491754532198878,0.17751461441019545
49.7,-0.2483129219335537,0.17820428514735331
49.7,-0.2483129219335537,0.17820428514735331
49.8,-0.24714623836863128,0.17878258400709393
49.8,-0.24714623836863128,0.17878258400709393
49.9,-0.2456768315665973,0.17924914957145446
49.9,-0.2456768315665973,0.17924914957145446
50.0,-0.2439065013670394,0.1796036902521445
50.0,-0.2439065013670394,0.1796036902521445
50.1,-0.24183741620307755,0.17984598447277947
50.1,-0.24183741620307755,0.17984598447277947
50.2,-0.2394721104453048,0.1799758808073585
50.2,-0.2394721104453048,0.1799758808073585
50.3,-0.23681348129750007,0.17999329807490067
50.3,-0.23681348129750007,0.17999329807490067
50.4,-0.23386478524791587,0.17989822539018085
50.4,-0.23386478524791587,0.17989822539018085
50.5,-0.23062963408048778,0.17969072217053217
50.5,-0.23062963408048778,0.17969072217053217
50.6,-0.227111990450849,0.17937091809871242
50.6,-0.227111990450849,0.17937091809871242
50.7,-0.22331616303257615,0.17893901304185642
50.7,-0.22331616303257615,0.17893901304185642
50.8,-0.21924680123959953,0.17839527692656554
50.8,-0.21924680123959953,0.17839527692656554
50.9,-0.21490888953125414,0.1777400495702125
50.9,-0.21490888953125414,0.1777400495702125
51.0,-0.21030774130694044,0.1769737404685665
51.0,-0.21030774130694044,0.1769737404685665
51.1,-0.2054489923978726,0.17609682853987152
51.1,-0.2054489923978726,0.17609682853987152
51.2,-0.20033859416389282,0.17510986182553837
51.2,-0.20033859416389282,0.17510986182553837
51.3,-0.19498280620379732,0.17401345714763627
51.3,-0.19498280620379732,0.17401345714763627
51.4,-0.18938818868811322,0.17280829972339945
51.4,-0.18938818868811322,0.17280829972339945
51.5,-0.18356159432370728,0.1714951427369886
51.5,-0.18356159432370728,0.1714951427369886
51.6,-0.1775101599600767,0.1700748068687749
51.6,-0.1775101599600767,0.1700748068687749
51.7,-0.17124129784760397,0.1685481797824422
51.7,-0.17124129784760397,0.1685481797824422
51.8,-0.16476268655847456,0.1669162155702255
51.8,-0.16476268655847456,0.1669162155702255
51.9,-0.1580822615813869,0.16517993415663482
51.9,-0.1580822615813869,0.16517993415663482
52.0,-0.15120820560157103,0.1633404206610353
52.0,-0.15120820560157103,0.1633404206610353
52.1,-0.14414893847802224,0.16139882471948275
52.1,-0.14414893847802224,0.16139882471948275
52.2,-0.1369131069302269,0.15935635976623905
52.2,-0.1369131069302269,0.15935635976623905
52.3,-0.12950957394701218,0.15721430227541486
52.3,-0.12950957394701218,0.15721430227541486
52.4,-0.1219474079304931,0.154973990963215
52.4,-0.1219474079304931,0.154973990963215
52.5,-0.1142358715884139,0.15263682595128447
52.5,-0.1142358715884139,0.15263682595128447
52.6,-0.10638441058848933,0.15020426789167737
52.6,-0.10638441058848933,0.15020426789167737
52.7,-0.0984026419886428,0.14767783705399798
52.7,-0.0984026419886428,0.14767783705399798
52.8,-0.09030034245731311,0.14505911237528094
52.8,-0.09030034245731311,0.14505911237528094
52.9,-0.08208743629825808,0.1423497304732073
52.9,-0.08208743629825808,0.1423497304732073
53.0,-0.0737739832945243,0.13955138462327182
53.0,-0.0737739832945243,0.13955138462327182
53.1,-0.06537016638646663,0.13666582370054028
53.1,-0.06537016638646663,0.13666582370054028
53.2,-0.05688627919892809,0.1336948510866605
53.2,-0.05688627919892809,0.1336948510866605
53.3,-0.04833271343282811,0.1306403235428068
53.3,-0.04833271343282811,0.1306403235428068
53.4,-0.03971994613663264,0.127504150049265
53.4,-0.03971994613663264,0.127504150049265
53.5,-0.031058526873279868,0.12428829061238184
53.5,-0.031058526873279868,0.12428829061238184
53.6,-0.022359064798281352,0.12099475503962424
53.6,-0.022359064798281352,0.12099475503962424
53.7,-0.013632215664838404,0.11762560168351617
53.7,-0.013632215664838404,0.11762560168351617
53.8,-0.004888668771872502,0.11418293615523452
53.8,-0.004888668771872502,0.11418293615523452
53.9,0.0038608661290248036,0.11066891000867086
53.9,0.0038608661290248036,0.11066891000867086
54.0,0.012605671951702806,0.10708571939578056
54.0,0.012605671951702806,0.10708571939578056
54.1,0.021335037402542032,0.10343560369405828
54.1,0.021335037402542032,0.10343560369405828
54.2,0.030038270100445078,0.09972084410700148
54.2,0.030038270100445078,0.09972084410700148
54.3,0.03870470967366996,0.09594376223843137
54.3,0.03870470967366996,0.09594376223843137
54.4,0.04732374081745153,0.09210671864156654
54.4,0.04732374081745153,0.09210671864156654
54.5,0.055884806296422465,0.08821211134375412
54.5,0.055884806296422465,0.08821211134375412
54.6,0.06437741987590638,0.08426237434777976
54.6,0.06437741987590638,0.08426237434777976
54.7,0.07279117916624406,0.08025997611069673
54.7,0.07279117916624406,0.08025997611069673
54.8,0.08111577836442001,0.07620741800111949
54.8,0.08111577836442001,0.07620741800111949
54.9,0.08934102087738242,0.0721072327359501
54.9,0.08934102087738242,0.0721072327359501
55.0,0.09745683181159465,0.0679619827975128
55.0,0.09745683181159465,0.0679619827975128
55.1,0.10545327031351988,0.06377425883208479
55.1,0.10545327031351988,0.06377425883208479
55.2,0.11332054174592374,0.05954667803082845
55.2,0.11332054174592374,0.05954667803082845
55.3,0.12104900968508002,0.05528188249413089
55.3,0.12104900968508002,0.05528188249413089
55.4,0.12862920772418485,0.05098253758037747
55.4,0.12862920772418485,0.05098253758037747
55.5,0.13605185106852039,0.046651330240189845
55.5,0.13605185106852039,0.046651330240189845
55.6,0.1433078479081712,0.04229096733716815
55.6,0.1433078479081712,0.04229096733716815
55.7,0.15038831055434693,0.03790417395619113
55.7,0.15038831055434693,0.03790417395619113
55.8,0.1572845663256972,0.03349369170032563
55.8,0.1572845663256972,0.03349369170032563
55.9,0.16398816817125808,0.029062276977414148
55.9,0.16398816817125808,0.029062276977414148
56.0,0.17049090501703323,0.024612699277410048
56.0,0.17049090501703323,0.024612699277410048
56.1,0.1767848118235355,0.0201477394415352
56.1,0.1767848118235355,0.0201477394415352
56.2,0.18286217934196025,0.01567018792434662
56.2,0.18286217934196025,0.01567018792434662
56.3,0.18871556355705446,0.011182843049791958
56.3,0.18871556355705446,0.011182843049791958
56.4,0.1943377948051014,0.006688509262348433
56.4,0.1943377948051014,0.006688509262348433
56.5,0.19972198655586537,0.0021899953743366347
56.5,0.19972198655586537,0.0021899953743366347
56.6,0.20486154384772964,-0.0023098871894970162
56.6,0.20486154384772964,-0.0023098871894970162
56.7,0.20975017136569726,-0.006808326149027305
56.7,0.20975017136569726,-0.006808326149027305
56.8,0.21438188115236675,-0.011302510126335036
56.8,0.21438188115236675,-0.011302510126335036
56.9,0.2187509999424308,-0.015789630402726393
56.9,0.2187509999424308,-0.015789630402726393
57.0,0.22285217611171665,-0.020266882674090388
57.0,0.22285217611171665,-0.020266882674090388
57.1,0.22668038623225661,-0.0247314688034989
57.1,0.22668038623225661,-0.0247314688034989
57.2,0.23023094122535917,-0.029180598569949288
57.2,0.23023094122535917,-0.029180598569949288
57.3,0.23349949210514387,-0.033611491412162936
57.3,0.23349949210514387,-0.033611491412162936
57.4,0.23648203530550543,-0.03802137816634527
57.4,0.23648203530550543,-0.03802137816634527
57.5,0.23917491758398143,-0.04240750279682292
57.5,0.23917491758398143,-0.04240750279682292
57.6,0.2415748404965175,-0.04676712411847605
57.6,0.2415748404965175,-0.04676712411847605
57.7,0.24367886443764888,-0.05109751750989104
57.7,0.24367886443764888,-0.05109751750989104
57.8,0.24548441224114953,-0.05539597661615835
57.8,0.24548441224114953,-0.05539597661615835
57.9,0.24698927233673848,-0.059659815040257455
57.9,0.24698927233673848,-0.059659815040257455
58.0,0.24819160145897678,-0.06388636802196719
58.0,0.24819160145897678,-0.06388636802196719
58.1,0.24908992690503737,-0.06807299410325396
58.1,0.24908992690503737,-0.06807299410325396
58.2,0.24968314833858168,-0.0722170767790981
58.2,0.24968314833858168,-0.0722170767790981
58.3,0.2499705391375342,-0.07631602613272262
58.3,0.2499705391375342,-0.07631602613272262
58.4,0.2499517472841035,-0.0803672804542081
58.4,0.2499517472841035,-0.0803672804542081
58.5,0.2496267957959602,-0.08436830784147759
58.5,0.2496267957959602,-0.08436830784147759
58.6,0.2489960826980432,-0.08831660778265285
58.6,0.2489960826980432,-0.08831660778265285
58.7,0.24806038053502846,-0.09220971271879393
58.7,0.24806038053502846,-0.09220971271879393
58.8,0.24682083542505892,-0.09604518958604145
58.8,0.24682083542505892,-0.09604518958604145
58.9,0.24527896565589316,-0.09982064133620361
58.9,0.24527896565589316,-0.09982064133620361
59.0,0.24343665982519214,-0.10353370843483276
59.0,0.24343665982519214,-0.10353370843483276
59.1,0.24129617452722393,-0.10718207033585757
59.1,0.24129617452722393,-0.10718207033585757
59.2,0.2388601315888169,-0.11076344693184974
59.2,0.2388601315888169,-0.11076344693184974
59.3,0.23613151485795095,-0.11427559997901532
59.3,0.23613151485795095,-0.11427559997901532
59.4,0.2331136665489162,-0.1177163344960254
59.4,0.2331136665489162,-0.1177163344960254
59.5,0.22981028314851798,-0.12108350013580754
59.5,0.22981028314851798,-0.12108350013580754
59.6,0.22622541088834475,-0.12437499252944265
59.6,0.22622541088834475,-0.12437499252944265
59.7,0.22236344078863673,-0.12758875460132788
59.7,0.22236344078863673,-0.12758875460132788
59.8,0.21822910327983872,-0.13072277785478048
59.8,0.21822910327983872,-0.13072277785478048
59.9,0.21382746240841263,-0.133775103627284
59.9,0.21382746240841263,-0.133775103627284
60.0,0.20916390963401402,-0.13674382431458804
60.0,0.20916390963401402,-0.13674382431458804
60.1,0.20424415722562836,-0.13962708456289888
60.1,0.20424415722562836,-0.13962708456289888
60.2,0.19907423126475576,-0.14242308242841595
60.2,0.19907423126475576,-0.14242308242841595
60.3,0.1936604642642147,-0.14513007050348667
60.3,0.1936604642642147,-0.14513007050348667
60.4,0.1880094874116056,-0.14774635700868047
60.4,0.1880094874116056,-0.14774635700868047
60.5,0.1821282224469354,-0.15027030685009538
60.5,0.1821282224469354,-0.15027030685009538
60.6,0.17602387318435136,-0.1527003426412384
60.6,0.17602387318435136,-0.1527003426412384
60.7,0.1697039166883697,-0.1550349456888416
60.7,0.1697039166883697,-0.1550349456888416
60.8,0.16317609411540662,-0.15727265694199458
60.8,0.16317609411540662,-0.15727265694199458
60.9,0.15644840123182946,-0.1594120779040048
60.9,0.15644840123182946,-0.1594120779040048
61.0,0.14952907862014297,-0.16145187150641213
61.0,0.14952907862014297,-0.16145187150641213
61.1,0.14242660158530682,-0.1633907629446131
61.1,0.14242660158530682,-0.1633907629446131
61.2,0.13514966977354392,-0.16522754047457278
61.2,0.13514966977354392,-0.16522754047457278
61.3,0.12770719651636533,-0.16696105617012447
61.3,0.12770719651636533,-0.16696105617012447
61.4,0.12010829791285385,-0.16859022664038678
61.4,0.12010829791285385,-0.16859022664038678
61.5,0.1123622816635787,-0.17011403370684763
61.5,0.1123622816635787,-0.17011403370684763
61.6,0.10447863566983015,-0.17153152503969246
61.6,0.10447863566983015,-0.17153152503969246
61.7,0.09646701641212281,-0.17284181475297972
61.7,0.09646701641212281,-0.17284181475297972
61.8,0.08833723712221943,-0.17404408395829035
61.8,0.08833723712221943,-0.17404408395829035
61.9,0.08009925576314579,-0.1751375812765065
61.9,0.08009925576314579,-0.1751375812765065
62.0,0.07176316283193127,-0.17612162330739922
62.0,0.07176316283193127,-0.17612162330739922
62.1,0.06333916900001589,-0.17699559505673107
62.1,0.06333916900001589,-0.17699559505673107
62.2,0.05483759260644628,-0.17775895032060787
62.2,0.05483759260644628,-0.17775895032060787
62.3,0.046268847019208956,-0.17841121202683785
62.3,0.046268847019208956,-0.17841121202683785
62.4,0.037643427880152555,-0.17895197253308676
62.4,0.037643427880152555,-0.17895197253308676
62.5,0.028971900249139832,-0.17938089388164064
62.5,0.028971900249139832,-0.17938089388164064
62.6,0.02026488566317046,-0.17969770801061863
62.6,0.02026488566317046,-0.17969770801061863
62.7,0.0115330491263264,-0.17990221692150288
62.7,0.0115330491263264,-0.17990221692150288
62.8,0.002787086046475522,-0.17999429280288118
62.8,0.002787086046475522,-0.17999429280288118
62.9,-0.005962290865265604,-0.1799738781103248
62.9,-0.005962290865265604,-0.1799738781103248
63.0,-0.01470436471626323,-0.1798409856023521
63.0,-0.01470436471626323,-0.1798409856023521
63.1,-0.02342842755921979,-0.17959569833245473
63.1,-0.02342842755921979,-0.17959569833245473
63.2,-0.032123793508070354,-0.17923816959719194
63.2,-0.032123793508070354,-0.17923816959719194
63.3,-0.040779811826856804,-0.17876862284038514
63.3,-0.040779811826856804,-0.17876862284038514
63.4,-0.04938587997554755,-0.178187351513473
63.4,-0.04938587997554755,-0.178187351513473
63.5,-0.05793145659682326,-0.17749471889211357
63.5,-0.05793145659682326,-0.17749471889211357
63.6,-0.06640607442792053,-0.17669115784914918
63.6,-0.06640607442792053,-0.17669115784914918
63.7,-0.07479935312172332,-0.17577717058407447
63.7,-0.07479935312172332,-0.17577717058407447
63.8,-0.08310101196138586,-0.1747533283091786
63.8,-0.08310101196138586,-0.1747533283091786
63.9,-0.09130088245292518,-0.1736202708925559
63.9,-0.09130088245292518,-0.1736202708925559
64.0,-0.09938892078035823,-0.17237870645820924
64.0,-0.09938892078035823,-0.17237870645820924
64.1,-0.10735522010812105,-0.1710294109434951
64.1,-0.10735522010812105,-0.1710294109434951
64.2,-0.11519002271569559,-0.16957322761418914
64.2,-0.11519002271569559,-0.16957322761418914
64.3,-0.12288373194960835,-0.16801106653747114
64.3,-0.12288373194960835,-0.16801106653747114
64.4,-0.13042692397812206,-0.16634390401316332
64.4,-0.13042692397812206,-0.16634390401316332
64.5,-0.13781035933425512,-0.1645727819635753
64.5,-0.13781035933425512,-0.1645727819635753
64.6,-0.14502499423297333,-0.16269880728233513
64.6,-0.14502499423297333,-0.16269880728233513
64.7,-0.15206199164869183,-0.16072315114261854
64.7,-0.15206199164869183,-0.16072315114261854
64.8,-0.1589127321395331,-0.15864704826520223
64.8,-0.1589127321395331,-0.15864704826520223
64.9,-0.1655688244050616,-0.15647179614680423
64.9,-0.1655688244050616,-0.15647179614680423
65.0,-0.17202211556457422,-0.15419875424919163
65.0,-0.17202211556457422,-0.15419875424919163
65.1,-0.17826470114336582,-0.15182934314955907
65.1,-0.17826470114336582,-0.15182934314955907
65.2,-0.18428893475471875,-0.14936504365271683
65.2,-0.18428893475471875,-0.14936504365271683
65.3,-0.1900874374657708,-0.1468073958656337
65.3,-0.1900874374657708,-0.1468073958656337
65.4,-0.1956531068357879,-0.14415799823492123
65.4,-0.1956531068357879,-0.14415799823492123
65.5,-0.20097912561575965,-0.1414185065478577
65.5,-0.20097912561575965,-0.1414185065478577
65.6,-0.20605897009868523,-0.1385906328975725
65.6,-0.20605897009868523,-0.1385906328975725
65.7,-0.21088641811029074,-0.13567614461304656
65.7,-0.21088641811029074,-0.13567614461304656
65.8,-0.21545555663041982,-0.1326768631545866
65.8,-0.21545555663041982,-0.1326768631545866
65.9,-0.21976078903574356,-0.12959466297547292
65.9,-0.21976078903574356,-0.12959466297547292
66.0,-0.22379684195492006,-0.12643147035048843
66.0,-0.22379684195492006,-0.12643147035048843
66.1,-0.22755877172782113,-0.12318926217205642
66.1,-0.22755877172782113,-0.12318926217205642
66.2,-0.23104197046089145,-0.11987006471475094
66.2,-0.23104197046089145,-0.11987006471475094
66.3,-0.2342421716712475,-0.11647595236893779
66.3,-0.2342421716712475,-0.11647595236893779
66.4,-0.23715545551258208,-0.11300904634434947
66.4,-0.23715545551258208,-0.11300904634434947
66.5,-0.23977825357648597,-0.10947151334439968
66.5,-0.23977825357648597,-0.10947151334439968
66.6,-0.242107353263305,-0.10586556421206073
66.6,-0.242107353263305,-0.10586556421206073
66.7,-0.24413990171716868,-0.10219345254816262
66.7,-0.24413990171716868,-0.10219345254816262
66.8,-0.24587340932038576,-0.09845747330296241
66.8,-0.24587340932038576,-0.09845747330296241
66.9,-0.24730575274291197,-0.0946599613418764
66.9,-0.24730575274291197,-0.0946599613418764
67.0,-0.2484351775431649,-0.09080328998626704
67.0,-0.2484351775431649,-0.09080328998626704
67.1,-0.24926030031699553,-0.08688986953019039
67.1,-0.24926030031699553,-0.08688986953019039
67.2,-0.24978011039218476,-0.08292214573404526
67.2,-0.24978011039218476,-0.08292214573404526
67.3,-0.24999397106639137,-0.07890259829604872
67.3,-0.24999397106639137,-0.07890259829604872
67.4,-0.24990162038703206,-0.07483373930250703
67.4,-0.24990162038703206,-0.07483373930250703
67.5,-0.24950317147214085,-0.07071811165784521
67.5,-0.24950317147214085,-0.07071811165784521
67.6,-0.24879911237181365,-0.06655828749537056
67.6,-0.24879911237181365,-0.06655828749537056
67.7,-0.24779030547040787,-0.06235686656977769
67.7,-0.24779030547040787,-0.06235686656977769
67.8,-0.24647798643022967,-0.05811647463238233
67.8,-0.24647798643022967,-0.05811647463238233
67.9,-0.24486376267800128,-0.053839761790114044
67.9,-0.24486376267800128,-0.053839761790114044
68.0,-0.24294961143596602,-0.04952940084928745
68.0,-0.24294961143596602,-0.04952940084928745
68.1,-0.24073787730003582,-0.045188085645181016
68.1,-0.24073787730003582,-0.045188085645181016
68.2,-0.23823126936795708,-0.04081852935848266
68.2,-0.23823126936795708,-0.04081852935848266
68.3,-0.23543285792100302,-0.03642346281963574
68.3,-0.23543285792100302,-0.03642346281963574
68.4,-0.23234607066326232,-0.032005632802160816
68.4,-0.23234607066326232,-0.032005632802160816
68.5,-0.22897468852313357,-0.02756780030601349
68.5,-0.22897468852313357,-0.02756780030601349
68.6,-0.2253228410221559,-0.02311273883204491
68.6,-0.2253228410221559,-0.02311273883204491
68.7,-0.22139500121686703,-0.018643232648659063
68.7,-0.22139500121686703,-0.018643232648659063
68.8,-0.21719598021986233,-0.01416207505173059
68.8,-0.21719598021986233,-0.01416207505173059
68.9,-0.21273092130678947,-0.009672066618890862
68.9,-0.21273092130678947,-0.009672066618890862
69.0,-0.20800529361647496,-0.005176013459253689
69.0,-0.20800529361647496,-0.005176013459253689
69.1,-0.20302488545191247,-0.0006767254596903549
69.1,-0.20302488545191247,-0.0006767254596903549
69.2,-0.19779579719032062,0.003822985471256282
69.2,-0.19779579719032062,0.003822985471256282
69.3,-0.19232443381093609,0.008320307160727573
69.3,-0.19232443381093609,0.008320307160727573
69.4,-0.18661749704972336,0.012812428929060458
69.4,-0.18661749704972336,0.012812428929060458
69.5,-0.18068197719057805,0.017296543346375245
69.5,-0.18068197719057805,0.017296543346375245
69.6,-0.1745251445031087,0.02176984798712598
69.6,-0.1745251445031087,0.02176984798712598
69.7,-0.16815454033746607,0.026229547181523264
69.7,-0.16815454033746607,0.026229547181523264
69.8,-0.16157796788712572,0.030672853762741346
69.8,-0.16157796788712572,0.030672853762741346
69.9,-0.15480348263096141,0.035096990808801576
69.9,-0.15480348263096141,0.035096990808801576
70.0,-0.1478393824662811,0.03949919337806267
70.0,-0.1478393824662811,0.03949919337806267
70.1,-0.14069419754494744,0.043876710237217356
70.1,-0.14069419754494744,0.043876710237217356
70.2,-0.13337667982500534,0.04822680558072173
70.2,-0.13337667982500534,0.04822680558072173
70.3,-0.12589579235062748,0.05254676074058905
70.3,-0.12589579235062748,0.05254676074058905
70.4,-0.11826069827350988,0.0568338758854638
70.4,-0.11826069827350988,0.0568338758854638
70.5,-0.1104807496291501,0.06108547170793265
70.5,-0.1104807496291501,0.06108547170793265
70.6,-0.1025654758817768,0.06529889109900258
70.6,-0.1025654758817768,0.06529889109900258
70.7,-0.09452457225195184,0.0694715008087057
70.7,-0.09452457225195184,0.0694715008087057
70.8,-0.08636788784113025,0.07360069309179895
70.8,-0.08636788784113025,0.07360069309179895
70.9,-0.07810541356774658,0.07768388733751522
70.9,-0.07810541356774658,0.07768388733751522
71.0,-0.06974726992958914,0.08171853168236523
71.0,-0.06974726992958914,0.08171853168236523
71.1,-0.061303694607451525,0.08570210460496737
71.1,-0.061303694607451525,0.08570210460496737
71.2,-0.0527850299252632,0.08963211650191479
71.2,-0.0527850299252632,0.08963211650191479
71.3,-0.04420171018202311,0.09350611124370037
71.3,-0.04420171018202311,0.09350611124370037
71.4,-0.03556424887110116,0.09732166770971344
71.4,-0.03556424887110116,0.09732166770971344
71.5,-0.026883225802514808,0.10107640130136496
71.5,-0.026883225802514808,0.10107640130136496
71.6,-0.018169274143984736,0.10476796543238255
71.6,-0.018169274143984736,0.10476796543238255
71.7,-0.009433067396642859,0.10839405299534886
71.7,-0.009433067396642859,0.10839405299534886
71.8,-0.0006853063213148853,0.11195239780357234
71.8,-0.0006853063213148853,0.11195239780357234
71.9,0.008063294168559441,0.11544077600737596
71.9,0.008063294168559441,0.11544077600737596
72.0,0.01680201813136873,0.11885700748393442
72.0,0.01680201813136873,0.11885700748393442
72.1,0.025520161723009555,0.12219895719977852
72.1,0.025520161723009555,0.12219895719977852
72.2,0.034207046307757005,0.12546453654512008
72.2,0.034207046307757005,0.12546453654512008
72.3,0.04285203153826695,0.1286517046391683
72.3,0.04285203153826695,0.1286517046391683
72.4,0.05144452838865778,0.13175846960561038
72.4,0.05144452838865778,0.13175846960561038
72.5,0.05997401212475614,0.13478288981747233
72.5,0.05997401212475614,0.13478288981747233
72.6,0.0684300351955706,0.1377230751105712
72.6,0.0684300351955706,0.1377230751105712
72.7,0.07680224003023954,0.14057718796480517
72.7,0.07680224003023954,0.14057718796480517
72.8,0.08508037172476021,0.14334344465254656
72.8,0.08508037172476021,0.14334344465254656
72.9,0.09325429060295969,0.14602011635341022
72.9,0.09325429060295969,0.14602011635341022
73.0,0.1013139846363377,0.14860553023471304
73.0,0.1013139846363377,0.14860553023471304
73.1,0.10924958170754535,0.1510980704969383
73.1,0.10924958170754535,0.1510980704969383
73.2,0.11705136170249039,0.15349617938355717
73.2,0.11705136170249039,0.15349617938355717
73.3,0.12470976841626884,0.15579835815457796
73.3,0.12470976841626884,0.15579835815457796
73.4,0.1322154212583169,0.15800316802320727
73.4,0.1322154212583169,0.15800316802320727
73.5,0.13955912674246157,0.16010923105504726
73.5,0.13955912674246157,0.16010923105504726
73.6,0.1467318897477951,0.1621152310292586
73.6,0.1467318897477951,0.1621152310292586
73.7,0.15372492453656542,0.16401991426115492
73.7,0.15372492453656542,0.16401991426115492
73.8,0.16052966551561698,0.16582209038571696
73.8,0.16052966551561698,0.16582209038571696
73.9,0.16713777772816063,0.16752063310152973
73.9,0.16713777772816063,0.16752063310152973
74.0,0.1735411670630605,0.16911448087468606
74.0,0.1735411670630605,0.16911448087468606
74.1,0.17973199016910774,0.17060263760220992
74.1,0.17973199016910774,0.17060263760220992
74.2,0.18570266406213867,0.17198417323458778
74.2,0.18570266406213867,0.17198417323458778
74.3,0.19144587541325145,0.17325822435702068
74.3,0.19144587541325145,0.17325822435702068
74.4,0.19695458950670988,0.17442399472902897
74.4,0.19695458950670988,0.17442399472902897
74.5,0.2022220588565992,0.17548075578207775
74.5,0.2022220588565992,0.17548075578207775
74.6,0.20724183147164685,0.17642784707490802
74.6,0.20724183147164685,0.17642784707490802
74.7,0.2120077587581053,0.17726467670629067
74.7,0.2120077587581053,0.17726467670629067
74.8,0.2165140030510154,0.17799072168494637
74.8,0.2165140030510154,0.17799072168494637
74.9,0.22075504476460867,0.17860552825639692
74.9,0.22075504476460867,0.17860552825639692
75.0,0.2247256891531168,0.17910871218654817
75.0,0.2247256891531168,0.17910871218654817
75.1,0.22842107267368048,0.17949995900182314
75.1,0.22842107267368048,0.17949995900182314
75.2,0.23183666894358354,0.17977902418569783
75.2,0.23183666894358354,0.17977902418569783
75.3,0.23496829428450566,0.17994573333151634
75.3,0.23496829428450566,0.17994573333151634
75.4,0.23781211284700357,0.1799999822514891
75.4,0.23781211284700357,0.1799999822514891
75.5,0.24036464130894983,0.17994173704180705
75.5,0.24036464130894983,0.17994173704180705
75.6,0.2426227531421649,0.17977103410383025
75.6,0.2426227531421649,0.17977103410383025
75.7,0.24458368244202244,0.17948798012133835
75.7,0.24458368244202244,0.17948798012133835
75.8,0.24624502731533865,0.17909275199385652
75.8,0.24624502731533865,0.17909275199385652
75.9,0.24760475282238986,0.17858559672609933
75.9,0.24760475282238986,0.17858559672609933
76.0,0.24866119346945945,0.17796683127360044
76.0,0.24866119346945945,0.17796683127360044
76.1,0.24941305524885968,0.17723684234462592
76.1,0.24941305524885968,0.17723684234462592
76.2,0.24985941722392857,0.17639608615849436
76.2,0.24985941722392857,0.17639608615849436
76.3,0.24999973265706305,0.1754450881604541
76.3,0.24999973265706305,0.1754450881604541
76.4,0.24983382967940343,0.1743844426932978
76.4,0.24983382967940343,0.1743844426932978
76.5,0.2493619115013518,0.1732148126259169
76.5,0.2493619115013518,0.1732148126259169
76.6,0.24858455616366415,0.17193692893903015
76.6,0.24858455616366415,0.17193692893903015
76.7,0.2475027158294235,0.17055159026834535
76.7,0.2475027158294235,0.17055159026834535
76.8,0.246117715617758,0.16905966240543652
76.8,0.246117715617758,0.16905966240543652
76.9,0.24443125198073742,0.1674620777566541
76.9,0.24443125198073742,0.1674620777566541
77.0,0.24244539062542947,0.1657598347603997
77.0,0.24244539062542947,0.1657598347603997
77.1,0.24016256398366834,0.16395399726313536
77.1,0.24016256398366834,0.16395399726313536
77.2,0.23758556823263036,0.1620456938545148
77.2,0.23758556823263036,0.1620456938545148
77.3,0.23471755986986395,0.16003611716204993
77.3,0.23471755986986395,0.16003611716204993
77.4,0.23156205184697892,0.15792652310575958
77.4,0.23156205184697892,0.15792652310575958
77.5,0.22812290926671566,0.15571823011325836
77.5,0.22812290926671566,0.15571823011325836
77.6,0.2244043446486809,0.15341261829578323
77.6,0.2244043446486809,0.15341261829578323
77.7,0.22041091276953642,0.15101112858566987
77.7,0.22041091276953642,0.15101112858566987
77.8,0.2161475050839672,0.14851526183581457
77.8,0.2161475050839672,0.14851526183581457
77.9,0.21161934373326316,0.1459265778816927
77.9,0.21161934373326316,0.1459265778816927
78.0,0.20683197514884516,0.14324669456650993
78.0,0.20683197514884516,0.14324669456650993
78.1,0.20179126325858207,0.14047728673010387
78.1,0.20179126325858207,0.14047728673010387
78.2,0.19650338230421524,0.13762008516222501
78.2,0.19650338230421524,0.13762008516222501
78.3,0.19097480927867966,0.1346768755208465
78.3,0.19097480927867966,0.1346768755208465
78.4,0.18521231599260032,0.1316494972161894
78.4,0.18521231599260032,0.1316494972161894
78.5,0.17922296077967093,0.1285398422611483
78.5,0.17922296077967093,0.1285398422611483
78.6,0.17301407985107467,0.12534985408884608
78.6,0.17301407985107467,0.12534985408884608
78.7,0.1665932783095498,0.12208152633805264
78.7,0.1665932783095498,0.12208152633805264
78.8,0.1599684208340803,0.11873690160722267
78.8,0.1599684208340803,0.11873690160722267
78.9,0.15314762204665716,0.11531807017794167
78.9,0.15314762204665716,0.11531807017794167
79.0,0.14613923657287478,0.11182716870856468
79.0,0.14613923657287478,0.11182716870856468
79.1,0.13895184880855896,0.10826637889887582
79.1,0.13895184880855896,0.10826637889887582
79.2,0.1315942624049628,0.10463792612659842
79.2,0.1315942624049628,0.10463792612659842
79.3,0.12407548948538377,0.10094407805660291
79.3,0.12407548948538377,0.10094407805660291
79.4,0.11640473960645159,0.09718714322369414
79.4,0.11640473960645159,0.09718714322369414
79.5,0.10859140847756155,0.09336946958984865
79.5,0.10859140847756155,0.09336946958984865
79.6,0.10064506645231305,0.08949344307681639
79.6,0.10064506645231305,0.08949344307681639
79.7,0.09257544680602342,0.085561486074999
79.7,0.09257544680602342,0.085561486074999
79.8,0.08439243381367453,0.08157605592953077
79.8,0.08439243381367453,0.08157605592953077
79.9,0.07610605064292432,0.0775396434045224
79.9,0.07610605064292432,0.0775396434045224
80.0,0.06772644707696726,0.07345477112641055
80.0,0.06772644707696726,0.07345477112641055
80.1,0.05926388708232839,0.06932399200740014
80.1,0.05926388708232839,0.06932399200740014
80.2,0.0507287362367836,0.06514988764997903
80.2,0.0507287362367836,0.06514988764997903
80.3,0.04213144903282388,0.060935066733496496
80.3,0.04213144903282388,0.060935066733496496
80.4,0.03348255607220929,0.05668216338382816
80.4,0.03348255607220929,0.05668216338382816
80.5,0.024792651167299548,0.05239383552712901
80.5,0.024792651167299548,0.05239383552712901
80.6,0.016072378364954187,0.048072763228717744
80.6,0.016072378364954187,0.048072763228717744
80.7,0.007332418908915856,0.04372164701812515
80.7,0.007332418908915856,0.04372164701812515
80.8,-0.0014165218433908517,0.03934320620134665
80.8,-0.0014165218433908517,0.03934320620134665
80.9,-0.010163727533570291,0.03494017716136958
80.9,-0.010163727533570291,0.03494017716136958
81.0,-0.018898483928463626,0.03051531164801852
81.0,-0.018898483928463626,0.03051531164801852
81.1,-0.027610092043744653,0.026071375058203092
81.1,-0.027610092043744653,0.026071375058203092
81.2,-0.036287881248828875,0.021611144707636813
81.2,-0.036287881248828875,0.021611144707636813
81.3,-0.0449212223370749,0.01713740809510075
81.3,-0.0449212223370749,0.01713740809510075
81.4,-0.05349954054521932,0.0126529611603526
81.4,-0.05349954054521932,0.0126529611603526
81.5,-0.06201232850615254,0.008160606536750898
81.5,-0.06201232850615254,0.008160606536750898
81.6,-0.07044915911912081,0.0036631517997022973
81.6,-0.07044915911912081,0.0036631517997022973
81.7,-0.07879969832162083,-0.0008365922879797404
81.7,-0.07879969832162083,-0.0008365922879797404
81.8,-0.08705371774734263,-0.005335813532714684
81.8,-0.08705371774734263,-0.005335813532714684
81.9,-0.09520110725462654,-0.00983170006767927
81.9,-0.09520110725462654,-0.00983170006767927
82.0,-0.10323188731013502,-0.014321442110137212
82.0,-0.10323188731013502,-0.014321442110137212
82.1,-0.11113622121252406,-0.018802233717460017
82.1,-0.11113622121252406,-0.018802233717460017
82.2,-0.11890442714117626,-0.0232712745407479
82.2,-0.11890442714117626,-0.0232712745407479
82.3,-0.12652699001522047,-0.027725771574961137
82.3,-0.12652699001522047,-0.027725771574961137
82.4,-0.13399457314831215,-0.032162940904452215
82.4,-0.13399457314831215,-0.032162940904452215
82.5,-0.14129802968491348,-0.03658000944282694
82.5,-0.14129802968491348,-0.03658000944282694
82.6,-0.14842841380404376,-0.040974216666031224
82.6,-0.14842841380404376,-0.040974216666031224
82.7,-0.1553769916767878,-0.04534281633758695
82.7,-0.1553769916767878,-0.04534281633758695
82.8,-0.16213525216415092,-0.049683078224904684
82.8,-0.16213525216415092,-0.049683078224904684
82.9,-0.16869491724213612,-0.05399228980558524
82.9,-0.16869491724213612,-0.05399228980558524
83.0,-0.17504795214128854,-0.058267757962662224
83.0,-0.17504795214128854,-0.058267757962662224
83.1,-0.1811865751882864,-0.06250681066771055
83.1,-0.1811865751882864,-0.06250681066771055
83.2,-0.18710326733751093,-0.06670679865077546
83.2,-0.18710326733751093,-0.06670679865077546
83.3,-0.19279078138094619,-0.07086509705608426
83.3,-0.19279078138094619,-0.07086509705608426
83.4,-0.1982421508250936,-0.0749791070824909
83.4,-0.1982421508250936,-0.0749791070824909
83.5,-0.2034506984240615,-0.0790462576076463
83.5,-0.2034506984240615,-0.0790462576076463
83.6,-0.20841004435835575,-0.08306400679486425
83.6,-0.20841004435835575,-0.08306400679486425
83.7,-0.2131141140493561,-0.08702984368168498
83.7,-0.2131141140493561,-0.08702984368168498
83.8,-0.21755714559992267,-0.09094128974914892
83.8,-0.21755714559992267,-0.09094128974914892
83.9,-0.22173369685199187,-0.09479590047078586
83.9,-0.22173369685199187,-0.09479590047078586
84.0,-0.22563865205254635,-0.0985912668403683
84.0,-0.22563865205254635,-0.0985912668403683
84.1,-0.22926722811976818,-0.10232501687746036
84.1,-0.22926722811976818,-0.10232501687746036
84.2,-0.2326149805017164,-0.10599481710982654
84.2,-0.2326149805017164,-0.10599481710982654
84.3,-0.23567780862035084,-0.10959837403177984
84.3,-0.23567780862035084,-0.10959837403177984
84.4,-0.2384519608942223,-0.11313343553754383
84.4,-0.2384519608942223,-0.11313343553754383
84.5,-0.2409340393336955,-0.11659779232874919
84.5,-0.2409340393336955,-0.11659779232874919
84.6,-0.24312100370305828,-0.11998927929517153
84.6,-0.24312100370305828,-0.11998927929517153
84.7,-0.2450101752444314,-0.12330577686785354
84.7,-0.2450101752444314,-0.12330577686785354
84.8,-0.246599239958912,-0.12654521234376992
84.8,-0.246599239958912,-0.12654521234376992
84.9,-0.24788625144093218,-0.1297055611811955
84.9,-0.24788625144093218,-0.1297055611811955
85.0,-0.2488696332623637,-0.13278484826498108
85.0,-0.2488696332623637,-0.13278484826498108
85.1,-0.24954818090344433,-0.13578114914093486
85.1,-0.24954818090344433,-0.13578114914093486
85.2,-0.24992106322816382,-0.13869259121854238
85.2,-0.24992106322816382,-0.13869259121854238
85.3,-0.24998782350230228,-0.1415173549412774
85.3,-0.24998782350230228,-0.1415173549412774
85.4,-0.2497483799528721,-0.1442536749237625
85.4,-0.2497483799528721,-0.1442536749237625
85.5,-0.24920302586827967,-0.1468998410550801
85.5,-0.24920302586827967,-0.1468998410550801
85.6,-0.24835242923908352,-0.1494541995675349
85.6,-0.24835242923908352,-0.1494541995675349
85.7,-0.24719763193979027,-0.15191515407020378
85.7,-0.24719763193979027,-0.15191515407020378
85.8,-0.24574004845268713,-0.1542811665466309
85.8,-0.24574004845268713,-0.1542811665466309
85.9,-0.2439814641352798,-0.1565507583160348
85.9,-0.2439814641352798,-0.1565507583160348
86.0,-0.24192403303345153,-0.15872251095743833
86.0,-0.24192403303345153,-0.15872251095743833
86.1,-0.23957027524302588,-0.16079506719613457
86.1,-0.23957027524302588,-0.16079506719613457
86.2,-0.23692307382296676,-0.16276713175193827
86.2,-0.23692307382296676,-0.16276713175193827
86.3,-0.23398567126398812,-0.16463747214869615
86.3,-0.23398567126398812,-0.16463747214869615
86.4,-0.23076166551691263,-0.1664049194845419
86.4,-0.23076166551691263,-0.1664049194845419
86.5,-0.2272550055856273,-0.16806836916242376
86.5,-0.2272550055856273,-0.16806836916242376
86.6,-0.2234699866900507,-0.16962678158044095
86.6,-0.2234699866900507,-0.16962678158044095
86.7,-0.21941124500502587,-0.1710791827815602
86.7,-0.21941124500502587,-0.1710791827815602
86.8,-0.21508375198158197,-0.172424665062309
86.8,-0.21508375198158197,-0.172424665062309
86.9,-0.21049280825753458,-0.17366238754005878
86.9,-0.21049280825753458,-0.17366238754005878
87.0,-0.20564403716486063,-0.1747915766785508
87.0,-0.20564403716486063,-0.1747915766785508
87.1,-0.20054337784182494,-0.17581152677133027
87.1,-0.20054337784182494,-0.17581152677133027
87.2,-0.19519707795827618,-0.1767216003827898
87.2,-0.19519707795827618,-0.1767216003827898
87.3,-0.18961168606303253,-0.1775212287465466
87.3,-0.18961168606303253,-0.1775212287465466
87.4,-0.18379404356273096,-0.17820991212090215
87.4,-0.18379404356273096,-0.17820991212090215
87.5,-0.17775127634195467,-0.1787872201011652
87.5,-0.17775127634195467,-0.1787872201011652
87.6,-0.17149078603491805,-0.17925279188864035
87.6,-0.17149078603491805,-0.17925279188864035
87.7,-0.16502024095939366,-0.1796063365161153
87.7,-0.16502024095939366,-0.1796063365161153
87.8,-0.15834756672397632,-0.17984763302970633
87.8,-0.15834756672397632,-0.17984763302970633
87.9,-0.15148093652020664,-0.1799765306269469
87.9,-0.15148093652020664,-0.1799765306269469
88.0,-0.14442876111143366,-0.17999294875103466
88.0,-0.14442876111143366,-0.17999294875103466
88.1,-0.13719967853067772,-0.17989687714117641
88.1,-0.13719967853067772,-0.17989687714117641
88.2,-0.12980254350012824,-0.1796883758390011
88.2,-0.12980254350012824,-0.1796883758390011
88.3,-0.12224641658520527,-0.17936757515103546
88.3,-0.12224641658520527,-0.17936757515103546
88.4,-0.11454055309651105,-0.1789346755672671
88.4,-0.11454055309651105,-0.1789346755672671
88.5,-0.10669439175322433,-0.17838994763584434
88.5,-0.10669439175322433,-0.17838994763584434
88.6,-0.09871754312184948,-0.17773373179399254
88.6,-0.09871754312184948,-0.17773373179399254
88.7,-0.09061977784448234,-0.17696643815525234
88.7,-0.09061977784448234,-0.17696643815525234
88.8,-0.08241101467098336,-0.1760885462531712
88.8,-0.08241101467098336,-0.1760885462531712
88.9,-0.07410130830976236,-0.17510060474161157
88.9,-0.07410130830976236,-0.17510060474161157
89.0,-0.06570083711200567,-0.1740032310518592
89.0,-0.06570083711200567,-0.1740032310518592
89.1,-0.05721989060447698,-0.17279711100674888
89.1,-0.05721989060447698,-0.17279711100674888
89.2,-0.048668856886133885,-0.1714829983920483
89.2,-0.048668856886133885,-0.1714829983920483
89.3,-0.04005820990399697,-0.17006171448536508
89.3,-0.04005820990399697,-0.17006171448536508
89.4,-0.031398496623887474,-0.16853414754287646
89.4,-0.031398496623887474,-0.16853414754287646
89.5,-0.022700324111699928,-0.1669012522441969
89.5,-0.022700324111699928,-0.1669012522441969
89.6,-0.01397434654108246,-0.16516404909573476
89.6,-0.01397434654108246,-0.16516404909573476
89.7,-0.005231252143401959,-0.1633236237929099
89.7,-0.005231252143401959,-0.1633236237929099
89.8,0.003518249884002831,-0.16138112654162767
89.8,0.003518249884002831,-0.16138112654162767
89.9,0.012263442495244456,-0.15933777133943963
89.9,0.012263442495244456,-0.15933777133943963
90.0,0.020993613922935823,-0.1571948352168328
90.0,0.020993613922935823,-0.1571948352168328
90.1,0.02969807079876132,-0.15495365743912792
90.1,0.02969807079876132,-0.15495365743912792
90.2,0.03836615125151143,-0.1526156386694832
90.2,0.03836615125151143,-0.1526156386694832
90.3,0.04698723796654968,-0.15018224009352318
90.3,0.04698723796654968,-0.15018224009352318
90.4,0.05555077119069098,-0.14765498250614803
90.4,0.05555077119069098,-0.14765498250614803
90.5,0.06404626166657884,-0.14503544536108368
90.5,0.06404626166657884,-0.14503544536108368
90.6,0.07246330348071828,-0.14232526578377583
90.6,0.07246330348071828,-0.14232526578377583
90.7,0.08079158680940918,-0.13952613754824092
90.7,0.08079158680940918,-0.13952613754824092
90.8,0.08902091054700395,-0.13663981001850975
90.8,0.08902091054700395,-0.13663981001850975
90.9,0.09714119480097357,-0.13366808705533526
90.9,0.09714119480097357,-0.13366808705533526
91.0,0.10514249323852395,-0.13061282588883527
91.0,0.10514249323852395,-0.13061282588883527
91.1,0.11301500526960971,-0.1274759359577853
91.1,0.11301500526960971,-0.1274759359577853
91.2,0.12074908805142338,-0.12425937771628304
91.2,0.12074908805142338,-0.12425937771628304
91.3,0.12833526829968409,-0.12096516140852498
91.3,0.12833526829968409,-0.12096516140852498
91.4,0.1357642538922135,-0.11759534581247304
91.4,0.1357642538922135,-0.11759534581247304
91.5,0.14302694525063525,-0.11415203695318206
91.5,0.14302694525063525,-0.11415203695318206
91.6,0.15011444648621286,-0.11063738678660406
91.6,0.15011444648621286,-0.11063738678660406
91.7,0.1570180762962012,-0.10705359185468732
91.7,0.1570180762962012,-0.10705359185468732
91.8,0.16372937859736386,-0.10340289191260575
91.8,0.16372937859736386,-0.10340289191260575
91.9,0.1702401328836073,-0.09968756852898873
91.9,0.1702401328836073,-0.09968756852898873
92.0,0.17654236429508233,-0.09590994366001156
92.0,0.17654236429508233,-0.09590994366001156
92.1,0.18262835338638614,-0.09207237819824976
92.1,0.18262835338638614,-0.09207237819824976
92.2,0.18849064558191397,-0.0881772704971999
92.2,0.18849064558191397,-0.0881772704971999
92.3,0.19412206030679055,-0.08422705487238277
92.3,0.19412206030679055,-0.08422705487238277
92.4,0.1995156997821681,-0.08022420007997996
92.4,0.1995156997821681,-0.08022420007997996
92.5,0.2046649574741466,-0.07617120777393763
92.5,0.2046649574741466,-0.07617120777393763
92.6,0.20956352618595453,-0.07207061094251582
92.6,0.20956352618595453,-0.07207061094251582
92.7,0.21420540578346917,-0.06792497232525521
92.7,0.21420540578346917,-0.06792497232525521
92.8,0.21858491054463844,-0.063736882811344
92.8,0.21858491054463844,-0.063736882811344
92.9,0.222696676123772,-0.05950895982040141
92.9,0.222696676123772,-0.05950895982040141
93.0,0.22653566612220016,-0.05524384566667132
93.0,0.22653566612220016,-0.05524384566667132
93.1,0.2300971782572296,-0.05094420590766377
93.1,0.2300971782572296,-0.05094420590766377
93.2,0.2333768501218499,-0.04661272767827003
93.2,0.2333768501218499,-0.04661272767827003
93.3,0.23637066452814118,-0.04225211801138652
93.3,0.23637066452814118,-0.04225211801138652
93.4,0.23907495442782198,-0.03786510214611234
93.4,0.23907495442782198,-0.03786510214611234
93.5,0.2414864074039296,-0.03345442182455912
93.5,0.2414864074039296,-0.03345442182455912
93.6,0.24360206972811219,-0.029022833578353363
93.6,0.24360206972811219,-0.029022833578353363
93.7,0.2454193499785807,-0.02457310700589578
93.7,0.2454193499785807,-0.02457310700589578
93.8,0.24693602221427324,-0.020108023041448042
93.8,0.24693602221427324,-0.020108023041448042
93.9,0.24815022870135614,-0.015630372217144438
93.9,0.24815022870135614,-0.015630372217144438
94.0,0.2490604821887159,-0.011142952918995698
94.0,0.2490604821887159,-0.011142952918995698
94.1,0.24966566772965507,-0.0066485696379907245
94.1,0.24966566772965507,-0.0066485696379907245
94.2,0.24996504404756237,-0.0021500312173829282
94.2,0.24996504404756237,-0.0021500312173829282
94.3,0.2499582444438846,0.0023498509027498338
94.3,0.2499582444438846,0.0023498509027498338
94.4,0.24964527724728597,0.0068482644425586865
94.4,0.24964527724728597,0.0068482644425586865
94.5,0.24902652580344675,0.01134239804001157
94.5,0.24902652580344675,0.01134239804001157
94.6,0.24810274800551244,0.01582944300790108
94.6,0.24810274800551244,0.01582944300790108
94.7,0.24687507536577025,0.02030659508918063
94.7,0.24687507536577025,0.02030659508918063
94.8,0.2453450116296866,0.02477105620953828
94.8,0.2453450116296866,0.02477105620953828
94.9,0.2435144309340086,0.029220036226097014
94.9,0.2435144309340086,0.029220036226097014
95.0,0.2413855755111803,0.03365075467116769
95.0,0.2413855755111803,0.03365075467116769
95.1,0.23896105294288691,0.03806044248994886
95.1,0.23896105294288691,0.03806044248994886
95.2,0.23624383296609633,0.04244634377109406
95.2,0.23624383296609633,0.04244634377109406
95.3,0.23323724383549888,0.0468057174690711
95.3,0.23323724383549888,0.0468057174690711
95.4,0.22994496824681587,0.05113583911722121
95.4,0.22994496824681587,0.05113583911722121
95.5,0.22637103882595377,0.055434002530466486
95.5,0.22637103882595377,0.055434002530466486
95.6,0.22251983318954324,0.059697521496585505
95.6,0.22251983318954324,0.059697521496585505
95.7,0.21839606858290883,0.06392373145500677
95.7,0.21839606858290883,0.06392373145500677
95.8,0.21400479610202766,0.06810999116207651
95.8,0.21400479610202766,0.06810999116207651
95.9,0.2093513945065753,0.0722536843417453
95.9,0.2093513945065753,0.0722536843417453
96.0,0.20444156363161145,0.07635222132065946
96.0,0.20444156363161145,0.07635222132065946
96.1,0.19928131740599742,0.08040304064662086
96.1,0.19928131740599742,0.08040304064662086
96.2,0.19387697648608732,0.0844036106894095
96.2,0.19387697648608732,0.0844036106894095
96.3,0.18823516051371272,0.08835143122297398
96.3,0.18823516051371272,0.08835143122297398
96.4,0.1823627800079455,0.09224403498798675
96.4,0.1823627800079455,0.09224403498798675
96.5,0.17626702790058413,0.09607898923380502
96.5,0.17626702790058413,0.09607898923380502
96.6,0.16995537072570227,0.09985389723885879
96.6,0.16995537072570227,0.09985389723885879
96.7,0.16343553947408812,0.1035663998085224
96.7,0.16343553947408812,0.1035663998085224
96.8,0.15671552012373702,0.10721417674953806
96.8,0.15671552012373702,0.10721417674953806
96.9,0.1498035438580378,0.11079494832005685
96.9,0.1498035438580378,0.11079494832005685
97.0,0.14270807698359284,0.11430647665440687
97.0,0.14270807698359284,0.11430647665440687
97.1,0.13543781056005513,0.1177465671616848
97.1,0.13543781056005513,0.1177465671616848
97.2,0.12800164975467168,0.12111306989730242
97.2,0.12800164975467168,0.12111306989730242
97.3,0.1204087029345566,0.12440388090663529
97.3,0.1204087029345566,0.12440388090663529
97.4,0.11266827051009257,0.1276169435399222
97.4,0.11266827051009257,0.1276169435399222
97.5,0.10478983354307872,0.1307502497376075
97.5,0.10478983354307872,0.1307502497376075
97.6,0.09678304213362651,0.13380184128531156
97.6,0.09678304213362651,0.13380184128531156
97.7,0.08865770359998909,0.13676981103764985
97.7,0.08865770359998909,0.13676981103764985
97.8,0.08042377046581788,0.13965230411013954
97.8,0.08042377046581788,0.13965230411013954
97.9,0.07209132826957709,0.14244751903843872
97.9,0.07209132826957709,0.14244751903843872
98.0,0.06367058321100877,0.1451537089042058
98.0,0.06367058321100877,0.1451537089042058
98.1,0.05517184964981921,0.14776918242686535
98.1,0.05517184964981921,0.14776918242686535
98.2,0.046605537471883375,0.15029230502060223
98.2,0.046605537471883375,0.15029230502060223
98.3,0.03798213933842432,0.1527214998159273
98.3,0.03798213933842432,0.1527214998159273
98.4,0.02931221783382916,0.1550552486451665
98.4,0.02931221783382916,0.1550552486451665
98.5,0.020606392527791798,0.15729209299126873
98.5,0.020606392527791798,0.15729209299126873
98.6,0.011875326967673218,0.15943063489933035
98.6,0.011875326967673218,0.15943063489933035
98.7,0.0031297156169929757,0.16146953785027077
98.7,0.0031297156169929757,0.16146953785027077
98.8,-0.005619729243954831,0.16340752759611543
98.8,-0.005619729243954831,0.16340752759611543
98.9,-0.014362290639310722,0.16524339295635684
98.9,-0.014362290639310722,0.16524339295635684
99.0,-0.023087260024592715,0.16697598657490523
99.0,-0.023087260024592715,0.16697598657490523
99.1,-0.031783950403338423,0.1686042256371475
99.1,-0.031783950403338423,0.1686042256371475
99.2,-0.04044170941732521,0.1701270925466708
99.2,-0.04044170941732521,0.1701270925466708
99.3,-0.049049932394391024,0.17154363556122856
99.3,-0.049049932394391024,0.17154363556122856
99.4,-0.05759807533781775,0.1728529693875467
99.4,-0.05759807533781775,0.1728529693875467
99.5,-0.06607566784142088,0.17405427573460475
99.5,-0.06607566784142088,0.17405427573460475
99.6,-0.0744723259144825,0.17514680382504003
99.6,-0.0744723259144825,0.17514680382504003
99.7,-0.08277776470083642,0.1761298708643591
99.7,-0.08277776470083642,0.1761298708643591
99.8,-0.09098181107654274,0.17700286246766286
99.8,-0.09098181107654274,0.17700286246766286
99.9,-0.0990744161106791,0.1777652330436161
99.9,-0.0990744161106791,0.1777652330436161
100.0,-0.10704566737403776,0.17841650613542523
100.0,-0.10704566737403776,0.17841650613542523
100.1,-0.1148858010806003,0.17895627471860778
100.1,-0.1148858010806003,0.17895627471860778
100.2,-0.12258521404695968,0.17938420145536935
100.2,-0.12258521404695968,0.17938420145536935
100.3,-0.13013447545502355,0.17970001890542917
100.3,-0.13013447545502355,0.17970001890542917
100.4,-0.13752433840357625,0.17990352969316117
100.4,-0.13752433840357625,0.17990352969316117
100.5,-0.1447457512345874,0.17999460663094766
100.5,-0.1447457512345874,0.17999460663094766
100.6,-0.15178986862035632,0.1799731927986672
100.6,-0.15178986862035632,0.1799731927986672
100.7,-0.15864806239792809,0.17983930157926786
100.7,-0.15864806239792809,0.17983930157926786
100.8,-0.1653119321375244,0.17959301665040342
100.8,-0.1653119321375244,0.17959301665040342
100.9,-0.17177331543200833,0.17923449193213759
100.9,-0.17177331543200833,0.17923449193213759
101.0,-0.17802429789482194,0.17876395149074875
101.0,-0.17802429789482194,0.17876395149074875
101.1,-0.18405722285411594,0.1781816893986959
101.1,-0.18405722285411594,0.1781816893986959
101.2,-0.18986470073121295,0.17748806955083338
101.2,-0.18986470073121295,0.17748806955083338
101.3,-0.19543961809191995,0.1766835254369875
101.3,-0.19543961809191995,0.1766835254369875
101.4,-0.20077514635959892,0.17576855987104065
101.4,-0.20077514635959892,0.17576855987104065
101.5,-0.20586475017931144,0.17474374467668802
101.5,-0.20586475017931144,0.17474374467668802
101.6,-0.21070219542282004,0.17360972033006675
101.6,-0.21070219542282004,0.17360972033006675
101.7,-0.21528155682460734,0.17236719555947969
101.7,-0.21528155682460734,0.17236719555947969
101.8,-0.21959722523959332,0.17101694690246222
101.8,-0.21959722523959332,0.17101694690246222
101.9,-0.22364391451362914,0.16955981822047278
101.9,-0.22364391451362914,0.16955981822047278
102.0,-0.2274166679583813,0.16799672017150596
102.0,-0.2274166679583813,0.16799672017150596
102.1,-0.23091086442265207,0.16632862964096098
102.1,-0.23091086442265207,0.16632862964096098
102.2,-0.23412222395270998,0.16455658913112128
102.2,-0.23412222395270998,0.16455658913112128
102.3,-0.23704681303470282,0.16268170610962257
102.3,-0.23704681303470282,0.16268170610962257
102.4,-0.239681049412715,0.16070515231732374
102.4,-0.239681049412715,0.16070515231732374
102.5,-0.24202170647658783,0.15862816303600513
102.5,-0.24202170647658783,0.15862816303600513
102.6,-0.24406591721410958,0.15645203631635832
102.6,-0.24406591721410958,0.15645203631635832
102.7,-0.24581117772274882,0.1541781321667477
102.7,-0.24581117772274882,0.1541781321667477
102.8,-0.24725535027662274,0.1518078717032474
102.8,-0.24725535027662274,0.1518078717032474
102.9,-0.24839666594494167,0.14934273626149244
102.9,-0.24839666594494167,0.14934273626149244
103.0,-0.24923372675873032,0.14678426647088996
103.0,-0.24923372675873032,0.14678426647088996
103.1,-0.2497655074231638,0.14413406129177697
103.1,-0.2497655074231638,0.14413406129177697
103.2,-0.24999135657342553,0.1413937770161232
103.2,-0.24999135657342553,0.1413937770161232
103.3,-0.24991099757254825,0.1385651262324001
103.3,-0.24991099757254825,0.1385651262324001
103.4,-0.24952452885025947,0.1356498767552717
103.4,-0.24952452885025947,0.1356498767552717
103.5,-0.24883242378241724,0.1326498505207654
103.5,-0.24883242378241724,0.1326498505207654
103.6,-0.24783553011118378,0.12956692244762216
103.6,-0.24783553011118378,0.12956692244762216
103.7,-0.24653506890664792,0.12640301926553504
103.7,-0.24653506890664792,0.12640301926553504
103.8,-0.24493263307116686,0.12316011831100238
103.8,-0.24493263307116686,0.12316011831100238
103.9,-0.2430301853882586,0.11984024629156073
103.9,-0.2430301853882586,0.11984024629156073
104.0,-0.24083005611844022,0.11644547801915527
104.0,-0.24083005611844022,0.11644547801915527
104.1,-0.23833494014494677,0.11297793511345128
104.1,-0.23833494014494677,0.11297793511345128
104.2,-0.2355478936728401,0.10943978467589241
104.2,-0.2355478936728401,0.10943978467589241
104.3,-0.2324723304855357,0.10583323793532938
104.3,-0.2324723304855357,0.10583323793532938
104.4,-0.22911201776334936,0.1021605488660779
104.4,-0.22911201776334936,0.1021605488660779
104.5,-0.22547107146916823,0.09842401277925453
104.5,-0.22547107146916823,0.09842401277925453
104.6,-0.2215539513069125,0.09462596488828351
104.6,-0.2215539513069125,0.09462596488828351
104.7,-0.21736545525895853,0.09076877884946599
104.7,-0.21736545525895853,0.09076877884946599
104.8,-0.21291071370920456,0.0868548652785183
104.8,-0.21291071370920456,0.0868548652785183
104.9,-0.2081951831589989,0.08288667024402
104.9,-0.2081951831589989,0.08288667024402
105.0,-0.20322463954360082,0.07886667373869678
105.0,-0.20322463954360082,0.07886667373869678
105.1,-0.1980051711573886,0.07479738812950734
105.1,-0.1980051711573886,0.07479738812950734
105.2,-0.19254317119645778,0.07068135658749765
105.2,-0.19254317119645778,0.07068135658749765
105.3,-0.1868453299277517,0.06652115149839763
105.3,-0.1868453299277517,0.06652115149839763
105.4,-0.18091862649432902,0.06231937285496868
105.4,-0.18091862649432902,0.06231937285496868
105.5,-0.17477032036677817,0.058078646632088525
105.5,-0.17477032036677817,0.058078646632088525
105.6,-0.168407942451277,0.05380162314560428
105.6,-0.168407942451277,0.05380162314560428
105.7,-0.16183928586517846,0.04949097539597306
105.7,-0.16183928586517846,0.04949097539597306
105.8,-0.15507239639140719,0.045149397397719546
105.8,-0.15507239639140719,0.045149397397719546
105.9,-0.14811556262339226,0.040779602495769396
105.9,-0.14811556262339226,0.040779602495769396
106.0,-0.1409773058125671,0.03638432166969276
106.0,-0.1409773058125671,0.03638432166969276
106.1,-0.13366636943090598,0.031966301826932726
106.1,-0.13366636943090598,0.031966301826932726
106.2,-0.12619170846126743,0.027528304086079543
106.2,-0.12619170846126743,0.027528304086079543
106.3,-0.11856247842865705,0.0230731020512569
106.3,-0.11856247842865705,0.0230731020512569
106.4,-0.11078802418584953,0.018603480078714756
106.4,-0.11078802418584953,0.018603480078714756
106.5,-0.10287786846712345,0.01412223153669283
106.5,-0.10287786846712345,0.01412223153669283
106.6,-0.09484170022409,0.009632157059658314
106.6,-0.09484170022409,0.009632157059658314
106.7,-0.08668936275795161,0.005136062798002397
106.7,-0.08668936275795161,0.005136062798002397
106.8,-0.07843084166267582,0.0006367586642831506
106.8,-0.07843084166267582,0.0006367586642831506
106.9,-0.0700762525939046,-0.003862943422873244
106.9,-0.0700762525939046,-0.003862943422873244
107.0,-0.061635828878529426,-0.00836023129613458
107.0,-0.061635828878529426,-0.00836023129613458
107.1,-0.05311990898015041,-0.012852294296973746
107.1,-0.05311990898015041,-0.012852294296973746
107.2,-0.0445389238357565,-0.017336325032236904
107.2,-0.0445389238357565,-0.017336325032236904
107.3,-0.035903384079119825,-0.021809521128677293
107.3,-0.035903384079119825,-0.021809521128677293
107.4,-0.027223867166597634,-0.026269086984342178
107.4,-0.027223867166597634,-0.026269086984342178
107.5,-0.018511004421056892,-0.030712235515737547
107.5,-0.018511004421056892,-0.030712235515737547
107.6,-0.009775468009845498,-0.035136189899662634
107.6,-0.009775468009845498,-0.035136189899662634
107.7,-0.0010279578727165413,-0.03953818530863216
107.7,-0.0010279578727165413,-0.03953818530863216
107.8,0.007720811384265243,-0.043915470638807894
107.8,0.007720811384265243,-0.043915470638807894
107.9,0.016460123612763652,-0.048265310229344036
107.9,0.016460123612763652,-0.048265310229344036
108.0,0.025179274248125133,-0.052584985572090515
108.0,0.025179274248125133,-0.052584985572090515
108.1,0.03386758342112656,-0.05687179701057021
108.1,0.03386758342112656,-0.05687179701057021
108.2,0.042514409039474274,-0.061123065427174605
108.2,0.042514409039474274,-0.061123065427174605
108.3,0.05110915982304872,-0.06533613391752928
108.3,0.05110915982304872,-0.06533613391752928
108.4,0.05964130827688413,-0.06950836945096787
108.4,0.05964130827688413,-0.06950836945096787
108.5,0.06810040358604569,-0.07363716451609471
108.5,0.06810040358604569,-0.07363716451609471
108.6,0.07647608441656566,-0.07771993875039276
108.6,0.07647608441656566,-0.07771993875039276
108.7,0.0847580916067785,-0.08175414055286444
108.7,0.0847580916067785,-0.08175414055286444
108.8,0.0929362807335145,-0.0857372486787033
108.8,0.0929362807335145,-0.0857372486787033
108.9,0.10100063453775457,-0.08966677381498533
108.9,0.10100063453775457,-0.08966677381498533
109.0,0.1089412751945083,-0.09354026013641249
109.0,0.1089412751945083,-0.09354026013641249
109.1,0.11674847641192752,-0.09735528684012183
109.1,0.11674847641192752,-0.09735528684012183
109.2,0.1244126753447846,-0.10110946965860695
109.2,0.1244126753447846,-0.10110946965860695
109.3,0.13192448430777484,-0.10480046234981129
109.3,0.13192448430777484,-0.10480046234981129
109.4,0.13927470227424454,-0.10842595816344879
109.4,0.13927470227424454,-0.10842595816344879
109.5,0.14645432614630882,-0.11198369128265143
109.5,0.14645432614630882,-0.11198369128265143
109.6,0.15345456178251607,-0.11547143824002942
109.6,0.15345456178251607,-0.11547143824002942
109.7,0.16026683476956743,-0.11888701930726447
109.7,0.16026683476956743,-0.11888701930726447
109.8,0.16688280092491065,-0.12222829985737249
109.8,0.16688280092491065,-0.12222829985737249
109.9,0.17329435651730934,-0.1254931916987721
109.9,0.17329435651730934,-0.1254931916987721
110.0,0.17949364819291103,-0.1286796543803397
110.0,0.17949364819291103,-0.1286796543803397
110.1,0.18547308259461448,-0.13178569646662364
110.1,0.18547308259461448,-0.13178569646662364
110.2,0.19122533566298666,-0.13480937678242505
110.2,0.19122533566298666,-0.13480937678242505
110.3,0.19674336160732303,-0.13774880562597255
110.3,0.19674336160732303,-0.13774880562597255
110.4,0.20202040153585193,-0.14060214594992057
110.4,0.20202040153585193,-0.14060214594992057
110.5,0.20704999173454003,-0.14336761450944732
110.5,0.20704999173454003,-0.14336761450944732
110.6,0.21182597158432986,-0.14604348297672337
110.6,0.21182597158432986,-0.14604348297672337
110.7,0.21634249110712542,-0.14862807902105915
110.7,0.21634249110712542,-0.14862807902105915
110.8,0.22059401813129015,-0.15111978735405998
110.8,0.22059401813129015,-0.15111978735405998
110.9,0.22457534506785834,-0.15351705073912558
110.9,0.22457534506785834,-0.15351705073912558
111.0,0.22828159528918654,-0.155818370964675
111.0,0.22828159528918654,-0.155818370964675
111.1,0.23170822910220962,-0.15802230978047868
111.1,0.23170822910220962,-0.15802230978047868
111.2,0.23485104930899606,-0.1601274897965175
111.2,0.23485104930899606,-0.1601274897965175
111.3,0.23770620634779216,-0.1621325953438086
111.3,0.23770620634779216,-0.1621325953438086
111.4,0.24027020300825533,-0.16403637329665333
111.4,0.24027020300825533,-0.16403637329665333
111.5,0.2425398987150955,-0.16583763385580214
111.5,0.2425398987150955,-0.16583763385580214
111.6,0.24451251337489124,-0.1675352512920393
111.6,0.24451251337489124,-0.1675352512920393
111.7,0.24618563078135305,-0.16912816464972658
111.7,0.24618563078135305,-0.16912816464972658
111.8,0.24755720157487696,-0.17061537840986737
111.8,0.24755720157487696,-0.17061537840986737
111.9,0.24862554575275111,-0.1719959631122721
111.9,0.24862554575275111,-0.1719959631122721
112.0,0.24938935472695117,-0.17326905593644198
112.0,0.24938935472695117,-0.17326905593644198
112.1,0.24984769292699574,-0.17443386124080298
112.1,0.24984769292699574,-0.17443386124080298
112.2,0.24999999894590347,-0.17548965105995562
112.2,0.24999999894590347,-0.17548965105995562
112.3,0.2498460862278466,-0.17643576555963067
112.3,0.2498460862278466,-0.17643576555963067
112.4,0.2493861432966585,-0.1772716134490629
112.4,0.2493861432966585,-0.1772716134490629
112.5,0.24862073352491523,-0.17799667235052957
112.5,0.24862073352491523,-0.17799667235052957
112.6,0.24755079444387507,-0.17861048912581912
112.6,0.24755079444387507,-0.17861048912581912
112.7,0.24617763659511996,-0.1791126801594273
112.7,0.24617763659511996,-0.1791126801594273
112.8,0.2445029419253048,-0.17950293159830533
112.8,0.2445029419253048,-0.17950293159830533
112.9,0.2425287617259853,-0.17978099954800703
112.9,0.2425287617259853,-0.17978099954800703
113.0,0.24025751412104004,-0.17994671022511538
113.0,0.24025751412104004,-0.17994671022511538
113.1,0.2376919811047719,-0.17999996006585134
113.1,0.2376919811047719,-0.17999996006585134
113.2,0.23483530513431472,-0.17994071579079776
113.2,0.23483530513431472,-0.17994071579079776
113.3,0.2316909852805124,-0.17976901442569804
113.3,0.2316909852805124,-0.17976901442569804
113.4,0.22826287294199946,-0.17948496327831634
113.4,0.22826287294199946,-0.17948496327831634
113.5,0.2245551671277149,-0.17908873987137347
113.5,0.2245551671277149,-0.17908873987137347
113.6,0.22057240931364294,-0.17858059183160102
113.6,0.22057240931364294,-0.17858059183160102
113.7,0.21631947788007475,-0.17796083673498314
113.7,0.21631947788007475,-0.17796083673498314
113.8,0.21180158213620115,-0.1772298619082811
113.8,0.21180158213620115,-0.1772298619082811
113.9,0.2070242559393574,-0.1763881241869675
113.9,0.2070242559393574,-0.1763881241869675
114.0,0.20199335091674628,-0.17543614962971837
114.0,0.20199335091674628,-0.17543614962971837
114.1,0.19671502929791906,-0.17437453318964372
114.1,0.19671502929791906,-0.17437453318964372
114.2,0.19119575636682276,-0.17320393834246178
114.2,0.19119575636682276,-0.17320393834246178
114.3,0.18544229254262734,-0.1719250966718472
114.3,0.18544229254262734,-0.1719250966718472
114.4,0.1794616850990665,-0.17053880741221636
114.4,0.1794616850990665,-0.17053880741221636
114.5,0.1732612595323993,-0.1690459369492305
114.5,0.1732612595323993,-0.1690459369492305
114.6,0.16684861058860295,-0.1674474182783344
114.6,0.16684861058860295,-0.1674474182783344
114.7,0.16023159296074999,-0.1657442504216631
114.7,0.16023159296074999,-0.1657442504216631
114.8,0.1534183116679951,-0.16393749780368624
114.8,0.1534183116679951,-0.16393749780368624
114.9,0.14641711212794442,-0.16202828958597829
114.9,0.14641711212794442,-0.16202828958597829
115.0,0.13923656993455286,-0.16001781896152728
115.0,0.13923656993455286,-0.16001781896152728
115.1,0.1318854803541036,-0.15790734240903048
115.1,0.1318854803541036,-0.15790734240903048
115.2,0.12437284755210273,-0.15569817890763396
115.2,0.12437284755210273,-0.15569817890763396
115.3,0.11670787356429763,-0.15339170911261432
115.3,0.11670787356429763,-0.15339170911261432
115.4,0.10889994702534461,-0.15098937449251532
115.4,0.10889994702534461,-0.15098937449251532
115.5,0.10095863166889314,-0.14849267642827443
115.5,0.10095863166889314,-0.14849267642827443
115.6,0.0928936546132206,-0.1459031752749115
115.6,0.0928936546132206,-0.1459031752749115
115.7,0.0847148944467176,-0.14322248938635515
115.7,0.0847148944467176,-0.14322248938635515
115.8,0.07643236912785717,-0.14045229410402524
115.8,0.07643236912785717,-0.14045229410402524
115.9,0.06805622371445352,-0.1375943207098002
115.9,0.06805622371445352,-0.1375943207098002
116.0,0.059596717937223015,-0.13465035534401962
116.0,0.059596717937223015,-0.13465035534401962
116.1,0.05106421363291055,-0.13162223788920774
116.1,0.05106421363291055,-0.13162223788920774
116.2,0.04246916205232159,-0.1285118608202039
116.2,0.04246916205232159,-0.1285118608202039
116.3,0.03382209105886062,-0.12532116802142862
116.3,0.03382209105886062,-0.12532116802142862
116.4,0.02513359223320104,-0.12205215357202054
116.4,0.02513359223320104,-0.12205215357202054
116.5,0.01641430789993551,-0.11870686049959858
116.5,0.01641430789993551,-0.11870686049959858
116.6,0.00767491809205392,-0.11528737950343997
116.6,0.00767491809205392,-0.11528737950343997
116.7,-0.0010738725307651287,-0.1117958476478579
116.7,-0.0010738725307651287,-0.1117958476478579
116.8,-0.00982134779402028,-0.10823444702660734
116.8,-0.00982134779402028,-0.10823444702660734
116.9,-0.018556793134355834,-0.10460540339914902
116.9,-0.018556793134355834,-0.10460540339914902
117.0,-0.027269508723574462,-0.10091098479961856
117.0,-0.027269508723574462,-0.10091098479961856
117.1,-0.03594882257457458,-0.09715350011938324
117.1,-0.03594882257457458,-0.09715350011938324
117.2,-0.044584103613212446,-0.09333529766405625
117.2,-0.044584103613212446,-0.09333529766405625
117.3,-0.05316477470003326,-0.08945876368588375
117.3,-0.05316477470003326,-0.08945876368588375
117.4,-0.061680325585939166,-0.08552632089241662
117.4,-0.061680325585939166,-0.08552632089241662
117.5,-0.07012032578594228,-0.08154042693239306
117.5,-0.07012032578594228,-0.08154042693239306
117.6,-0.07847443735519237,-0.07750357285979281
117.6,-0.07847443735519237,-0.07750357285979281
117.7,-0.08673242755167185,-0.0734182815770054
117.7,-0.08673242755167185,-0.0734182815770054
117.8,-0.09488418137003006,-0.06928710625810001
117.8,-0.09488418137003006,-0.06928710625810001
117.9,-0.10291971393118841,-0.06511262875317657
117.9,-0.10291971393118841,-0.06511262875317657
118.0,-0.1108291827125818,-0.060897457974789335
118.0,-0.1108291827125818,-0.060897457974789335
118.1,-0.11860289960400495,-0.0566442282674663
118.1,-0.11860289960400495,-0.0566442282674663
118.2,-0.1262313427743473,-0.052355597761325326
118.2,-0.1262313427743473,-0.052355597761325326
118.3,-0.13370516833464044,-0.048034246710831195
118.3,-0.13370516833464044,-0.048034246710831195
118.4,-0.1410152217831493,-0.04368287581972563
118.4,-0.1410152217831493,-0.04368287581972563
118.5,-0.14815254921850246,-0.0393042045531711
118.5,-0.14815254921850246,-0.0393042045531711
118.6,-0.15510840830708994,-0.03490096943817856
118.6,-0.15510840830708994,-0.03490096943817856
118.7,-0.16187427899134024,-0.030475922353362755
118.7,-0.16187427899134024,-0.030475922353362755
118.8,-0.16844187392571405,-0.026031828809109557
118.8,-0.16844187392571405,-0.026031828809109557
118.9,-0.17480314862767735,-0.02157146621922391
118.9,-0.17480314862767735,-0.02157146621922391
119.0,-0.18095031133117703,-0.01709762216513215
119.0,-0.18095031133117703,-0.01709762216513215
119.1,-0.1868758325305842,-0.012613092653739444
119.1,-0.1868758325305842,-0.012613092653739444
119.2,-0.19257245420339947,-0.008120680370012042
119.2,-0.19257245420339947,-0.008120680370012042
119.3,-0.19803319870041994,-0.0036231929253923005
119.3,-0.19803319870041994,-0.0036231929253923005
119.4,-0.2032513772924842,0.0008765588968651517
119.4,-0.2032513772924842,0.0008765588968651517
119.5,-0.20822059836333653,0.005375762898345926
119.5,-0.20822059836333653,0.005375762898345926
119.6,-0.21293477523854917,0.009871607223003231
119.6,-0.21293477523854917,0.009871607223003231
119.7,-0.21738813364094464,0.014361282114480848
119.7,-0.21738813364094464,0.014361282114480848
119.8,-0.2215752187633598,0.018841981672117463
119.8,-0.2215752187633598,0.018841981672117463
119.9,-0.22549090195010035,0.023310905604541347
119.9,-0.22549090195010035,0.023310905604541347
120.0,-0.22913038697890845,0.02776526097976576
120.0,-0.22913038697890845,0.02776526097976576
120.1,-0.23248921593572958,0.032202263970675445
120.1,-0.23248921593572958,0.032202263970675445
120.2,-0.23556327467510246,0.036619141594832406
120.2,-0.23556327467510246,0.036619141594832406
120.3,-0.23834879785947438,0.041013133447497734
120.3,-0.23834879785947438,0.041013133447497734
120.4,-0.24084237357126456,0.04538149342679288
120.4,-0.24084237357126456,0.04538149342679288
120.5,-0.24304094749204122,0.049721491449928275
120.5,-0.24304094749204122,0.049721491449928275
120.6,-0.2449418266436755,0.054030415159411274
120.6,-0.2449418266436755,0.054030415159411274
120.7,-0.24654268268690635,0.058305571618185566
120.7,-0.24654268268690635,0.058305571618185566
120.8,-0.24784155477326325,0.06254428899262739
120.8,-0.24784155477326325,0.06254428899262739
120.9,-0.2488368519468599,0.0667439182223527
120.9,-0.2488368519468599,0.0667439182223527
121.0,-0.24952735509311794,0.07090183467579797
121.0,-0.24952735509311794,0.07090183467579797
121.1,-0.24991221843202827,0.07501543979052462
121.1,-0.24991221843202827,0.07501543979052462
121.2,-0.2499909705541269,0.07908216269724018
121.2,-0.2499909705541269,0.07908216269724018
121.3,-0.24976351499791188,0.08309946182650606
121.3,-0.24976351499791188,0.08309946182650606
121.4,-0.24923013036799693,0.08706482649713405
121.4,-0.24923013036799693,0.08706482649713405
121.5,-0.2483914699938555,0.09097577848528432
121.5,-0.2483914699938555,0.09097577848528432
121.6,-0.2472485611295743,0.09482987357327018
121.6,-0.2472485611295743,0.09482987357327018
121.7,-0.2458028036955946,0.09862470307711839
121.7,-0.2458028036955946,0.09862470307711839
121.8,-0.24405596856398504,0.10235789535191658
121.8,-0.24405596856398504,0.10235789535191658
121.9,-0.24201019538934612,0.10602711727401264
121.9,-0.24201019538934612,0.10602711727401264
122.0,-0.23966798998799815,0.10963007569914461
122.0,-0.23966798998799815,0.10963007569914461
122.1,-0.23703222126867307,0.11316451889557712
122.1,-0.23703222126867307,0.11316451889557712
122.2,-0.23410611771845669,0.116628237951364
122.2,-0.23410611771845669,0.116628237951364
122.3,-0.23089326344829691,0.12001906815484478
122.3,-0.23089326344829691,0.12001906815484478
122.4,-0.2273975938029183,0.12333489034751764
122.4,-0.2273975938029183,0.12333489034751764
122.5,-0.22362339054051208,0.12657363224844775
122.5,-0.22362339054051208,0.12657363224844775
122.6,-0.21957527658812268,0.12973326974937172
122.6,-0.21957527658812268,0.12973326974937172
122.7,-0.21525821037913828,0.13281182817970255
122.7,-0.21525821037913828,0.13281182817970255
122.8,-0.21067747977982704,0.13580738354063313
122.8,-0.21067747977982704,0.13580738354063313
122.9,-0.20583869561236845,0.13871806370757156
122.9,-0.20583869561236845,0.13871806370757156
123.0,-0.20074778478229038,0.14154204960016104
123.0,-0.20074778478229038,0.14154204960016104
123.1,-0.19541098301875873,0.14427757631914268
123.1,-0.19541098301875873,0.14427757631914268
123.2,-0.18983482723658188,0.14692293424936265
123.2,-0.18983482723658188,0.14692293424936265
123.3,-0.18402614752931035,0.14947647012822513
123.3,-0.18402614752931035,0.14947647012822513
123.4,-0.17799205880323007,0.15193658807892624
123.4,-0.17799205880323007,0.15193658807892624
123.5,-0.17173995206248352,0.1543017506078278
123.5,-0.17173995206248352,0.1543017506078278
123.6,-0.16527748535602355,0.15657047956533796
123.6,-0.16527748535602355,0.15657047956533796
123.7,-0.15861257439745108,0.1587413570697089
123.7,-0.15861257439745108,0.1587413570697089
123.8,-0.15175338286926604,0.1608130263931658
123.8,-0.15175338286926604,0.1608130263931658
123.9,-0.14470831242336657,0.16278419280981668
123.9,-0.14470831242336657,0.16278419280981668
124.0,-0.13748599239008544,0.16465362440481587
124.0,-0.13748599239008544,0.16465362440481587
124.1,-0.1300952692083357,0.16642015284426867
124.1,-0.1300952692083357,0.16642015284426867
124.2,-0.12254519558982595,0.16808267410540362
124.2,-0.12254519558982595,0.16808267410540362
124.3,-0.11484501943062338,0.16964014916655015
124.3,-0.11484501943062338,0.16964014916655015
124.4,-0.10700417248364238,0.1710916046564926
124.4,-0.10700417248364238,0.1710916046564926
124.5,-0.09903225880591564,0.17243613346279707
124.5,-0.09903225880591564,0.17243613346279707
124.6,-0.09093904299483789,0.17367289529872557
124.6,-0.09093904299483789,0.17367289529872557
124.7,-0.0827344382277439,0.17480111722838915
124.7,-0.0827344382277439,0.17480111722838915
124.8,-0.07442849411951066,0.17582009414980712
124.8,-0.07442849411951066,0.17582009414980712
124.9,-0.06603138441304092,0.17672918923557243
124.9,-0.06603138441304092,0.17672918923557243
125.0,-0.05755339451768852,0.17752783433084912
125.0,-0.05755339451768852,0.17752783433084912
125.1,-0.04900490891092993,0.17821553030844933
125.1,-0.04900490891092993,0.17821553030844933
125.2,-0.04039639841867292,0.17879184738077275
125.2,-0.04039639841867292,0.17879184738077275
125.3,-0.0317384073897988,0.1792564253684091
125.3,-0.0317384073897988,0.1792564253684091
125.4,-0.023041540780665833,0.17960897392523867
125.4,-0.023041540780665833,0.17960897392523867
125.5,-0.01431645116534981,0.17984927271988949
125.5,-0.01431645116534981,0.17984927271988949
125.6,-0.005573825687586947,0.1799771715734369
125.6,-0.005573825687586947,0.1799771715734369
125.7,0.0031756270296531565,0.17999259055326075
125.7,0.0031756270296531565,0.17999259055326075
125.8,0.01192119000088627,0.17989552002300058
125.8,0.01192119000088627,0.17989552002300058
125.9,0.0206521510050753,0.17968602064857797
125.9,0.0206521510050753,0.17968602064857797
126.0,0.029357815706773933,0.17936422336028243
126.0,0.029357815706773933,0.17936422336028243
126.1,0.038027520755336115,0.17893032927094427
126.1,0.038027520755336115,0.17893032927094427
126.2,0.04665064684620129,0.17838460955024543
126.2,0.04665064684620129,0.17838460955024543
126.3,0.05521663172820049,0.1777274052552473
126.3,0.05521663172820049,0.1777274052552473
126.4,0.06371498314100725,0.17695912711724152
126.4,0.06371498314100725,0.17695912711724152
126.5,0.07213529166683232,0.1760802552850556
126.5,0.07213529166683232,0.1760802552850556
126.6,0.08046724348066397,0.17509133902497637
126.6,0.08046724348066397,0.17509133902497637
126.7,0.0887006329834174,0.17399299637747567
126.7,0.0887006329834174,0.17399299637747567
126.8,0.09682537530251382,0.1727859137709554
126.8,0.09682537530251382,0.1727859137709554
126.9,0.10483151864458352,0.17147084559275275
126.9,0.10483151864458352,0.17147084559275275
127.0,0.11270925648517972,0.17004861371767138
127.0,0.11270925648517972,0.17004861371767138
127.1,0.12044893958053182,0.168520106994338
127.1,0.12044893958053182,0.168520106994338
127.2,0.12804108778667359,0.1668862806896995
127.2,0.12804108778667359,0.1668862806896995
127.3,0.1354764016714292,0.1651481558920126
127.3,0.1354764016714292,0.1651481558920126
127.4,0.1427457739050503,0.16330681887269796
127.4,0.1427457739050503,0.16330681887269796
127.5,0.14984030041556673,0.16136342040745408
127.5,0.14984030041556673,0.16136342040745408
127.6,0.15675129129515064,0.15931917505706186
127.6,0.15675129129515064,0.15931917505706186
127.7,0.16347028144417175,0.15717536040832206
127.7,0.16347028144417175,0.15717536040832206
127.8,0.16998904093988965,0.15493331627560553
127.8,0.16998904093988965,0.15493331627560553
127.9,0.1762995851170706,0.15259444386351426
127.9,0.1762995851170706,0.15259444386351426
128.0,0.18239418434821336,0.15016020489117185
128.0,0.18239418434821336,0.15016020489117185
128.1,0.18826537351137104,0.14763212067869813
128.1,0.18826537351137104,0.14763212067869813
128.2,0.1939059611339954,0.1450117711964325
128.2,0.1939059611339954,0.1450117711964325
128.3,0.19930903820158263,0.1423007940775067
128.3,0.19930903820158263,0.1423007940775067
128.4,0.20446798662036572,0.13950088359437332
128.4,0.20446798662036572,0.13950088359437332
128.5,0.20937648732364256,0.13661378959994322
128.5,0.20937648732364256,0.13661378959994322
128.6,0.21402852801184571,0.133641316433984
128.6,0.21402852801184571,0.133641316433984
128.7,0.2184184105168548,0.1305853217954653
128.7,0.2184184105168548,0.1305853217954653
128.8,0.2225407577815418,0.127447715581561
128.8,0.2225407577815418,0.127447715581561
128.9,0.2263905204459963,0.12423045869402051
128.9,0.2263905204459963,0.12423045869402051
129.0,0.22996298303235396,0.12093556181367224
129.0,0.22996298303235396,0.12093556181367224
129.1,0.2332537697206729,0.1175650841438129
129.1,0.2332537697206729,0.1175650841438129
129.2,0.23625884970876404,0.1141211321232714
129.2,0.23625884970876404,0.1141211321232714
129.3,0.23897454214941574,0.11060585810995702
129.3,0.23897454214941574,0.11060585810995702
129.4,0.24139752065897854,0.10702145903570003
129.4,0.24139752065897854,0.10702145903570003
129.5,0.2435248173917644,0.10337017503324461
129.5,0.2435248173917644,0.10337017503324461
129.6,0.2453538266752877,0.0996542880362379
129.6,0.2453538266752877,0.0996542880362379
129.7,0.24688230820188875,0.09587612035309453
129.7,0.24688230820188875,0.09587612035309453
129.8,0.2481083897728282,0.092038033215634
129.8,0.2481083897728282,0.092038033215634
129.9,0.24903056959150013,0.08814242530338103
129.9,0.24903056959150013,0.08814242530338103
130.0,0.24964771810294262,0.08419173124447324
130.0,0.24964771810294262,0.08419173124447324
130.1,0.24995907937740136,0.08018842009409682
130.1,0.24995907937740136,0.08018842009409682
130.2,0.24996427203625013,0.07613499379140619
130.2,0.24996427203625013,0.07613499379140619
130.3,0.24966328971913104,0.07203398559589812
130.3,0.24966328971913104,0.07203398559589812
130.4,0.2490565010917458,0.06788795850420005
130.4,0.2490565010917458,0.06788795850420005
130.5,0.2481446493942858,0.06369950364828532
130.5,0.2481446493942858,0.06369950364828532
130.6,0.24692885153105618,0.05947123867609877
130.6,0.24692885153105618,0.05947123867609877
130.7,0.24541059670240684,0.05520580611561082
130.7,0.24541059670240684,0.05520580611561082
130.8,0.24359174458065097,0.050905871723328396
130.8,0.24359174458065097,0.050905871723328396
130.9,0.24147452303219516,0.046574122818276546
130.9,0.24147452303219516,0.046574122818276546
131.0,0.23906152538868414,0.042213266602516425
131.0,0.23906152538868414,0.042213266602516425
131.1,0.23635570727049254,0.037826028469230874
131.1,0.23635570727049254,0.037826028469230874
131.2,0.23336038296646128,0.03341515029944118
131.2,0.23336038296646128,0.03341515029944118
131.3,0.23007922137430722,0.02898338874842568
131.3,0.23007922137430722,0.02898338874842568
131.4,0.22651624150668007,0.02453351352289245
131.4,0.22651624150668007,0.02453351352289245
131.5,0.22267580756837924,0.020068305650007754
131.5,0.22267580756837924,0.020068305650007754
131.6,0.21856262361074386,0.015590555739343353
131.6,0.21856262361074386,0.015590555739343353
131.7,0.2141817277697789,0.011103062238835082
131.7,0.2141817277697789,0.011103062238835082
131.8,0.20953848609507536,0.006608629685849092
131.8,0.20953848609507536,0.006608629685849092
131.9,0.20463858597705972,0.0021100669544296302
131.9,0.20463858597705972,0.0021100669544296302
132.0,0.19948802918065878,-0.002389814500150706
132.0,0.19948802918065878,-0.002389814500150706
132.1,0.19409312449388663,-0.006888202398460269
132.1,0.19409312449388663,-0.006888202398460269
132.2,0.18846048000036567,-0.011382285394492738
132.2,0.18846048000036567,-0.011382285394492738
132.3,0.1825969949852599,-0.015869254832661755
132.3,0.1825969949852599,-0.015869254832661755
132.4,0.17650985148449946,-0.020346306503126903
132.4,0.17650985148449946,-0.020346306503126903
132.5,0.17020650548769264,-0.024810642394328467
132.5,0.17020650548769264,-0.024810642394328467
132.6,0.1636946778054737,-0.029259472441654846
132.6,0.1636946778054737,-0.029259472441654846
132.7,0.15698234461246632,-0.033690016271143396
132.7,0.15698234461246632,-0.033690016271143396
132.8,0.15007772767747632,-0.03809950493711859
132.8,0.15007772767747632,-0.03809950493711859
132.9,0.142989284292849,-0.042485182652700515
132.9,0.142989284292849,-0.042485182652700515
133.0,0.13572569691534073,-0.046844308512076896
133.0,0.13572569691534073,-0.046844308512076896
133.1,0.12829586253119935,-0.05117415820348129
133.1,0.12829586253119935,-0.05117415820348129
133.2,0.12070888175846392,-0.055472025711800495
133.2,0.12070888175846392,-0.055472025711800495
133.3,0.11297404769985826,-0.05973522500974099
133.3,0.11297404769985826,-0.05973522500974099
133.4,0.10510083455988345,-0.0639610917365159
133.4,0.10510083455988345,-0.0639610917365159
133.5,0.09709888604011446,-0.06814698486297892
133.5,0.09709888604011446,-0.06814698486297892
133.6,0.0889780035268669,-0.07229028834218269
133.6,0.0889780035268669,-0.07229028834218269
133.7,0.08074813408572926,-0.07638841274432424
133.7,0.08074813408572926,-0.07638841274432424
133.8,0.07241935827764837,-0.08043879687504958
133.8,0.07241935827764837,-0.08043879687504958
133.9,0.06400187781149748,-0.08443890937612389
133.9,0.06400187781149748,-0.08443890937612389
134.0,0.055506003048270594,-0.08838625030744328
134.0,0.055506003048270594,-0.08838625030744328
134.1,0.04694214037216748,-0.09227835270941717
134.1,0.04694214037216748,-0.09227835270941717
134.2,0.03832077944407771,-0.09611278414473881
134.2,0.03832077944407771,-0.09611278414473881
134.3,0.02965248035307008,-0.09988714821857507
134.3,0.02965248035307008,-0.09988714821857507
134.4,0.02094786068158298,-0.10359908607624177
134.4,0.02094786068158298,-0.10359908607624177
134.5,0.012217582500227598,-0.10724627787740665
134.5,0.012217582500227598,-0.10724627787740665
134.6,0.003472339308081203,-0.11082644424591521
134.6,0.003472339308081203,-0.11082644424591521
134.7,-0.005277157065515609,-0.11433734769432755
134.7,-0.005277157065515609,-0.11433734769432755
134.8,-0.014020189581596152,-0.11777679402227129
134.8,-0.014020189581596152,-0.11777679402227129
134.9,-0.022746049118621568,-0.12114263368775123
134.9,-0.022746049118621568,-0.12114263368775123
135.0,-0.031444047589803126,-0.12443276315053929
135.0,-0.031444047589803126,-0.12443276315053929
135.1,-0.040103531034668516,-0.12764512618681956
135.1,-0.040103531034668516,-0.12764512618681956
135.2,-0.04871389266884352,-0.1307777151742622
135.2,-0.04871389266884352,-0.1307777151742622
135.3,-0.0572645858760242,-0.1338285723467184
135.3,-0.0572645858760242,-0.1338285723467184
135.4,-0.06574513712626838,-0.136795791017766
135.4,-0.06574513712626838,-0.136795791017766
135.5,-0.07414515880476355,-0.13967751677232274
135.5,-0.07414515880476355,-0.13967751677232274
135.6,-0.0824543619353509,-0.14247194862559623
135.6,-0.0824543619353509,-0.14247194862559623
135.7,-0.09066256878323947,-0.1451773401486416
135.7,-0.09066256878323947,-0.1451773401486416
135.8,-0.09875972532144542,-0.14779200055981973
135.8,-0.09875972532144542,-0.14779200055981973
135.9,-0.10673591354573773,-0.15031429578148525
135.9,-0.10673591354573773,-0.15031429578148525
136.0,-0.11458136362293989,-0.15274264946122892
136.0,-0.11458136362293989,-0.15274264946122892
136.1,-0.12228646585775867,-0.1550755439570472
136.1,-0.12228646585775867,-0.1550755439570472
136.2,-0.12984178246345457,-0.15731152128581982
136.2,-0.12984178246345457,-0.15731152128581982
136.3,-0.13723805912195364,-0.15944918403449923
136.3,-0.13723805912195364,-0.15944918403449923
136.4,-0.14446623631923422,-0.1614871962334521
136.4,-0.14446623631923422,-0.1614871962334521
136.5,-0.15151746044208844,-0.1634242841913942
136.5,-0.15151746044208844,-0.1634242841913942
136.6,-0.1583830946227016,-0.16525923729140682
136.6,-0.1583830946227016,-0.16525923729140682
136.7,-0.16505472931773182,-0.16699090874753317
136.7,-0.16505472931773182,-0.16699090874753317
136.8,-0.17152419260894008,-0.16861821632148052
136.8,-0.17152419260894008,-0.16861821632148052
136.9,-0.17778356021278424,-0.17014014299898686
136.9,-0.17778356021278424,-0.17014014299898686
137.0,-0.18382516518666456,-0.17155573762541956
137.0,-0.18382516518666456,-0.17155573762541956
137.1,-0.18964160731997481,-0.1728641155002171
137.1,-0.18964160731997481,-0.1728641155002171
137.2,-0.19522576219842547,-0.17406445892979647
137.2,-0.19522576219842547,-0.17406445892979647
137.3,-0.20057078993057453,-0.17515601773858747
137.3,-0.20057078993057453,-0.17515601773858747
137.4,-0.20567014352582966,-0.17613810973786637
137.4,-0.20567014352582966,-0.17613810973786637
137.5,-0.2105175769136964,-0.17701012115210207
137.5,-0.2105175769136964,-0.17701012115210207
137.6,-0.21510715259443045,-0.1777715070025461
137.6,-0.21510715259443045,-0.1777715070025461
137.7,-0.2194332489117346,-0.1784217914478257
137.7,-0.2194332489117346,-0.1784217914478257
137.8,-0.22349056693858718,-0.1789605680813304
137.8,-0.22349056693858718,-0.1789605680813304
137.9,-0.22727413696775903,-0.17938750018520228
137.9,-0.22727413696775903,-0.17938750018520228
138.0,-0.23077932459908923,-0.1797023209407736
138.0,-0.23077932459908923,-0.1797023209407736
138.1,-0.23400183641604377,-0.17990483359532006
138.1,-0.23400183641604377,-0.17990483359532006
138.2,-0.23693772524460965,-0.1799949115850245
138.2,-0.23693772524460965,-0.1799949115850245
138.3,-0.23958339498809725,-0.17997249861407563
138.3,-0.23958339498809725,-0.17997249861407563
138.4,-0.2419356050319038,-0.1798376086898507
138.4,-0.2419356050319038,-0.1798376086898507
138.5,-0.24399147421286244,-0.17959032611416148
138.5,-0.24399147421286244,-0.17959032611416148
138.6,-0.2457484843483073,-0.1792308054305683
138.6,-0.2457484843483073,-0.1792308054305683
138.7,-0.24720448332052988,-0.17875927132779562
138.7,-0.24720448332052988,-0.17875927132779562
138.8,-0.24835768771285824,-0.17817601849930859
138.8,-0.24835768771285824,-0.17817601849930859
138.9,-0.24920668499411666,-0.1774814114591393
138.9,-0.24920668499411666,-0.1774814114591393
139.0,-0.24975043524879978,-0.17667588431407735
139.0,-0.24975043524879978,-0.17667588431407735
139.1,-0.24998827245084018,-0.17575994049236715
139.1,-0.24998827245084018,-0.17575994049236715
139.2,-0.24991990527940602,-0.17473415242908252
139.2,-0.24991990527940602,-0.17473415242908252
139.3,-0.24954541747573333,-0.1735991612083719
139.3,-0.24954541747573333,-0.1735991612083719
139.4,-0.24886526774055304,-0.17235567616280273
139.4,-0.24886526774055304,-0.17235567616280273
139.5,-0.24788028917224006,-0.17100447443005123
139.5,-0.24788028917224006,-0.17100447443005123
139.6,-0.24659168824637143,-0.16954640046721647
139.6,-0.24659168824637143,-0.16954640046721647
139.7,-0.24500104333794673,-0.16798236552306373
139.7,-0.24500104333794673,-0.16798236552306373
139.8,-0.24311030278807297,-0.16631334706852108
139.8,-0.24311030278807297,-0.16631334706852108
139.9,-0.24092178251749236,-0.16454038818579378
139.9,-0.24092178251749236,-0.16454038818579378
140.0,-0.23843816318986796,-0.1626645969164712
140.0,-0.23843816318986796,-0.1626645969164712
140.1,-0.23566248692830746,-0.1606871455690365
140.1,-0.23566248692830746,-0.1606871455690365
140.2,-0.232598153589142,-0.15860926998621405
140.2,-0.232598153589142,-0.15860926998621405
140.3,-0.22924891659752517,-0.15643226877260485
140.3,-0.22924891659752517,-0.15643226877260485
140.4,-0.22561887834996114,-0.15415750248310298
140.4,-0.22561887834996114,-0.15415750248310298
140.5,-0.22171248518937717,-0.15178639277259245
140.5,-0.22171248518937717,-0.15178639277259245
140.6,-0.2175345219589106,-0.14932042150745875
140.6,-0.2175345219589106,-0.14932042150745875
140.7,-0.21309010614108043,-0.14676112983947315
140.7,-0.21309010614108043,-0.14676112983947315
140.8,-0.20838468158950113,-0.14411011724261882
140.8,-0.20838468158950113,-0.14411011724261882
140.9,-0.20342401186084927,-0.14136904051347474
140.9,-0.20342401186084927,-0.14136904051347474
141.0,-0.19821417315522566,-0.13853961273577067
141.0,-0.19821417315522566,-0.13853961273577067
141.1,-0.1927615468735679,-0.13562360220976494
141.1,-0.1927615468735679,-0.13562360220976494
141.2,-0.18707281180124094,-0.13262283134711778
141.2,-0.18707281180124094,-0.13262283134711778
141.3,-0.18115493592734716,-0.1295391755319382
141.3,-0.18115493592734716,-0.1295391755319382
141.4,-0.17501516790981828,-0.12637456194873334
141.4,-0.17501516790981828,-0.12637456194873334
141.5,-0.16866102819671883,-0.12313096837798011
141.5,-0.16866102819671883,-0.12313096837798011
141.6,-0.1621002998146288,-0.11981042196007574
141.6,-0.1621002998146288,-0.11981042196007574
141.7,-0.15534101883541834,-0.11641499792844485
141.7,-0.15534101883541834,-0.11641499792844485
141.8,-0.1483914645330607,-0.11294681831258048
141.8,-0.1483914645330607,-0.11294681831258048
141.9,-0.14126014924255417,-0.10940805061184837
141.9,-0.14126014924255417,-0.10940805061184837
142.0,-0.13395580793338022,-0.10580090644086965
142.0,-0.13395580793338022,-0.10580090644086965
142.1,-0.12648738751025368,-0.10212764014733253
142.1,-0.12648738751025368,-0.10212764014733253
142.2,-0.11886403585429556,-0.09839054740310255
142.2,-0.11886403585429556,-0.09839054740310255
142.3,-0.11109509061800434,-0.0945919637694962
142.3,-0.11109509061800434,-0.0945919637694962
142.4,-0.10319006778781135,-0.0907342632376353
142.4,-0.10319006778781135,-0.0907342632376353
142.5,-0.09515865002818272,-0.08681985674477861
142.5,-0.09515865002818272,-0.08681985674477861
142.6,-0.08701067482157107,-0.08285119066756366
142.6,-0.08701067482157107,-0.08285119066756366
142.7,-0.07875612241872654,-0.07883074529310527
142.7,-0.07875612241872654,-0.07883074529310527
142.8,-0.07040510361413242,-0.07476103326889023
142.8,-0.07040510361413242,-0.07476103326889023
142.9,-0.06196784736155807,-0.07064459803245883
142.9,-0.06196784736155807,-0.07064459803245883
143.0,-0.05345468824485782,-0.06648401222183808
143.0,-0.05345468824485782,-0.06648401222183808
143.1,-0.04487605381940132,-0.06228187606772551
143.1,-0.04487605381940132,-0.06228187606772551
143.2,-0.03624245183963441,-0.05804081576843439
143.2,-0.03624245183963441,-0.05804081576843439
143.3,-0.027564457388373,-0.0537634818485981
143.3,-0.027564457388373,-0.0537634818485981
143.4,-0.018852699923662918,-0.049452547502683325
143.4,-0.018852699923662918,-0.049452547502683325
143.5,-0.010117850259019488,-0.045110706924329294
143.5,-0.010117850259019488,-0.045110706924329294
143.6,-0.0013706074930117972,-0.04074067362256321
143.6,-0.0013706074930117972,-0.04074067362256321
