t,x,y,yaw,u,w
0.051000000000000004,0.0,0.0,0.0,0.0,0.0
0.101,0.0,0.0,0.0,0.0,0.0
0.15100000000000002,0.0,0.0,0.0,0.0,0.0
0.201,0.0,0.0,0.0,0.0,0.0
0.251,0.0,0.0,0.0,0.0,0.0
0.30100000000000005,0.0,0.0,0.0,0.0,0.0
0.35100000000000003,0.0,0.0,0.0,0.0,0.0
0.401,0.0,0.0,0.0,0.0,0.0
0.451,0.0,0.0,0.0,0.0,0.0
0.501,0.0,0.0,0.0,0.0,0.0
0.551,0.0,0.0,0.0,0.0,0.0
0.6010000000000001,0.0,0.0,0.0,0.0,0.0
0.651,0.0,0.0,0.0,0.0,0.0
0.7010000000000001,0.0,0.0,0.0,0.0,0.0
0.751,0.0,0.0,0.0,0.0,0.0
0.801,0.0,0.0,0.0,0.0,0.0
0.8510000000000001,0.0,0.0,0.0,0.0,0.0
0.901,0.0,0.0,0.0,0.0,0.0
0.9510000000000001,0.0,0.0,0.0,0.0,0.0
1.001,-1.461651316109839e-29,-1.8333488126026924e-29,-3.4387858507107813e-29,0.0,0.0
1.051,-1.4620600940400323e-29,-1.8431724531040812e-29,-3.435998770733938e-29,-6.658986671857431e-31,-1.0857350225286897e-29
1.101,-1.4611422010279098e-29,-1.85236065707411e-29,-3.4387819312844097e-29,0.0,0.0
1.151,-1.4615592197845408e-29,-1.86218570666509e-29,-3.435995196092669e-29,-6.930930681129076e-31,-1.0859083586550439e-29
1.201,-1.4609812934225523e-29,-1.8713733590203323e-29,-3.4387806213827746e-29,0.0,0.0
1.251,-1.4615154199547883e-29,-1.8817076617714626e-29,-3.43599599734821e-29,-7.181657936085365e-31,-1.0858021412881584e-29
1.3010000000000002,-1.461037554850059e-29,-1.8914046697349467e-29,-3.4387834655928625e-29,0.0,0.0
1.351,-1.461820535379018e-29,-1.901229971306011e-29,-3.435999157437603e-29,-7.441766110618624e-31,-1.0859215664020832e-29
1.401,-1.461465976834274e-29,-1.9109260054938092e-29,-3.4387843337745456e-29,0.0,0.0
1.451,-1.4621490850615576e-29,-1.9212610842576205e-29,-3.435998079584121e-29,-7.700982915336638e-31,-1.0860233722031255e-29
1.501,-1.4615453755094667e-29,-1.9304481109720674e-29,-3.438783669076573e-29,0.0,0.0
1.5510000000000002,-1.4621051986280806e-29,-1.9407824438302844e-29,-3.435999191331625e-29,-7.960819824895937e-31,-1.0860093694368995e-29
1.601,-1.461252352521682e-29,-1.9494602528216273e-29,-3.4387834488739806e-29,0.0,0.0
1.651,-1.4620616197471184e-29,-1.9592852913039966e-29,-3.435999777231827e-29,-8.239826068230665e-31,-1.0861147272374065e-29
1.701,-1.4614401582507936e-29,-1.9684704574655422e-29,-3.438784499491409e-29,0.0,0.0
1.751,-1.462258566732857e-29,-1.97829792431637e-29,-3.436000556927885e-29,-8.509136445225153e-31,-1.0861413446694456e-29
1.8010000000000002,-1.461628248151939e-29,-1.9874849372162346e-29,-3.438785414354771e-29,0.0,0.0
1.851,-1.4621063562541622e-29,-1.9973112327567383e-29,-3.435999519227223e-29,-8.76850104988083e-31,-1.0862209471951199e-29
1.901,-1.4613592247652895e-29,-2.0070081915183826e-29,-3.438782092055788e-29,0.0,0.0
1.951,-1.4618455858773237e-29,-2.0168360238406957e-29,-3.43599594648591e-29,-8.997589099870904e-31,-1.0861931645746081e-29
2.001,-1.460958277226375e-29,-2.0265303500934102e-29,-3.438780426217651e-29,0.0,0.0
2.051,0.034312232654282696,-5.72657927037379e-09,-9.864446125229402e-06,1.1414544216918234,-2.9832062854460215e-17
2.101,0.09123795374475381,-3.4359476196692865e-08,-1.9728892251846722e-05,1.161054422261339,-0.01455404124440654
2.151,0.11855735365908054,-6.681994778287504e-08,-3.99983103354571e-05,0.14804371582034473,-2.983499378034469e-17
2.201,0.12581253945597776,-8.15164708972733e-08,-5.5335505365301206e-05,0.1676437164512724,-0.0172904156875211
2.251,0.16345517331212212,-2.493990241503604e-07,-8.117931461656199e-05,1.1544253177952493,-2.98375613236054e-17
2.301,0.22102943920776455,-4.5068124370624884e-07,-9.935452637426657e-05,1.1740253295020302,-0.018709424025373705
2.351,0.2489847251230419,-6.59489315616659e-07,-0.0001562252878363802,0.1605926517830819,-2.9843812191033067e-17
2.401,0.25686735771807606,-7.8069993045088e-07,-0.00020399647747650418,0.18019265939931972,-0.0263755244642849
2.451,0.2951241241586694,-1.9954972548124496e-06,-0.00027854133906718046,1.1665303299718386,-2.9852821317188625e-17
2.501,0.35330364413967286,-3.3773180718452544e-06,-0.00032920102158491744,1.1861304574660758,-0.027097543476795327
2.551,0.38185038610651606,-4.611733714609801e-06,-0.0004396127272231673,0.1722377784981175,-2.98645982678703e-17
2.601,0.3903152756065422,-5.142209353817908e-06,-0.0005246484290592677,0.19183781764929075,-0.033416251160171884
2.651,0.42914004678462064,-9.678453158297839e-06,-0.0006561944407936244,1.1777002332235729,-2.988134983209436e-17
2.701,0.4878780696363759,-1.4552315590748076e-05,-0.0007452226064286622,1.1973006795030978,-0.03408165934187307
2.751,0.5169686587261856,-1.856206003088698e-05,-0.0009217776288495181,0.18291930424375277,-2.9900874971121065e-17
2.801,0.5259676270359829,-2.010896476106825e-05,-0.001053818588909725,0.20251946073269683,-0.04055965387355767
2.851,0.5652875648399294,-3.193619766542945e-05,-0.0012561608386483323,1.1870840625941321,-2.992656647009478e-17
2.901,0.6244948082128456,-4.427321039170388e-05,-0.001393313891915285,1.2066858866223966,-0.04099326043331902
2.951,0.6540629613521394,-5.385737539616315e-05,-0.0016516489235023659,0.19258169375719109,-2.995597458979352e-17
3.001,0.6635450569700068,-5.710626702208103e-05,-0.001841150372922853,0.21218222185544813,-0.047640817097078125
3.051,0.7032507167489725,-8.026172307856363e-05,-0.002101809623730762,1.1934979779818826,-2.957537410228192e-17
3.101,0.7627787342443956,-0.00010351065256291832,-0.0022684310674842105,1.2131030926284205,-0.044176187383034304
3.151,0.792733221583234,-0.0001222334405572363,-0.002656359897552983,0.20118216930173158,-3.00312972997908e-17
3.201,0.8026453604282345,-0.00012945858663806426,-0.002960588882401091,0.22078356192542803,-0.0590228930019199
3.251,0.8427120249770027,-0.00017300351399488162,-0.00333307447988474,1.1997934763019884,-3.008112115867371e-17
3.301,0.9025550037172333,-0.0002159167972729108,-0.003555842311666854,1.2194064600800396,-0.0491615528254041
3.351,0.9328598207982013,-0.00024857138334487093,-0.003968548198593332,0.20865968175548202,-3.0128040698499456e-17
3.401,0.9431458788139498,-0.0002593127152264722,-0.004269144115630319,0.2282629803844095,-0.05858886704737738
3.451,0.9835416191458646,-0.00034060927536192474,-0.00480689811567978,1.2057694518696158,-1.1145077916105015e-16
3.501,1.043683718769303,-0.0004236301386471449,-0.005200109265570302,1.2253963720131291,-0.0630910142925736
3.551,1.0742981588374036,-0.0004844961489556661,-0.005776050009711463,0.21499104496860527,-3.0261402186256574e-17
3.601,1.084900875395416,-0.0005022303225427582,-0.006153441768848026,0.2345982865003926,-0.06490123238185237
3.651,1.1256969150552252,-0.000652546952862187,-0.006999113424428539,1.2148977917853205,-0.007592775561798126
3.701,1.1862949241919574,-0.0008157869000779793,-0.007683473540120425,1.2345311358266207,-0.08014904578442364
3.751,1.2172449631338922,-0.0009297908758865244,-0.00846488585765139,0.22009667507047698,-3.0202112021617945e-17
3.801,1.2281031651227372,-0.0009585125919540836,-0.008901575005611641,0.23971270951398047,-0.06931367096997008
3.851,1.2625384860855902,-0.0011273057621881293,-0.009681302330886512,0.9994572420152221,-0.00702758741978607
3.901,1.312364989980297,-0.0012970826293381612,-0.010264969339992859,1.019118478434493,-0.07174965330817201
3.951,1.3391251183229473,-0.001425953916497549,-0.011102725524578439,0.2240467989574985,-8.802680806493533e-17
4.001,1.3501811048699894,-0.0014689483284357591,-0.011647249342280517,0.24367489916812374,-0.07663969104085777
4.051,1.380487457947852,-0.0016855456420565623,-0.012649711164097964,0.8592038709410043,-0.012142089124417447
4.101,1.4233003849530952,-0.0019113137599767569,-0.013433441504617456,0.8788699156829921,-0.08217066836806815
4.151,1.4473371105299138,-0.0020802912826922517,-0.014368279024644636,0.22677305903243483,-1.6175255579394962e-16
4.201,1.4585298765805748,-0.002137154904745541,-0.014914452681897136,0.24642095524678428,-0.07641055536692506
4.251,1.4853801537231273,-0.00238554124642698,-0.015965149980287134,0.7421853347851107,-0.014336403513063227
4.301,1.5223417128897403,-0.002643139847745944,-0.01681375138203408,0.7618696726805984,-0.0839571591503772
4.351,1.5440605380686945,-0.0028517736457555464,-0.017998560774376702,0.22755221273920334,-0.004614199492592371
4.401,1.555291023945966,-0.002937469453445222,-0.01877073679431303,0.24719010138801853,-0.08963897312909698
4.451,1.5803364745286772,-0.0032616615473147524,-0.020157275893077243,0.6815638038621903,-0.02072971356970732
4.501,1.6142646459936705,-0.003617767669250903,-0.021305491630831303,0.7012483456944236,-0.09549161563140186
4.551,1.634798216116823,-0.003877244995785435,-0.02240896119671686,0.22856904407468612,-1.491810147635457e-16
4.601,1.6460824683625745,-0.003956674404032953,-0.022830863445770833,0.248287631988102,-0.06578733416744423
4.651,1.6685858996856158,-0.004282454790749258,-0.023968650751641358,0.5961085596861253,-0.020058083069347154
4.7010000000000005,1.6982415151921377,-0.004635720722690703,-0.025030666875323234,0.6158316265989157,-0.09005344295505863
4.751,1.7170457583384389,-0.00491708735161711,-0.026192428805995607,0.22779672567285228,-0.005158208666816132
4.801,1.7282893440680633,-0.005033827861913587,-0.02685068319200892,0.24749706894639112,-0.08137909481933624
4.851,1.7486485825556928,-0.005368806975502009,-0.027975281757686907,0.5251537042629182,-0.017832207232705698
4.901,1.7747577906483936,-0.005696245565526411,-0.028876086003631157,0.5449394241935516,-0.08031288397503993
4.9510000000000005,1.792084073488563,-0.005953060486467408,-0.029699730554532944,0.22573608202078496,-0.00015123412007847557
5.001,1.8032286714993893,-0.006053529581641502,-0.030090650173637632,0.24554052730232206,-0.06126552174954478
5.051,1.8207854713457698,-0.0062700763431739305,-0.030661866727276603,0.43322847703694994,-0.004979698930586394
5.101,1.8423064991155282,-0.0064404516433123355,-0.031046424305234365,0.4531741263343615,-0.044738628801070546
5.151,1.8577072563447115,-0.006601406551372635,-0.03145120203053498,0.22271068901245217,-3.196988533476869e-17
5.201,1.8687012519163813,-0.006677218162490867,-0.031663669173048005,0.24254000787109745,-0.04241971657708265
5.251,1.8857104874852348,-0.006916781471739844,-0.032263102899000556,0.41671001322708967,-0.00907844511025926
5.301,1.9064029357988592,-0.007130945981155945,-0.03278203455034968,0.43661704979173865,-0.05734546067053666
5.351,1.9213478817574479,-0.00728658658455761,-0.03314832163051635,0.21855613868541968,-3.2069588645295857e-17
5.401,1.9321346693258765,-0.007335898416453721,-0.03325758139877514,0.23840679468521586,-0.024265007616493917
5.451,1.9467932918265591,-0.007484556725476496,-0.033588447561596416,0.34101486341042203,-0.00028657756076230523
5.501,1.9637063407344073,-0.007609921167746794,-0.033867223136048466,0.3610049311043018,-0.038193724101394204
5.551,1.97698206594447,-0.007726707943598014,-0.034126263515771506,0.21330099263925786,-3.212544705598422e-17
5.601,1.9875062999565694,-0.007780493973189015,-0.03424539061331316,0.23316052367930268,-0.026632568794942087
5.651,2.001958643549171,-0.007897003497894803,-0.03450133883742456,0.33762705627897605,-3.214714555034282e-17
5.7010000000000005,2.0187029758441466,-0.007987314657238013,-0.034699231903182935,0.35763973811920075,-0.022882235796502122
5.751,2.031720262817443,-0.008063895091417831,-0.034865370359223685,0.20693391570955683,-3.2351889029095565e-17
5.801,2.0419262347380838,-0.008095139031293113,-0.03493210450895424,0.22679733117170953,-0.012112537720219155
5.851,2.054390410617646,-0.008155330821628183,-0.034961246081707746,0.2756313634615034,-3.217316512191314e-17
5.901,2.0680334071666326,-0.00819984524565375,-0.034956951677523856,0.29558054121598376,0.00042944041838042027
5.9510000000000005,2.0795869035666623,-0.008249129833163761,-0.03490075344514767,0.19949513710726768,-3.216963288739362e-17
6.001,2.089420751114678,-0.008276089216590819,-0.034846810272677976,0.21935049603439988,0.009819267356118879
6.051,2.1009921671335112,-0.008345778607996103,-0.0346967255359422,0.2508516274039095,-3.2157924437219265e-17
6.101,2.11339533714168,-0.008401737022437298,-0.03457416709163768,0.2707662392315193,0.020871827286449953
6.151,2.12469993371594,-0.008506468946528208,-0.03430381637216861,0.20772853023018265,-3.2135530236668176e-17
6.201,2.134945523519613,-0.008582745772830969,-0.03409538251962472,0.22758551790720877,0.04157269916426657
6.251,2.1454305380891925,-0.008697755902682139,-0.03377851810322198,0.2091794772317231,-3.19535333861749e-17
6.301,2.1557485310230655,-0.008774250309287364,-0.0335664298579536,0.22903032937887208,0.042208268608871675
6.351,2.166807003128679,-0.008942495328399802,-0.0329406847509524,0.22739147769303217,0.004392705182125996
6.401,2.178032611273016,-0.009071634728153167,-0.032420188800120146,0.24718584015497289,0.07026123604334984
6.451,2.1879240996558065,-0.009250461919380941,-0.0314277734500467,0.1764520030729897,0.006422101138275226
6.501,2.1965995956595634,-0.009366450167775365,-0.030688317514964362,0.19614630125877208,0.08649247991343086
6.551,2.2063588288876215,-0.009559836782665202,-0.02938747574744244,0.2060942137299013,0.010639654227415418
6.601,2.2165140488446484,-0.009705124520941608,-0.028428539123379105,0.22574116543682968,0.09764775034762574
6.651,2.2531148916787287,-0.010558911829732688,-0.008790079490348624,1.0813350176344374,0.6276707099099785
6.7010000000000005,2.3070334427051544,-0.010589248923634442,0.021871738632073798,1.1009589803289421,0.7238813127092268
6.751,2.333461395071513,-0.009909109247442758,0.04743610402812262,0.1587123749749579,0.42569491887577193
6.801,2.3412363865061314,-0.009438214747632059,0.06800287152930634,0.17829229022108004,0.5218158834588283
6.851,2.3788697334882354,-0.006426727588134309,0.08822686637373993,1.1510097377058932,0.38229386455097814
6.901,2.436015908233544,-0.0009896862899058162,0.10662723934109135,1.1705440734651702,0.4781566577486009
6.9510000000000005,2.4631957657625536,0.002065955028491902,0.12462866716986754,0.1427469776903116,0.33698464461306404
7.001,2.4701112939618493,0.0031076239276918946,0.14076735596956894,0.16219612401491262,0.43248034864774837
7.051,2.5066061081346436,0.008418884849953248,0.15770143816230214,1.1320072498196514,0.34434606539489615
7.101,2.562387279366904,0.0168836387519576,0.17533614621860924,1.1533625649627037,0.38037114207219896
7.151,2.588413633859459,0.02132150464359933,0.19047814895044496,0.1246521809365325,0.2461582408720392
7.201,2.5943473822275482,0.02270423982829449,0.20208346009295525,0.1438983026342885,0.3406635648857802
7.251,2.6295261313190985,0.029829444043100284,0.21708565509179578,1.1110437594488474,0.3389213693779254
7.301,2.6837291459401658,0.041181703379055745,0.2340317233984809,1.134411780327666,0.3389213693779621
7.351,2.70848288379056,0.0469221526519833,0.2459500037344403,0.10510171578829305,0.1603281709906447
7.401,2.7133721162601376,0.048438248236899246,0.25329313731584974,0.12411213698018807,0.2536750051621243
7.451,2.747169527418606,0.05706866683835152,0.2635362846482536,1.090367699699773,0.23717780811301248
7.501,2.7997899463841027,0.07063497910530914,0.27539517499831423,1.1143998821078533,0.23717780811304945
7.551,2.8233094924631104,0.07713990210263405,0.2844424080459142,0.08535324622202985,0.1312580005116798
7.601,2.8271794926004867,0.07857255843746087,0.29046236153452326,0.10416584285344233,0.22363352866925826
7.651,2.859661459048349,0.08815938460903328,0.29867983628672207,1.0697796291013568,0.18758012663062595
7.7010000000000005,2.91078343389745,0.10326968204609369,0.3080588425907544,1.0942812965555406,0.1875801266306629
7.751,2.933409469629899,0.11030967089668042,0.3147973850748989,0.07600025296242392,0.08125998272624965
7.801,2.9367804859074953,0.1116069055347232,0.3188708737211588,0.09463717017724241,0.17276770812848558
7.851,2.9682164232175308,0.12181037529805867,0.32536332088320435,1.0492483793947753,0.15736036214414942
7.901,3.017938050931476,0.13796214492150727,0.3332313389741782,1.0740865965042101,0.1573603621441863
7.9510000000000005,3.040537722149778,0.1455432646125976,0.33892641230434595,0.09366212663972306,0.07517813026684975
8.001,3.0447896901710183,0.1470265802282263,0.3425390136833414,0.11410213664663146,0.14318748309633542
8.051,3.075757243659196,0.15781547780434194,0.3481211273423574,1.028610750092473,0.13435507518729828
8.101,3.124121999708423,0.17475449692873526,0.354838881091619,1.0537221915752826,0.13435507518733514
8.151,3.1475074304536657,0.18305156940429285,0.3603982401512705,0.13954293744296214,0.0909044747859949
8.201,3.1539622182974845,0.18519885842136508,0.3647960562224894,0.16211459995934663,0.13197024975947122
8.251,3.1849833133903473,0.196705418086127,0.3700751133515002,1.007681998915066,0.1148641004954556
8.301,3.2319815303151875,0.21433766871974705,0.37581831836996044,1.0330448309885658,0.11486410049549241
8.351,3.254465862807377,0.22279279114402828,0.3807044285404543,0.12693183190739207,0.08315299244620435
8.401,3.2603243597672313,0.2247571522274313,0.38466591510123177,0.15054473970428164,0.11032543536234618
8.451,3.2903074331691506,0.23651934137762223,0.3893213592732591,0.9867265211460658,0.10004429852552499
8.501,3.335980733960712,0.2546693444432822,0.39432357419536523,1.0122996835240592,0.10004429852556174
8.551,3.358416950495913,0.26351160477834673,0.3990094415239711,0.14347166299953507,0.09341931036778416
8.601,3.36507096124126,0.265775713009309,0.4032634484191917,0.1689672470347266,0.09592137735608795
8.651,3.394579722019938,0.277940307590558,0.40776584464474763,0.9657429091161487,0.08796637798058583
8.701,3.438939143337735,0.29652892849936346,0.4121641635409429,0.9915088276398556,0.08796637798062254
8.751,3.4624250992096672,0.3062906046755049,0.41653055681398327,0.20166046641073723,0.08690219054007621
8.801,3.4716955705465176,0.30977876341969224,0.42087566633825446,0.22751467791344637,0.08690219054011288
8.851,3.5014726557774423,0.3226645302843809,0.42482182981317507,0.9448302984157269,0.07360398887360939
8.901,3.54454885789832,0.3415885631505004,0.42850202925519587,0.970766632950668,0.07360398887364589
8.951,3.565884392966136,0.35084402030851547,0.4322352651660923,0.14295924866914583,0.07607754763417487
9.001,3.572425074853108,0.3532742726979336,0.4359837047423663,0.16896718550886763,0.0760775476342114
9.051,3.6003770992557476,0.36586371753959396,0.4394917349002619,0.9242675681535075,0.06675386001650889
9.101,3.6422327367105494,0.3849944950619374,0.44282942789985,0.9503445626114,0.0667538600165454
9.151,3.65885871912086,0.39263401267753933,0.4445394682355649,-1.352435907127196e-19,-6.50521303459536e-19
9.201,3.6587227674932636,0.39254067888773764,0.444914492659153,-0.01684227087827899,0.06559521929969532
9.251,3.6668785423967445,0.39634824642462574,0.4459122577191036,0.904572371521334,0.06226793528710107
9.301,3.7077189650863085,0.4153280182477122,0.4490642782569445,0.9307091145591743,0.06323352965033598
9.351,3.740435917097453,0.43070051869342374,0.45174017715903697,-1.2673885619556963e-30,-1.4468711477973615e-29
9.401,3.740462058530948,0.43072616800612534,0.45203330444531237,0.006173741011081094,0.06700363530249036
9.451,3.764547218719315,0.442177989622764,0.45412806290958113,0.885285757694968,0.06493962966937418
9.501,3.804357586979046,0.4610809430740328,0.4573750443919107,0.9114975019697493,0.06493962966941058
9.551,3.818481618082942,0.4679870077268763,0.46012465585428247,-0.06237338024309091,0.045672955917554194
9.601,3.8157118576515776,0.4669538910297058,0.46217925284021744,-0.08700200906847143,0.06563210146757525
9.651,3.8379927069454554,0.4779574711856146,0.4647976422845139,0.8660234471800321,0.057924554909017684
9.701,3.8767326896012264,0.4968617819173344,0.4676938700291568,0.892329755402848,0.05792455490905406
9.751,3.8896362535805693,0.5034082669964486,0.47050281249292825,-0.09077999463034998,0.05827907019455551
9.801,3.8855447293338012,0.5018237347344245,0.4731309340959969,-0.11713564846039812,0.05827907019451917
9.851,3.906661873775392,0.5126053552083691,0.4756806290754652,0.847129447082274,0.0492247682967696
9.901,3.9443486285831164,0.5315064616108084,0.4781418674898082,0.8735292906564365,0.04922476829680589
9.951,3.956357510465153,0.5377756637002575,0.48060866525762,-0.10919221549296546,0.0494695784521689
10.001,3.9514732850661165,0.535762425732728,0.4830778456667934,-0.13563327772101574,0.04946957845213264
10.051,3.971672731221453,0.5463420481725523,0.48519063748965524,0.8288756842994445,0.03748270113371784
10.101,4.008366992889342,0.5651807815994292,0.48706477254612374,0.855354644771525,0.03748270113375407
10.151,4.036526287941793,0.5797700144169223,0.48895239008021,-0.1269128338226736,0.03883094889607367
10.201,4.030882990334476,0.5772901996540593,0.490893937524768,-0.15342238020946242,0.03883094889603747
10.251,4.050227465003294,0.5876097112054408,0.4928093731934771,0.8114339726858031,0.03796055636739562
10.301,4.086003003346321,0.6063247306125014,0.4947074010116207,0.8379745768583429,0.0379605563674318
10.351,4.096362727272199,0.6119572515505115,0.4964495864307725,-0.14388727358546005,0.03276580973279175
10.401,4.08999763664265,0.6090213294367839,0.49808787691726353,-0.17045676543459415,0.03276580973275564
10.451,4.107664112815154,0.6186036654692533,0.49982026923998,0.7618452420960586,0.035902537607825795
10.501,4.1411271172186295,0.6363877756005227,0.50161539612018,0.7884412493965739,0.035902537607861926
10.551,4.1503563462423525,0.6414922387227321,0.503177715281428,-0.1523275121883411,0.028142280307495993
10.601,4.143646568174676,0.6383015716914257,0.5045848292967083,-0.1789495527505981,0.028142280307459883
10.651,4.144967022145087,0.6393589224857362,0.5059236897901651,0.7586518155818154,0.021316928124053173
10.701,4.178180284570047,0.6572704809942482,0.5069895361963291,0.7852949525944863,0.02131692812408925
10.751,4.186720414655375,0.6620576289888878,0.5081433277890443,-0.1754141429086129,0.024248434342855056
10.801,4.1790219861920015,0.6582656129897526,0.5093557495061259,-0.20207417240483738,0.024248434342818995
10.851,4.179414662316665,0.6588070948498256,0.5105228056480782,0.7449627428993758,0.01971187682930944
10.901,4.211944868570083,0.6765418578839836,0.5115083994895135,0.7716407582983438,0.01971187682934547
10.951,4.219969806681962,0.6810904085255827,0.5122839776914666,-0.1898393795348663,0.014436976029608823
11.001,4.211661181693365,0.6769086692547689,0.5130058264929334,-0.21653057903781014,0.014436976029572807
11.051,4.226865409212122,0.6854363610570244,0.5137779806580279,0.7275401613729032,0.016149796861050923
11.101,4.258577479730159,0.7028512021752807,0.5145854705010648,0.7542425434124617,0.016149796861086918
11.151,4.284007022139898,0.7168767479655962,0.5258795336655058,-0.0008604444176935026,1.0056848616847993
11.201,4.283970106026114,0.7168546593202584,0.5751327182618194,-0.0008604931166829101,1.1369978202275104
11.251,4.30224342779823,0.7294969295133886,0.6247743189712649,0.7387822037523477,0.9840317229494701
11.301,4.331650237477185,0.7515848404405573,0.6736340010996978,0.7604504134790847,1.0371217220665256
11.351,4.3454647928128765,0.7628265913848299,0.7174458232776891,0.09812827662406767,0.7907107273401401
11.401,4.349128190189724,0.7660901549792499,0.755954782833699,0.09813183419385327,0.926425664684743
11.451,4.357115014747699,0.7739770663724747,0.7955779649040469,0.7175228510864234,0.8280255261197718
11.501,4.381755271630533,0.7997645047860452,0.8369792388445535,0.7452655427139193,0.8280255261198042
11.551,4.402087604614127,0.8228319242108478,0.8767986658241113,0.20485276174935105,0.621751165459431
11.601,4.4086741620240915,0.830583137937033,0.9070048271904826,0.21489808288722728,0.734583872600002
11.651,4.41818278297492,0.8428038838308543,0.9378913185291202,0.7125302863583501,0.6552854736682251
11.701,4.4386635848514535,0.8717062136254136,0.9706555910401208,0.739943094289826,0.6552854736682546
11.751,4.451332622005742,0.8906614835400465,1.000794270035846,0.2833474624741475,0.560939213761023
11.801,4.458961289757961,0.9023909618998208,1.028502645928767,0.3009475260764033,0.6363410401768556
11.851,4.472728850519823,0.925922555913775,1.0546519981927316,0.7174916486758316,0.5015881376498235
11.901,4.489738407235762,0.9572863103549766,1.0797314045494104,0.7442209161918589,0.50158813764985
11.951,4.504195950784955,0.9854818135164515,1.1041299045417523,0.2929326869673418,0.4096190017650072
12.001,4.510694728583667,0.998451823983869,1.124022521725508,0.31484901442712143,0.46268094963261425
12.051,4.522192167342211,1.0234642521006434,1.1450820795168957,0.7191983906132977,0.4084862722160091
12.101,4.5362568514767325,1.0563560713707008,1.1655063928436948,0.7451494458093059,0.4084862722160332
12.151,4.548306617978521,1.0860040370829072,1.1851301402637078,0.3175064240216949,0.30456889126236153
12.201,4.554063587672799,1.100623482754641,1.199962101133922,0.3393551444741948,0.35759444685907693
12.251,4.563791834365405,1.1270842913373893,1.2155172116391357,0.7258644749824171,0.3171846493822082
12.301,4.575571141466962,1.1612224476987085,1.2313764439752863,0.7510621776852549,0.31718464938223045
12.351,4.585723879789638,1.1919488655219612,1.2465640199946222,0.3264650529196161,0.2262770237801508
12.401,4.590649548575393,1.2073390451455357,1.2575325296853244,0.3481669725302154,0.27903973149159805
12.451,4.598936345502256,1.2346840113036548,1.2695077500195313,0.7326114558590144,0.2498899134551112
12.501,4.608916931399379,1.269747912900942,1.282002245627269,0.7571472223507082,0.24988991345513178
12.551,4.615432990491539,1.2934431068459786,1.2923957321026152,0.32883168833457194,0.17379515558189612
12.601,4.619521352264629,1.3091980720581744,1.300851053253837,0.3509353169368322,0.21524178247015943
12.651,4.626626623298454,1.3371185309772076,1.310800482850513,0.7388982337391057,0.21815095141079424
12.701,4.635192872494187,1.372883132609462,1.3217080303777962,0.7628800476057757,0.21815095141081367
12.751,4.642568497224253,1.4049482308949148,1.3319379200020243,0.32789001350121094,0.13857984507198787
12.801,4.645798436948972,1.4208667432525524,1.3385557218338842,0.3507226257245276,0.1576324283864957
12.851,4.651804445564802,1.4492355236960521,1.3454545862258205,0.7456535706616974,0.14127709678007078
12.901,4.659196061329732,1.4856099987289206,1.3525184410530762,0.7691382057892081,0.14127709678008904
12.951,4.665621224064494,1.5181231141119615,1.3593693479769944,0.3247701569881651,0.11398092271042141
13.001,4.66826473773688,1.5340018335832466,1.3646664572300622,0.34775592454495274,0.12130796945706873
13.051,4.673502891533402,1.5626306860880619,1.3698342235373666,0.7512313291165303,0.10103390696874666
13.101,4.68005069332846,1.5994528311222442,1.3748859188815077,0.7743496713324419,0.10103390696876413
13.151,4.68413386251508,1.6238469704969356,1.3793581384449922,0.3212565833533696,0.08437499457267872
13.201,4.686316042470492,1.6396204454841523,1.38330094901929,0.3442279496816647,0.08437499457269589
13.251,4.690996880004622,1.6684217378408615,1.3870284018296832,0.7561160748284762,0.0714802171552677
13.301,4.696948800062576,1.7055944040064315,1.3906024126859267,0.7789678821233538,0.07148021715528458
13.351,4.700627155523597,1.7300518492691292,1.393699168765932,0.3184508980407791,0.05635566374842864
13.401,4.702504287445617,1.745720182520937,1.396456655584572,0.34119738529123045,0.056355663748445306
13.451,4.70680377833854,1.7746557062952049,1.3991057342263726,0.7605502309486526,0.05154689275522622
13.501,4.712339442139225,1.8121182902690058,1.4016830788635641,0.7832108262198643,0.05154689275524277
13.551,4.717227418884302,1.8454047569565708,1.4040455474070899,0.31544855394536325,0.03005928337943912
13.601,4.718898699398192,1.8609459927244671,1.4055485115759483,0.338029881993523,0.03005928337945546
13.651,4.7229474550202895,1.8899827422613535,1.4068126918490527,0.764732562640548,0.022099820186225083
13.701,4.728234512443384,1.9276931242480817,1.40791768285832,0.7872693935456893,0.022099820186241348
13.751,4.731481390637666,1.9522175153627208,1.4087187551752705,0.312509646447386,0.011843312705268439
13.801,4.73305470436767,1.9676222102406205,1.409310920810529,0.3350156156535034,0.011843312705284631
13.851,4.737009061186593,1.996720902171256,1.4097169420728162,0.7683158988942747,0.005638500272817683
13.901,4.742220596764411,2.0346228273919795,1.4099988670864574,0.7908057115297448,0.00563850027283383
13.951,4.74541976149138,2.059161551470275,1.4100303983097595,0.3103749466702394,-0.002992587354244332
14.001,4.746957564089668,2.074462810844901,1.4098807689420487,0.3328596464739843,-0.0029925873542281933
14.051,4.75090513723093,2.10357101053695,1.4095970749069864,0.770027795321775,-0.007461409599296373
14.101,4.756142272337031,2.1415555913055133,1.409224004427024,0.7925194906916274,-0.007461409599280211
14.151,4.759372068974199,2.1661365607950542,1.4086265818909618,0.31078086023687657,-0.01493981146957665
14.201,4.760939143396114,2.181454763604151,1.4078795913174968,0.33328832181426166,-0.014939811469560471
14.251,4.764981354739318,2.210716096268969,1.4070118216955263,0.7752469121518084,-0.018016210608834644
14.301,4.770368314678711,2.2489426524456055,1.406111011165109,0.7977804504538469,-0.01801621060881839
14.351,4.775217884582394,2.2827448737733227,1.4051460250954866,0.30741053307835386,-0.024433764530126502
14.401,4.776816984569913,2.297889804071272,1.4039243368690426,0.32997415461433355,-0.024433764530110202
14.451,4.78099239815924,2.327175130804936,1.4025294115135842,0.7789038868859333,-0.030208335498338602
14.501,4.786593707293863,2.365554757717214,1.4010189947387834,0.8015095794627503,-0.030208335498322247
14.551,4.790045610464508,2.3901419956111245,1.3993714303229745,0.30604911058486706,-0.03506696053591803
14.601,4.791730208338159,2.4052079860416034,1.397618152928868,0.32870533990568573,-0.035066960535901526
14.651,4.7944683119048666,2.425159311680066,1.3958556590704028,0.7826880126639293,-0.03598154372112659
14.701,4.80037026982264,2.463684137471699,1.3940565818845425,0.8054002800110225,-0.03598154372110998
14.751,4.803784815253949,2.4870032888720486,1.3921758861736147,0.26147535603553956,-0.03974068525969718
14.801,4.805206430554059,2.499861142317052,1.3902737014969604,0.284245915240154,-0.03974068525968047
14.851,4.8096874867031,2.528416033616225,1.3882839417393773,0.7869234056299467,-0.040689610264260295
14.901,4.815931728167644,2.567100131237405,1.3862494612264458,0.8097553273181038,-0.04068961026424345
14.951,4.819097104666233,2.587884245183445,1.3844406934629867,0.12622352534553016,-0.024098133587428117
15.001,4.819588859716982,2.5940495785001008,1.3834506171091725,0.14842134184483516,-0.04376553024607563
15.051,4.823867409563277,2.6200504440747,1.381556308228774,0.7919520822888788,-0.048034038495718266
15.101,4.830431860407113,2.6589353428179145,1.3791546063044513,0.8148892699070597,-0.0480340384957012
15.151,4.833395514765896,2.677135500198594,1.3776315752755728,0.08448120272045127,-0.013736339888072394
15.201,4.833692602243404,2.681227503105814,1.377015184100541,0.1063599178216536,-0.04439057590898263
15.251,4.83545602937531,2.6925242370762112,1.3760111243875075,0.7977417332844444,-0.04109724783202553
15.301,4.8422953836504705,2.731654828832089,1.3739562619961967,0.8207648225019373,-0.04109724783200827
15.351,4.844962523649609,2.7461102712950485,1.372828223957026,-0.038093241480729643,-0.0010101278124876381
15.401,4.844830655747245,2.7443196626653643,1.3725216647567513,-0.05951496555420606,-0.04395821140108053
15.451,4.849133168175988,2.7673094227490735,1.3707233305268578,0.8045166985837225,-0.05824939456801878
15.501,4.856263343222308,2.80673128051182,1.3678108607992807,0.8276211461569882,-0.05824939456800132
15.551,4.859003424312296,2.8207906726221705,1.366246277049913,-0.053185388025525575,-0.006502537985568089
15.601,4.85881019234272,2.818254569028742,1.3658255472886613,-0.07482263387936082,-0.04569592524797708
15.651,4.863306307297204,2.8411970654040646,1.3639597275439845,0.8115454589631871,-0.05523967347026107
15.701,4.870782342183776,2.880911441213263,1.3611977438711742,0.8347529465549056,-0.05523967347024342
15.751,4.873297490345422,2.8925858034944136,1.3591501630158649,-0.1387696583622987,-0.0336888090819805
15.801,4.872564495823478,2.8858123762471815,1.3577772004246416,-0.16162506525896655,-0.044362903632594125
15.851,4.877082704069017,2.907239663253404,1.3560263134705568,0.819016159174974,-0.03833093892180799
15.901,4.88495390571429,2.947257366249301,1.354109766524702,0.8423431420879773,-0.03833093892179007
15.951,4.887636285631357,2.959319879057378,1.3524286038776265,-0.13052614688200048,-0.031356800732617096
16.001,4.8869541008934965,2.9529515560284034,1.351200803005748,-0.1535619019174416,-0.03977618471904498
16.051,4.8880955978275065,2.955973945757724,1.3499164635130017,0.8273736474894132,-0.020403809030697505
16.101,4.896300374151992,2.9963503627351935,1.3488962730615044,0.8507915962879676,-0.02040380903067937
16.151,4.899138490898964,3.008682150520602,1.3478855227917128,-0.12605586878476052,-0.027076731285431088
16.201,4.898521485879561,3.0025192280739015,1.3469923045400332,-0.14950389239676298,-0.027076731285449268
16.251,4.9033947925846695,3.0243625432486017,1.3460149586509196,0.8247246223865196,-0.011795355864576133
16.301,4.911727526558204,3.0645770800378376,1.3454251908576984,0.8482002598210444,-0.011795355864557905
16.351,4.914655721078083,3.0771249202600286,1.3446851861351876,-0.11655584461436272,-0.021112972956782414
16.401,4.914122166069165,3.071427835312257,1.3440146123781063,-0.14005104765444357,-0.021112972956800674
16.451,4.915287535266686,3.0743316886958096,1.3432541834001086,0.7613720306270185,-0.017028745933228857
16.501,4.923022551401858,3.111435416511023,1.3424027461034678,0.7848882326665709,-0.017028745933210535
16.551,4.925782917008714,3.123087446975033,1.3418842838130054,-0.10117007195857111,-0.013266944496243879
16.601,4.925374458583186,3.1181418872578535,1.3415018412004236,-0.12470638070827313,-0.013266944496262228
16.651,4.929479350921327,3.1362376790557556,1.3414279038185235,0.7070058087716133,0.010152158689695634
16.701,4.936652267002978,3.170682652201504,1.3419355117530054,0.730548806592539,0.010152158689714003
16.751,4.939246708095411,3.1816952415126285,1.3421207359451939,-0.09027054329557281,0.007944776503720965
16.801,4.938921706062546,3.1772801559523507,1.3423283263930506,-0.11380339049784752,0.007944776503702608
16.851,4.9428635781322106,3.1948306748536397,1.3424487060172177,0.6566389168587039,0.0008254259169196513
16.901,4.94943460845498,3.2268293148775995,1.3424899773130623,0.6801669744539403,0.0008254259169379746
16.951,4.952060684923907,3.2384317623035437,1.3546200595030862,0.047129232575988646,1.1309303405975444
17.001,4.952531429355947,3.2407405566761933,1.4100899731949854,0.04713258666396411,1.2685668975321334
17.051,4.956092597355049,3.2671563330712243,1.468188482143684,0.8581645167421074,1.1722172268364492
17.101,4.959894122437663,3.309743964453537,1.5260681736907216,0.8777262772093103,1.2678615735244136
17.151,4.960659028091999,3.3256521966917734,1.5839283688237034,-0.026656035524009993,1.1288479587494744
17.201,4.960696515529633,3.3243200153688783,1.6393181031676496,-0.02665793094331382,1.269963963569319
17.251,4.959726135067986,3.332414230267734,1.6952470398051422,0.91297341322699,1.06045493645635
17.301,4.953278347441812,3.3774572850992786,1.747572372917846,0.9324786050564368,1.155998312204714
17.351,4.949492432169207,3.3978556085323657,1.7955313419915662,0.08197985594734501,0.8797094085515373
17.401,4.9485329113737935,3.4017367213529464,1.8386248814449957,0.08198349195119733,1.0174377189566346
17.451,4.944798137079467,3.4135205078205826,1.8823981867058988,0.9324746399797242,0.8076616918928398
17.501,4.930003978783184,3.4574948363188915,1.9232259722313465,0.9511651122324889,0.8993806167646808
17.551,4.916341648571417,3.493788226144146,1.9642498828859685,0.16104176680460608,0.6696647263901582
17.601,4.9130134219272135,3.501050877389405,1.9967746190030575,0.17009744702383245,0.7977133430542248
17.651,4.899729284505467,3.529494801419329,2.030922510687415,0.9360285737169934,0.6959963314422769
17.701,4.879072025709044,3.571266866575368,2.0657223258547464,0.9623170294367853,0.6959963314423133
17.751,4.867088492906227,3.5933040259511397,2.0952631861956665,0.21282392781581486,0.5037005919882794
17.801,4.861491845421018,3.6022515363535876,2.1196659083341594,0.22131020598132126,0.630562450238323
17.851,4.84423832594326,3.6298405268061424,2.1461533132028783,0.9399778890867521,0.5493813175141253
17.901,4.8187433011510805,3.669078422418846,2.1736223783876945,0.9671018706678036,0.5493813175141609
17.951,4.804061424832076,3.6903180155854667,2.1977365240695574,0.2329691660212536,0.42912643494064046
18.001,4.797150171961266,3.6995283404380386,2.2186435642993207,0.25284394493513396,0.4914894187817225
18.051,4.785567699970113,3.7144120050002227,2.2396882135224088,0.9396682012696786,0.4340038379491551
18.101,4.75647626031242,3.7510404728812445,2.2613884050792494,0.9672079959959358,0.43400383794918923
18.151,4.739624364941105,3.7711989293454202,2.2806953475482836,0.24830970243167907,0.34526438730440634
18.201,4.731442761255506,3.780253847352198,2.2980284894226517,0.26959614315311,0.39615466503529595
18.251,4.709161472574801,3.804801541912415,2.316187261290174,0.9361480374318385,0.33706728208107456
18.301,4.6774351443618,3.838932397413194,2.3330406252346645,0.963849944000895,0.3370672820811078
18.351,4.659138092035515,3.858033462406979,2.348852400137218,0.255286786952553,0.302347646461785
18.401,4.6502905823230485,3.866943191968934,2.3639697823451473,0.2830059225576654,0.3023476464618177
18.451,4.626550126776567,3.889985136618871,2.378264261876544,0.9302997254619572,0.2749175566723108
18.501,4.59294005632915,3.921839644679196,2.392010139623584,0.9580151856775043,0.2749175566723431
18.551,4.573418420671855,3.9398622591262176,2.404497092388672,0.2631278301592115,0.23295338992913273
18.601,4.563747354739045,3.948473453927172,2.416144761832456,0.2908148814035816,0.2329533899291644
18.651,4.538877985178712,3.97019086965076,2.427012249667899,0.922839914648452,0.20694733600285206
18.701,4.504016541128864,4.000102449228955,2.437359616431114,0.950491079783619,0.20694733600288323
18.751,4.483173606790632,4.017602253606707,2.4473774185000807,0.26831437445877615,0.18701724166440425
18.801,4.472904415049017,4.025911579352816,2.456728280556048,0.295918307218073,0.18701724166443504
18.851,4.447221051846161,4.046538986154537,2.4656387580389394,0.9144042656851724,0.17375165826269703
18.901,4.411535022960818,4.074788850537611,2.4743263409302196,0.9419584348058809,0.1737516582627274
18.951,4.390590019522434,4.091040632548525,2.4824182774470795,0.2717781875903492,0.15389677898197718
19.001,4.379868451144254,4.099052914119521,2.490113116380993,0.29927660848362647,0.15389677898200732
19.051,4.353721258022948,4.118633146351914,2.496861074570117,0.9053613128871856,0.12233408733784647
19.101,4.317522558330118,4.145472309536992,2.5029777789293832,0.9328068776113816,0.12233408733787618
19.151,4.298997142919081,4.158963037667525,2.5090324066504355,0.1556593881820637,0.11393276535312075
19.201,4.292733688560394,4.1632354596991705,2.5147290449119306,0.18305498195079195,0.11393276535315022
19.251,4.268211150232474,4.180637640624838,2.520351522095766,0.8962373608434212,0.11146072942323114
19.301,4.231745389073432,4.206330339176952,2.5259245585611585,0.9235838079577696,0.11146072942326034
19.351,4.215921492582275,4.217416902368294,2.529862155722624,0.04464175591068153,0.05327620177743874
19.401,4.214253274244193,4.218609305323262,2.5323105116517532,0.06826024925636065,0.08748640013137148
19.451,4.1915372642894395,4.234258299445902,2.536222717175635,0.8873464970176715,0.09590889177452716
19.501,4.155025277412435,4.259104660150108,2.541018161760687,0.9146175318068187,0.09590889177455603
19.551,4.140609183657181,4.268819969606431,2.543645501273409,-0.007389818986309607,0.01154328039994585
19.601,4.140893648819902,4.268588710798092,2.5443893645054287,-0.02513407851502681,0.08409760767246514
19.651,4.1190600912720265,4.283224100210366,2.547043986045889,0.8789227538449756,0.07632214696215998
19.701,4.082627710146156,4.307434950931913,2.550860093392146,0.9061382543318051,0.07632214696218856
19.751,4.069915912865364,4.315931156170733,2.554716884263019,-0.07238794757403601,0.07624405914696486
19.801,4.072875608950845,4.314160138025973,2.558242536456843,-0.09809996395161069,0.0903866387984886
19.851,4.052116774115354,4.327693499299921,2.562159390282206,0.8704588325515095,0.08200515975608509
19.901,4.015661576665399,4.351097162108292,2.5662596482677134,0.8975918852637399,0.08200515975611336
19.951,4.003182898016978,4.359197927080982,2.5701816181551833,-0.08005383112149057,0.0790794845826025
20.001,4.006548603465743,4.357329233441884,2.5737174607831563,-0.10676119217953038,0.08284192587247619
20.051,3.9859456946889384,4.3703360746517195,2.5771058099330824,0.8619491899211932,0.0646667038825492
20.101,3.949497265888014,4.39295486717586,2.580339145126085,0.8889943274830218,0.06466670388257709
20.151,3.9372632703817816,4.40067907840004,2.5837048427074656,-0.08807920878558628,0.07166136780224829
20.201,3.941020732771295,4.398719460106714,2.5870468464752294,-0.11508353472185529,0.07166136780222054
20.251,3.920593875110603,4.411259270184941,2.5904962630618775,0.8539353348507225,0.0785317339231686
20.301,3.884171523514515,4.433153815339922,2.5944228497560196,0.8808968418580985,0.07853173392319618
20.351,3.8721768151984346,4.44050636155591,2.59795307306635,-0.09623238361842144,0.06633143072712164
20.401,3.8763222127116594,4.438435139060204,2.6011723663152404,-0.12314490619461578,0.0663314307270943
20.451,3.8560600535242857,4.450487493531441,2.6048187143116057,0.8461229670569104,0.07847384975055438
20.501,3.819651841101959,4.4716401249161155,2.608742406797121,0.8729894953504407,0.07847384975058161
20.551,3.807891746831134,4.478626201378407,2.6122707529790503,-0.104099091292682,0.06580288705780098
20.601,3.812417635151907,4.476443864070923,2.6155112576907533,-0.1309138376537639,0.06580288705777393
20.651,3.7936440064779378,4.487247520614557,2.6187719479486753,0.7874806127540521,0.06542335192754084
20.701,3.7594785602233194,4.506416984822614,2.622043115543887,0.8142493217230852,0.06542335192756768
20.751,3.7488351634095105,4.5125487361628185,2.6257615988801777,-0.11139758544582373,0.08227771507427804
20.801,3.753719035186741,4.510241469708147,2.6296895070643824,-0.13811519826406365,0.08227771507425141
20.851,3.7511625319131356,4.511943908221165,2.633589097483686,0.7358783492110581,0.07424403674322952
20.901,3.7189017405379095,4.529359780906134,2.6373012993191436,0.7641511285442171,0.07424403674325597
20.951,3.7092311151267996,4.534750821148402,2.6410395262478725,-0.1185908267822824,0.07587422085154173
21.001,3.714476702338327,4.532386472469597,2.6447577683056394,-0.1451925425901222,0.07587422085151549
21.051,3.697789116392559,4.541330943606185,2.648379307927043,0.7063157010317092,0.07104952083187288
21.101,3.6666231663669078,4.5575207597500595,2.651931783967143,0.7328597106978265,0.07104952083189894
21.151,3.6575993803837132,4.56238740903964,2.6555983132177534,-0.12516000925963466,0.07536312870997773
21.201,3.6631803693935705,4.559970216155547,2.6593147981285608,-0.1516454987812629,0.07536312870995182
21.251,3.6434487826283024,4.570099813712953,2.676920573297237,0.8190106732470521,0.5372662131950156
21.301,3.6066507785433326,4.587628299672081,2.703783883310803,0.8453279923527536,0.537266213195041
21.351,3.585544081218069,4.597338833222659,2.723918664302598,0.2273765311736309,0.2989635508075558
21.401,3.5754052167219705,4.602083231356929,2.738570111695019,0.24608803109098054,0.3798717363012106
21.451,3.5489005269417313,4.61297534603866,2.75652232438184,0.8015868093244364,0.4006421354587467
21.501,3.5116140865740255,4.627167174645774,2.7765544308868253,0.8271204365251345,0.40064213545876987
21.551,3.489397905709234,4.635351674882426,2.7919811100848038,0.2531637577718736,0.23794381794869812
21.601,3.477658752692348,4.6396406129354375,2.803441690495981,0.2735931037297155,0.30580944499659674
21.651,3.450349309921218,4.648764282619238,2.817770244896965,0.7887178042360959,0.32282239585851197
21.701,3.4128558033379437,4.6604058387670175,2.8339113645497136,0.8135400010605249,0.32282239585853334
21.751,3.38993491508976,4.667271288549129,2.846174007100704,0.26987576512418465,0.1869385657425179
21.801,3.3771240386219623,4.670992688472954,2.8550225232986213,0.2911777771637436,0.24369037447005273
21.851,3.3494005049041355,4.6786208573533505,2.866293943703005,0.7762104336030352,0.255693350366856
21.901,3.311975939808262,4.688234694414968,2.8790786111516944,0.8004029545583423,0.25569335036687596
21.951,3.2885615728725717,4.694031167306698,2.8888277501645,0.28477444163580024,0.14555609331475425
22.001,3.274857976762864,4.697232097585994,2.895914310694013,0.30620287386646156,0.1977596566264876
22.051,3.2467764945980178,4.703674484687379,2.904514645199359,0.7684104212127627,0.19020397599226255
22.101,3.209383441113334,4.71174628058909,2.9140248439703016,0.7920669717022012,0.19020397599228114
22.151,3.1856714892943745,4.716697282461581,2.9216688268334585,0.29330928706682,0.12022244630546304
22.201,3.1714327801111053,4.719447445592305,2.9275405565540438,0.31479244837438347,0.16681497880734547
22.251,3.143182171813899,4.724952550955856,2.935105312514306,0.7617741671776193,0.17228679567569682
22.301,3.105874889518881,4.731779768728209,2.9437196522767834,0.7849774441866101,0.17228679567571448
22.351,3.0811490722607004,4.736119707300213,2.9506288912102496,0.3269165480405417,0.11114470167406218
22.401,3.0651564240194946,4.738655879459524,2.955917845563819,0.34863988103628335,0.14550239954287242
22.451,3.0362288770755876,4.743408806437998,2.961859758427588,0.7570424347721205,0.12667140394226784
22.501,2.9989801834083827,4.749184146484241,2.968193328616233,0.7798311407460606,0.12667140394228457
22.551,2.9748578841841993,4.752752347992997,2.9734176351150126,0.3060736432765304,0.08576271032616718
22.601,2.9598252792960458,4.7546770850546,2.9774397274444677,0.32776022285133344,0.11440665753966497
22.651,2.9312700658298585,4.758699220553824,2.9822456424625177,0.7549982594472487,0.10554617782217743
22.701,2.8940074982151955,4.763683610023167,2.9875229513487285,0.7774604176002007,0.10554617782219353
22.751,2.869767614976236,4.766767487438098,2.9919616550666555,0.3091115043482481,0.07372928587278196
22.801,2.854544841604249,4.768398344584701,2.9953875336327265,0.33064801642442765,0.10044590265683812
22.851,2.8258796509130226,4.771894418511561,2.999559990293062,0.7543399835527885,0.09225741383665206
22.901,2.7885647133658527,4.776213785974851,3.0041728609816234,0.7765174444199316,0.09225741383666763
22.951,2.764246413948205,4.778865447682739,3.0079797098668037,0.31043112196929273,0.06186578638002027
23.001,2.748926161295328,4.780211219704406,3.010813379717309,0.33187254084296436,0.08496161797383961
23.051,2.720157430827179,4.783248583845796,3.0143849314570392,0.7551680158747515,0.07998181131383385
23.101,2.6827380866840693,4.7870077366798895,3.0183840220205997,0.7770964986758501,0.07998181131384888
23.151,2.657489978156234,4.789386552185425,3.0217991766134484,0.3397667239636063,0.05786689072961422
23.201,2.6406874913612057,4.790636188972739,3.024409057546477,0.3611507359799493,0.07587065306839874
23.251,2.611228661359407,4.7933315506597864,3.0274900232198854,0.7573792001307618,0.06663657908100162
23.301,2.573650690354794,4.796603579542325,3.030821852172703,0.779083451724656,0.06663657908101622
23.351,2.5482960506711825,4.798668248342381,3.0337082588609765,0.3409174765047602,0.049191751290759256
23.401,2.5314205127844853,4.7997117176582735,3.0358880959062504,0.3621362881934643,0.06718136951078804
23.451,2.5018009408379442,4.8020752824434725,3.0386302660757716,0.7610249744070566,0.06269521517750064
23.501,2.4640048646635515,4.804935591401641,3.0417650268336205,0.7825358085933133,0.06269521517751483
23.551,2.4429698841172316,4.806412223231543,3.043731544069487,0.19346400789128432,0.019194608980398944
23.601,2.433440830348933,4.806786962864667,3.044543065391601,0.21414297985884304,0.05764330132106263
23.651,2.4065911157863744,4.808712801894601,3.046632442249547,0.7662119679370322,0.057101491874179615
23.701,2.368513461709332,4.811288288677301,3.049487516842481,0.78758224049288,0.05710149187419353
23.751,2.349653295765381,4.812490413489788,3.0510697006850522,0.07238913971921589,4.726306213443835e-05
23.801,2.3461659682438927,4.812598063517119,3.0514147094354698,0.09266567818239894,0.0556648878323274
23.851,2.3215263327861955,4.814264170271159,3.053333482883392,0.7727633622469307,0.058017616994939555
23.901,2.283104304991314,4.816604456041888,3.0562343637323255,0.7940147939205754,0.05801761699495325
23.951,2.266526144133082,4.817602739378745,3.0576871889324897,0.03649434610064705,-3.389766210958694e-17
24.001,2.264841943330745,4.817658532296668,3.057979459021799,0.05642237297566365,0.05548708176281025
24.051,2.2406855119715763,4.819163043770798,3.05974382777188,0.7803938159031316,0.053943653492048896
24.101,2.201867689575008,4.821282453359169,3.0624409251111846,0.8015307814097177,0.05394365349206237
24.151,2.1890352746402626,4.8220322918788545,3.0638495806961203,-0.08865935516872125,8.128350766772874e-12
24.201,2.193334756556174,4.821926440832682,3.064180093348552,-0.10885816674385775,0.054026862758669414
24.251,2.1713816356966813,4.823224097661208,3.0662644768672354,0.7890887195347,0.0647505467302522
24.301,2.132115471647175,4.82513215388433,3.069391514924797,0.8101083091092439,0.06475054673026548
24.351,2.1214030517191635,4.825730273397041,3.0710265767557186,-0.16533859572176765,0.00523517933250051
24.401,2.129535183013468,4.82555976276981,3.0714227794049203,-0.18564410731569653,0.0496322700264919
24.451,2.108986711162855,4.826664379999921,3.0734098372941134,0.7930803793283093,0.061472844862498675
24.501,2.0695076172965927,4.828321009114709,3.0762682630574862,0.8139703189262286,0.06147284486251173
24.551,2.058417680542261,4.828855016780035,3.0777369442170466,-0.15555665372359687,0.0019218748296002547
24.601,2.06606176699286,4.828720469479755,3.078067323250888,-0.1757796056427128,0.04777352736716409
24.651,2.044833553218412,4.8297106890705885,3.0796619816531523,0.8090236479301944,0.04902913931341096
24.701,2.004548539534627,4.831157796422156,3.081951116392781,0.8297992748525173,0.04902913931342376
24.751,1.9928097972291552,4.831632983038058,3.0831746990658018,-0.14467576975483773,0.00015890842785897492
24.801,1.999908828822347,4.831517643930153,3.083485290248328,-0.1648014538760683,0.04976787549709577
24.851,1.9781114808511566,4.8324115067190085,3.0850719859351594,0.8205751125747036,0.050524585148758475
24.901,1.9372417035678031,4.8336970309504625,3.0872902909561093,0.8412511243888319,0.05052458514877106
24.951,1.9249148440527613,4.8341243564432155,3.0884860263506217,-0.1329186111930666,1.2770860757796834e-16
25.001,1.931423232394609,4.834026396968,3.0887928607492214,-0.15292310399187475,0.05220590639547251
25.051,1.9114583015715403,4.834734534442714,3.0904517526872475,0.7514984310450911,0.049238885366441706
25.101,1.8740370403139657,4.835750385357544,3.092553559490844,0.7719548450177869,0.06102764778316774
25.151,1.8627113819283885,4.836091953343416,3.093673432739342,-0.1203515256180767,3.284932881874877e-17
25.201,1.868588925547892,4.836017547398231,3.093929337546395,-0.1402516920665993,0.04926937194448103
25.251,1.8492722103146588,4.836581217863072,3.0952381480862945,0.7213359001613207,0.038318573396632104
25.301,1.8133530255929664,4.83735171128519,3.0968122294130764,0.7417083766684772,0.05072854999404483
25.351,1.8022224990993359,4.837608604764561,3.097765772177018,-0.1068501955719471,3.264895638674239e-17
25.401,1.807423192179965,4.8375430075727275,3.0980564690212806,-0.1266753434598746,0.0544420433746422
25.451,1.7903301357422057,4.838009575217935,3.0992902361350994,0.6382012840041311,0.032398336028356074
25.501,1.7585689111946494,4.838632722936602,3.100652317421977,0.6583458105382074,0.06396976677671257
25.551,1.7341563134508244,4.839329259024136,3.1246029170385072,0.38690997449381265,0.76763907553185
25.601,1.7149590819292198,4.839467288090694,-3.1209227415439647,0.406520493715623,0.8638350234897438
25.651,1.6856054364844149,4.838425702069945,-3.089525591396705,0.7195297031641589,0.5268284004388163
25.701,1.6498418803963304,4.836250495923621,-3.0639009045640813,0.739115165532416,0.6229309130334669
25.751,1.6247952191492285,4.834068341892034,-3.0364467991304647,0.3567561276739526,0.5558790950715634
25.801,1.6072288023889665,4.831958615384274,-3.009362563162305,0.37625461795515464,0.6515977192888027
25.851,1.5763651858102472,4.827386121274645,-2.9851748256976833,0.8005429591826204,0.42757610709302263
25.901,1.537033225401882,4.820780340422862,-2.9644963513767273,0.8199127181986811,0.5226568360348819
25.951,1.5129106342825533,4.816198804318726,-2.9434620711580215,0.2831865651786006,0.40727625901510456
26.001,1.499228975868237,4.813146087524443,-2.9237953043543885,0.30240619046234724,0.5016570746337168
26.051,1.468420771814188,4.806096908928238,-2.9034459552524514,0.862759618341675,0.40223572159399285
26.101,1.4266481249097667,4.7961370483758445,-2.882975454638611,0.8841263631363252,0.45425899574310946
26.151,1.402558458285509,4.789743347074958,-2.863148888410745,0.2552617451291943,0.36388325752420597
26.201,1.3905254171615888,4.785916158011488,-2.845635630261104,0.27410910534259203,0.45645222041702116
26.251,1.3607766374930588,4.776809281576717,-2.8269897288064203,0.86438184308449,0.38160222413120354
26.301,1.319705711129878,4.763954896958959,-2.807909617831396,0.8890913730463502,0.38160222413124056
26.351,1.3010177676158383,4.757610527305075,-2.7928699125352185,0.08320241008567107,0.22526094727434698
26.401,1.2973890576312324,4.756020150555536,-2.782005511708094,0.09241291381987744,0.35321916288691246
26.451,1.2713098225239736,4.746251641367856,-2.767478053064009,0.871406047512467,0.3325982234871439
26.501,1.2307747668011588,4.730797628770002,-2.7508481420429516,0.896818057401563,0.33259822348718066
26.551,1.2130615294597904,4.72361328374032,-2.737961727536498,0.05662837319029246,0.1909108215521183
26.601,1.210652224341463,4.722318153761476,-2.7292019672366097,0.0656410578189025,0.3189419611464905
26.651,1.185336955941629,4.711272158911084,-2.716919994146875,0.880485773247659,0.2845553952459152
26.701,1.1452435610161533,4.693561608222145,-2.7026922244805816,0.906424108181993,0.28455539524595175
26.751,1.1312547910626736,4.687395615073655,-2.691887439696822,-0.07548975899712962,0.15521266258101246
26.801,1.1343491372113126,4.689258769589615,-2.6844586932260674,-0.08872839038856313,0.26244687134199535
26.851,1.1115067263892053,4.678270084389292,-2.6740037707781,0.8909791032158056,0.24392486942845723
26.901,1.0717625409751237,4.6585842776106965,-2.6618075273671473,0.9173123394728893,0.24392486942849356
26.951,1.0577863395114981,4.651679729311184,-2.6522465826320696,-0.07292468182873015,0.13789347175256375
27.001,1.0606722948822367,4.653544772912571,-2.645378770513481,-0.08589963099058678,0.24405353178332162
27.051,1.0379274544624792,4.64145294499619,-2.636138222010942,0.9023740702289442,0.21144729671951282
27.101,0.998479095112243,4.619968138635539,-2.625565857214355,0.9290156812395709,0.21144729671954893
27.151,0.9840715882876384,4.612108676719948,-2.617621158326987,-0.05323990006215482,0.10592140067156977
27.201,0.9860679844113579,4.613517828822871,-2.6123579309882095,-0.06520307470577785,0.21391590507775718
27.251,0.9641262100987292,4.600881591461795,-2.6040905573035347,0.8745445099839987,0.20076013577891155
27.301,0.9266029475699274,4.578824045797345,-2.594052550548302,0.901417590139264,0.20076013577894744
27.351,0.9126349025624194,4.570582114859514,-2.587012699308362,-0.04162386586253056,0.08049553079299376
27.401,0.914103558355804,4.571705362257085,-2.5829593743363772,-0.052567181304861044,0.1923278244975281
27.451,0.8942470717005911,4.5594833174792795,-2.5758710780130962,0.7997652185073894,0.17739339478087707
27.501,0.8605292219569487,4.538364002542847,-2.5670014082973096,0.8268189833431858,0.17739339478091262
27.551,0.8477421404569923,4.530333579556443,-2.5610133410373694,-0.029646779243148506,0.057286972282367385
27.601,0.8486818442135797,4.531133466829277,-2.5579775250514944,-0.03945363631781174,0.17453676915635724
27.651,0.8308491702481402,4.519535946388974,-2.551235571112832,0.7233205754153624,0.17910024968429206
27.701,0.8008545472630914,4.499695931706333,-2.5422805586525534,0.7505148320310279,0.1791002496843273
27.751,0.7892492282334389,4.491999208337674,-2.5364630495034612,-0.017606257674075768,0.05049574891538365
27.801,0.7897326981130092,4.492485310756344,-2.53392744314933,-0.026223559950247076,0.17279379808707307
27.851,0.7735426353953824,4.481388423800743,-2.527642517246629,0.6609537647921234,0.1697121118062187
27.901,0.7465881720805164,4.462623155509015,-2.519156911676683,0.6882669295271517,0.1697121118062537
27.951,0.7359866019948508,4.455180283103566,-2.5139257216258093,-0.007923642420788739,0.03303263903179661
28.001,0.7361733806740145,4.4553879656244595,-2.5119950758863916,-0.013036588050815954,0.16091736709080323
28.051,0.7213437694823345,4.444707921772968,-2.506400625373887,0.610246938293749,0.15512212369370149
28.101,0.6968477469921188,4.426862246223012,-2.498644519204752,0.6376541874704145,0.1551221236937363
28.151,0.6870487596787197,4.41962470438024,-2.493930279627073,0.00023205482472432696,0.01962593424573169
28.201,0.6870445043840526,4.4196214827604905,-2.492306586581132,0.00023205489973409255,0.15440411887475258
28.251,0.6735408373730684,4.409451194381596,-2.485971648525857,0.5601895147574825,0.18421044865539538
28.301,0.6514225613504034,4.392604372471461,-2.476761126119131,0.5876760061361855,0.18421044865542996
28.351,0.6320027118544744,4.377352935761445,-2.4448292626832173,0.4489395213330838,0.9298752970086355
28.401,0.6150088212629764,4.3628493421112875,-2.3990905532814937,0.46276637743652405,1.0292220928098128
28.451,0.594670747858981,4.3435238859012655,-2.352579471475764,0.6318505903514877,0.9439679678336041
28.501,0.5727306861343925,4.320931242625542,-2.306189074562767,0.6595983921393767,0.9439679678336365
28.551,0.5550985508902265,4.301236650798113,-2.2654027422082965,0.45397876209953136,0.7563167863434752
28.601,0.5406750766610314,4.283976828114106,-2.227704503281634,0.4742288639092866,0.814608727013544
28.651,0.5224185697343298,4.25955136886619,-2.189015852957363,0.7123657409562691,0.7828538529733708
28.701,0.5024345043082933,4.230306976857791,-2.1499137983305996,0.739720529700383,0.7828538529734002
28.751,0.4875825143835117,4.207048125264048,-2.116107191235706,0.4425930597680138,0.6041624150371645
28.801,0.47626389649679574,4.188224209509411,-2.086299234551648,0.46444265761975695,0.6569189591079557
28.851,0.4608105666782609,4.159841406196299,-2.0586686462436483,0.779962863315166,0.5201321766858907
28.901,0.44329636022564317,4.125213546152771,-2.0326620379956655,0.8064745725707954,0.520132176685917
28.951,0.4311264113836145,4.099954861630478,-2.008462879313668,0.41274578133464696,0.4536876544144296
29.001,0.42259839056154835,4.081342584840558,-1.986176529268556,0.43465677116605533,0.5067770736053965
29.051,0.4095186550442218,4.050214429789364,-1.9652031040797324,0.8481193350941874,0.3984146319381313
29.101,0.39408374145781955,4.010915623125244,-1.9452823727463324,0.8737530037695417,0.3984146319381547
29.151,0.3842818317960679,3.9848823746678144,-1.9270165656949971,0.35996786761671806,0.3368775614837275
29.201,0.37820216635100956,3.9680924223757783,-1.9108028089283235,0.38172771194437405,0.3901273343214655
29.251,0.36699116505411,3.934711900695581,-1.8948603550189942,0.9309991883828731,0.31596065444491883
29.301,0.35310111271892664,3.8904688690988722,-1.8790623224281742,0.9558248255006425,0.31596065444494026
29.351,0.3451474353257725,3.86456997314047,-1.8656648849707567,0.28100769737530373,0.22308397697033192
29.401,0.34106549522374546,3.851302603835934,-1.8548082840094897,0.30061714772757553,0.30326433157569355
29.451,0.3319910299473882,3.8184822625989874,-1.8429427313793871,0.9457338827941627,0.24796457614252196
29.501,0.32024513469505783,3.7728551878907606,-1.8305445026357858,0.9698839618212495,0.24796457614254175
29.551,0.31377514427485204,3.7472183811794557,-1.8206846051213468,0.24924775786030087,0.1527160650806366
29.601,0.3107797684610623,3.735291542470948,-1.8133566312689888,0.26931942552970745,0.2276308395446282
29.651,0.30322956097390136,3.70266588629112,-1.8041271806124715,0.9480912765212854,0.20698218448045388
29.701,0.29325990489865167,3.6564926186968023,-1.793778071425395,0.971694195539831,0.20698218448047245
29.751,0.28760452470427134,3.629758811802907,-1.785315865881984,0.27709769537211554,0.13396212722616813
29.801,0.2848387392489689,3.61634969193081,-1.778879604182845,0.2974378460576065,0.2038992518960522
29.851,0.27832366926085644,3.582837045786927,-1.7712094206264644,0.9512644177105167,0.16728862997005803
29.901,0.2698638953175759,3.536197978801732,-1.7628449891474667,0.9743753178670096,0.1672886299700754
29.951,0.2651906984852189,3.5097288363451584,-1.7563632636179651,0.26007075280913394,0.09355449927677813
30.001,0.2631126069344643,3.497061535551245,-1.7517234948453235,0.2806445840895448,0.15675660513306236
30.051,0.257595504132138,3.4635891125036857,-1.7453265910554436,0.9554907833235801,0.1493394317386209
30.101,0.2503302658954936,3.4165317320404283,-1.7378596194823908,0.9781975957211588,0.14933943173863742
30.151,0.24634677614377637,3.3897900063805095,-1.7323243005297766,0.262381461577248,0.0773210692651584
30.201,0.24464768378276378,3.3769416918671356,-1.7285865610331452,0.28315034995323024,0.13190548913797426
30.251,0.23991029225511265,3.343158191448869,-1.7233093398070751,0.960220499712656,0.12437708641412452
30.301,0.2336581370016643,3.295714045812499,-1.7170904854943865,0.98257141684295,0.12437708641414044
30.351,0.2302389419546119,3.2687522065172447,-1.7124658400450652,0.2638820081148428,0.06501358923516583
30.401,0.22883046627534584,3.2557887383971815,-1.7093855500810298,0.2846310900595137,0.11598212203753736
30.451,0.22473951466679445,3.2217297283636577,-1.7043857029993847,0.965546267542325,0.12383930022407458
30.501,0.21937445825958266,3.173906291245677,-1.6981937379960939,0.9875829987866327,0.12383930022408982
30.551,0.21640060139100792,3.14599047510236,-1.6937949296587889,0.2901561259669976,0.058687101903850444
30.601,0.21514306214577145,3.131687922789933,-1.6910618794812151,0.3109151483366996,0.10418822319244936
30.651,0.21162392244997263,3.0968766399318475,-1.6866710619296907,0.9708447663873639,0.10838652993843259
30.701,0.20708785363347126,3.048698866088759,-1.6812517354380745,0.9925800273311836,0.10838652993844722
30.751,0.20458928912843924,3.020620673106939,-1.6774975232787905,0.29046029454884836,0.04798564873969891
30.801,0.20358509298509805,3.0062804485105428,-1.6753078261892749,0.31109715225420953,0.09257292174393275
30.851,0.20060446274267313,2.9712415590455166,-1.6717632510340026,0.9765438406107154,0.08735172527129242
30.901,0.19676239023108388,2.9227156241487573,-1.667395664773214,0.9980200075544957,0.08735172527130658
30.951,0.19469571976081107,2.8952616430240954,-1.6643955557280459,0.2647718635075086,0.03648057175570121
31.001,0.19396505185732604,2.882190768791052,-1.6627592037577896,0.2851967007575922,0.08584494121066424
31.051,0.1914425142781568,2.8474424071671427,-1.659531945330627,0.9828512870818414,0.08394142605278963
31.101,0.18817911344680327,2.7985562081905995,-1.655334874030451,1.00411141388021,0.08394142605280339
31.151,0.1863781731620223,2.7702177600719913,-1.6524750591076989,0.2893731586949935,0.03405880816949733
31.201,0.18570760406778308,2.7559115940276593,-1.650960267606756,0.30968796288267997,0.08414189246515491
31.251,0.18354842988753775,2.7204545442558405,-1.64751803813684,0.9892365497313897,0.0928461164689934
31.301,0.180857627850419,2.6712111721836567,-1.6429305924078919,1.0102815977554462,0.09284611646900673
31.351,0.1794045228709,2.6430414215481677,-1.6401533997863211,0.2788294719534513,0.026043491514828168
31.401,0.17891850522562014,2.629254617388648,-1.6390019577557953,0.29899067036159926,0.07981415700273686
31.451,0.1771623765823303,2.59379864103562,-1.6358015256102492,0.9954906860423072,0.09186523319103998
31.501,0.17497689443344716,2.54421306369599,-1.6315635712793037,1.0163228634831112,0.09186523319105286
31.551,0.17398879509658724,2.520964320034119,-1.629265518099516,0.1100692882739775,0.006020236842076322
31.601,0.17385565896475855,2.515606422502357,-1.6286316631707545,0.12991946985519723,0.07865181725187848
31.651,0.17253423764495462,2.4833126375283805,-1.6260222025024325,1.0020349677632034,0.08100260903831932
31.701,0.17077746619956422,2.433380642894055,-1.6225196894496108,1.022687348635388,0.08100260903833187
31.751,0.17006367372577885,2.413063567515421,-1.6204895024849233,0.005977302722848609,-5.042841144661402e-17
31.801,0.17004252403165068,2.4127488754844206,-1.6198460995704052,0.02561672446008235,0.08333946868506253
31.851,0.16899587979624459,2.3822685239372805,-1.6174038448482628,1.0090078692890974,0.06897015000466254
31.901,0.16755970195869782,2.3319804481995745,-1.6143523424905446,1.0293829188350663,0.08156983003483584
31.951,0.16696842110596152,2.311355605556268,-1.6124654873863016,0.012799529457583192,-1.0062436994747891e-16
32.001,0.1669454621451988,2.3108158590647996,-1.6117943271682915,0.03243926350901459,0.08501130518408906
32.051,0.16612088926341753,2.281746306302896,-1.6096831588462532,0.9585741332795066,0.054644694537571384
32.101,0.16501544951082273,2.2339746148594637,-1.6072661521798957,0.9786920138143558,0.08413693322944066
32.151,0.16454681044164415,2.2141614758194947,-1.605583298649803,0.019832139344178518,-1.59181695602552e-16
32.201,0.16452287626650208,2.2133162393556485,-1.604874646315653,0.03946851215104545,0.08727467015492485
32.251,0.16389660853363974,2.187122292495326,-1.6031343071461999,0.8584414060301483,0.04106603300865543
32.301,0.16309779829612092,2.1443537345213066,-1.6013306016065236,0.878359276761069,0.08786895052036003
32.351,0.1627422916165452,2.1263250020332647,-1.599687260824561,0.027112437838537038,0.0024663299521992792
32.401,0.16271600969193847,2.125117385017728,-1.5987950791472303,0.04671171381459801,0.09738652150888066
32.451,0.16218367079047308,2.1005812551224077,-1.5968813432704752,0.7983584120750647,0.03722353469024266
32.501,0.16151739277247304,2.060817805528369,-1.5950539093837939,0.818079633909154,0.10955028878004186
32.551,0.1612240341429039,2.043778266392669,-1.5934742164015472,0.03418945094688085,0.0005788010372019197
32.601,0.16120178576617825,2.0422156210001714,-1.5926835287125103,0.05380665236033843,0.09196534468206793
32.651,0.16088097868033166,2.0205321323777103,-1.591312131734345,0.6984118463428417,0.021432850471329257
32.701,0.1605305383301455,1.9857607195140987,-1.590227780376323,0.7181169949778282,0.09163496935001025
32.751,0.1603552599154182,1.9704976024819234,-1.5888508487060395,0.04155814071618997,0.0018381255619998264
32.801,0.1603340248421434,1.9685670753758766,-1.5879751126156143,0.06116041264604415,0.09655620500712894
32.851,0.16011190490197502,1.9486366690741614,-1.5866779490726814,0.6350388541883879,0.01432631350374931
32.901,0.15988851745332774,1.9170326019589043,-1.5857774584406072,0.6547027326288941,0.09011515733244105
32.951,0.15976953113751727,1.9028160648980152,-1.5845107926370843,0.04889968833793944,0.000911339685798833
33.001,0.15975211576860804,1.9005181084367635,-1.583676073686423,0.06850549300377916,0.09438413465419951
33.051,0.15960727145351433,1.882106011041839,-1.5825142020074359,0.5795075711960654,0.00798297109307406
33.101,0.15947381256574103,1.8532775910627286,-1.581762525968911,0.5991489604837461,0.08634102945741118
33.151,0.15939792623529556,1.8399512963740727,-1.5806641512645907,0.056231982472461896,-1.1710424296925856e-16
33.201,0.15938470455634993,1.8372865439578498,-1.57993558438572,0.07583868680831403,0.08858284746923431
33.251,0.15927977653327072,1.8194394144492638,-1.5786632186577543,0.5557920287961882,0.007643487458257376
33.301,0.15918695875918962,1.7917971823476726,-1.5777477700172862,0.5754020622152525,0.09726811931396462
33.351,0.15913726544202067,1.7787288369245935,-1.5766059807809072,0.06345179769991925,-3.318699481888053e-17
33.401,0.1591292194572454,1.7757031834183274,-1.5759171473547104,0.08305444209162137,0.08627262774225314
33.451,0.159155343298479,1.7423746980746415,-1.5494869672230362,1.0670098321887704,0.8583129045793274
33.501,0.16093578674479478,1.6892028350859396,-1.5072893173249966,1.0866495779357208,0.9545177744028037
33.551,0.16251092726262747,1.665611789478855,-1.473005466341734,0.07758627011561661,0.5569803289936713
33.601,0.16291678242055277,1.6617989023842958,-1.446121639898878,0.07758776068735641,0.6974705100323418
33.651,0.1675708741098414,1.6290098626020886,-1.4181295518567907,1.050916664406278,0.5535104507796653
33.701,0.17608997989026218,1.577305731751062,-1.391156039299812,1.0703078039248843,0.6486557355235946
33.751,0.18080578224962798,1.5523938386363627,-1.3642398564008138,0.1449258143686567,0.5128280699565035
33.801,0.18243963881696454,1.5454553686165788,-1.3393967636935198,0.15451999395968952,0.6387716998316101
33.851,0.1906363630381294,1.5122031194594554,-1.313122005200785,1.0429939431101376,0.5312811125465849
33.901,0.20384944680338726,1.461966264027458,-1.2860947586280063,1.0644605461410381,0.58349437390893
33.951,0.20995884331668274,1.4406221699693111,-1.2642183381636705,0.045866829393952244,0.3350615767348794
34.001,0.21080237323631576,1.438557226303724,-1.2484268880184781,0.05521029908044576,0.462695589701132
34.051,0.22094099558487953,1.4083485441400454,-1.2274814662241693,1.028755466724896,0.47918904801974577
34.101,0.23788234703415237,1.35998068878351,-1.2035220142816483,1.0538213316109974,0.4791890480197827
34.151,0.245609215648956,1.3395462794480213,-1.1862345695621856,0.04238671955397734,0.2418479592104649
34.201,0.24658102065970602,1.3377267727928144,-1.1751024643005141,0.05147118423619577,0.36989775878462444
34.251,0.25883144867331387,1.3084567175104747,-1.160016921096945,1.0265686362588495,0.3458810341636726
34.301,0.2789493700932837,1.2614454611505868,-1.1427228695611722,1.0523711176752772,0.34588103416370924
34.351,0.2879450677571808,1.2415313165519577,-1.1292804024259557,0.04399767153559558,0.20259575903626517
34.401,0.2890794377140153,1.2397077501650469,-1.1201074963420943,0.05285807593581382,0.33045200226602045
34.451,0.30266013870655817,1.2117079252537324,-1.1076764889577415,1.005105240379365,0.2834984367806683
34.501,0.3247543475419215,1.1667893271627041,-1.0935015672136443,1.0314008465968016,0.2834984367807046
34.551,0.3345977749856798,1.1476442011693422,-1.0830352247890604,0.04857237545250404,0.1391421512978497
34.601,0.3358803611007795,1.1457569167798056,-1.0765038649549832,0.05722964858647354,0.2665315713069502
34.651,0.3494156331355625,1.1206634841694039,-1.065318331817154,0.9161198288797063,0.2784577291380206
34.701,0.3712745507130554,1.0806369295379536,-1.0513954454502137,0.9427631539952244,0.2784577291380567
34.751,0.38110009434458647,1.0633839255766668,-1.042202727390167,0.05167030788210884,0.10264422745778257
34.801,0.38247286342090653,1.0614568272500449,-1.0371091886642034,0.06360383268959295,0.2105438073410853
34.851,0.3953638366016487,1.0395956961005817,-1.0292624604157177,0.8100889678870447,0.18890182738526823
34.901,0.4159028516074392,1.0049184259446053,-1.019817369074539,0.8369888876666628,0.1889018273853041
34.951,0.42522408362644554,0.989649480498918,-1.0126267683887094,0.05504664632815212,0.1055366240806391
35.001,0.42671922982019467,0.9875416527541457,-1.0076955028357635,0.07227277442592894,0.18316019623609175
35.051,0.43948382632787697,0.9672687102144429,-1.000091577407589,0.7594917674593648,0.1842303378158993
35.101,0.4596884280252134,0.935354783386156,-0.9908800605428465,0.7865753007185858,0.18423033781593479
35.151,0.46898194371104013,0.9210779365728227,-0.9844226560224442,0.0601011467389092,0.08460720908081605
35.201,0.4706563254647927,0.9187982363461836,-0.9804249687783299,0.08184984477051055,0.13710724131364352
35.251,0.48244647957996123,0.9011306810093609,-0.9750346300090738,0.6656525277738082,0.12313813153786271
35.301,0.5008088173102676,0.8736159264080634,-0.9688777234399586,0.6928747071896564,0.12313813153789793
35.351,0.5094497178627647,0.8608355797413786,-0.963951229071396,0.06855412105989783,0.07887488641779174
35.401,0.5112785701749655,0.8581547252871415,-0.9602132060936154,0.09277110258090934,0.10753441272331865
35.451,0.5229552668245744,0.8413046497742072,-0.9556545152042812,0.6352820240750432,0.09995487790251176
35.501,0.540984566494542,0.8154014596711834,-0.9506567713133146,0.6626001716440905,0.09995487790254681
35.551,0.5495841058674118,0.803002848054179,-0.9470332605224309,0.07706949704356733,0.054594508116452424
35.601,0.5515171130650129,0.7998940447748636,-0.9443412265040849,0.10442679565550182,0.05459450811648732
35.651,0.5625389706352035,0.7843585468932533,-0.9413603106104221,0.5812033460636685,0.06335770394295902
35.701,0.57934715598153,0.7609036537896093,-0.9381924254143321,0.6085856598010831,0.06335770394299384
35.751,0.5876900168591941,0.7491937968124329,-0.9356753696803822,0.08946598775863882,0.04166338852312334
35.801,0.5900326260131475,0.7456187155425341,-0.9335922002545253,0.11687218635535856,0.041663388523158124
35.851,0.6004501126002416,0.7312467225274691,-0.9319419763934553,0.529722589939498,0.02723186969255577
35.901,0.615942221672925,0.7100168680792133,-0.9305803829089094,0.5571441042049879,0.027231869692590463
35.951,0.6239955604171574,0.6988903970494931,-0.9297290423580494,0.10236202914869322,0.010223438568146549
36.001,0.6267504297439891,0.694816794971285,-0.9292178704296447,0.12979241034239808,0.010223438568181226
36.051,0.6365469930675205,0.681391508613095,-0.9291301583904596,0.4834254757605434,-0.0038918910725819285
36.101,0.6507071040954918,0.6620552586496705,-0.9293247529440862,0.5108582374725662,-0.0038918910725472544
36.151,0.6584580133239127,0.6513598243854608,-0.929979092054124,0.1156759471106371,-0.019216709620170944
36.201,0.661607251502329,0.6467499590351851,-0.930939927535101,0.14310533649297125,-0.01921670962013626
36.251,0.6707772254334389,0.6340959014413611,-0.932331664157929,0.4414691033479959,-0.03358008101777029
36.301,0.6836134026082316,0.6163901680482782,-0.934010668208658,0.46888904099225914,-0.03358008101773556
36.351,0.6910466162594283,0.6060037633133754,-0.9360378366622367,0.1290960358931663,-0.04518556111730119
36.401,0.6945557426141771,0.6008269941897807,-0.9382971147177165,0.15650073993414873,-0.045185561117266425
36.451,0.7030885451929451,0.5888176453525297,-0.9409914069076586,0.4026733077539348,-0.059686032276098096
36.501,0.7146119209069246,0.5725567046530662,-0.9439757085205757,0.43005713380735744,-0.05968603227606327
36.551,0.7217047842217283,0.562394770620251,-0.9471484907685362,0.14229563892693567,-0.06596872011707089
36.601,0.725525273103814,0.5566314029342883,-0.950446926773192,0.16965245727439615,-0.06596872011703597
36.651,0.7328020418710258,0.5460398109029231,-0.954134481395989,0.3311402254858201,-0.0789393407388554
36.701,0.7420241620792558,0.5325333352322439,-0.9580814484308798,0.35846524819574443,-0.0789393407388204
36.751,0.7483502452053041,0.5231198827024846,-0.9624762778532381,0.15494414499416564,-0.09386808701569783
36.801,0.7524205197521432,0.5167630984360049,-0.9671696822005751,0.18222936160144088,-0.09386808701566278
36.851,0.7597286668760652,0.5056933273464799,-0.972506774343436,0.33650778892248867,-0.11532434692539707
36.901,0.7688209176027975,0.4917757929242667,-0.9782729916833133,0.3637427997942287,-0.11532434692536189
36.951,0.7751881249076172,0.4818328689554716,-0.9844983601006596,0.16686870866250386,-0.13062938289895493
37.001,0.7794142547729983,0.4748683717414607,-0.9910298292363187,0.19403986954925712,-0.13062938289891957
37.051,0.7854998092895178,0.4650258756541436,-0.9979512980790387,0.27210966082702126,-0.14362937319551314
37.101,0.7924563188662911,0.45356460470225035,-1.0051327667264671,0.29920476602125645,-0.1436293731954777
37.151,0.798018059712553,0.4442453942821093,-1.0129990368634643,0.17772632523706766,-0.16898753169565542
37.201,0.8023396369644183,0.4366752768249656,-1.0211799817908334,0.20473036469054362,-0.1689875316956198
37.251,0.8078373014191951,0.42707129680467987,-1.0302499335399966,0.24767275425561347,-0.19312922531817248
37.301,0.8137430421367835,0.4164083030204554,-1.0399063947758893,0.27456508932318563,-0.19312922531813662
37.351,0.8189815014113216,0.40705434651900274,-1.049579888556593,0.19031643713083368,-0.18937891416642327
37.401,0.8235267275327847,0.39889471019417183,-1.0587847950168847,0.2138686521442006,-0.22412133523496103
37.451,0.8290931470442005,0.3886709075110241,-1.0700392657145459,0.2590967481014999,-0.24695397107697625
37.501,0.8350521282523863,0.3773588582182742,-1.082061974798907,0.28309731183104075,-0.27627054935839296
37.551,0.8402458779055728,0.36741818987934566,-1.0950416782661616,0.19903014018072118,-0.2662946794710523
37.601,0.8447083652434371,0.3587076597629123,-1.1079578673504082,0.2209429272387266,-0.3193405424200475
37.651,0.8494024053457815,0.34944776569405156,-1.1225353628854031,0.21202480594883746,-0.2996674938100074
37.701,0.8540952447309448,0.34012359689461413,-1.1371113125218963,0.231509492340633,-0.37191289493750723
37.751,0.858746731582674,0.33070174174560346,-1.1540697148170225,0.20718764831373654,-0.35855195435576137
37.801,0.8632539855034786,0.32151606229361324,-1.1713263829879532,0.22511203404381822,-0.446452956778034
37.851,0.8675755432621584,0.3120362737211096,-1.1920805119212752,0.2074548456005328,-0.44565761547689026
37.901,0.8716871438621447,0.3026558931579222,-1.2136721194277986,0.22566865611292286,-0.5349649620204079
37.951,0.8755842497138338,0.29284742755690396,-1.2389972292123332,0.2114210171243447,-0.5416976618068173
38.001,0.8792331846303463,0.28311287982527317,-1.265535718801861,0.22875476631874206,-0.6373804417262524
38.051,0.8825103878691514,0.2731087335958629,-1.295430802327603,0.21107444074318274,-0.6182277863043091
38.101,0.8854343635182653,0.2632302309490835,-1.3260509999740646,0.22150128901806218,-0.7419084740031608
38.151,0.887967269169974,0.253207177050561,-1.3611073396339515,0.20627776140413132,-0.7347235970261767
38.201,0.8901122509725417,0.24324603892809746,-1.3970880777288108,0.21586985319471633,-0.8609010235896563
38.251,0.8918070474580491,0.23336235662005558,-1.4378136531842212,0.19728617906992718,-0.8528588267659563
38.301,0.893063937229595,0.22365472967992087,-1.4795693793408633,0.2070082163951635,-0.9770135014228292
38.351,0.8938381055334792,0.21419570016997203,-1.5242773393377538,0.18437280346359858,-0.910057474613546
38.401,0.8941728084924909,0.20497186716796623,-1.5687474296029444,0.19417124080202955,-1.0310546686262723
38.451,0.8940650702465216,0.19598371936382797,-1.6134249037307213,0.1737119807672199,-0.8758734133021137
38.501,0.8935836191204026,0.18753688596744952,-1.6565940642601096,0.17763614045716833,-1.0086975008872956
38.551,0.8927254439341891,0.17940856956296267,-1.7005795948897577,0.159760957422908,-0.86470838118243
38.601,0.8915331303258333,0.17158278679659134,-1.7428500002670542,0.16948572559071656,-0.9884432943235157
38.651,0.8899783963579082,0.1637695332422643,-1.7857693413082836,0.15823351675782665,-0.8444334911000432
38.701,0.8880977461270683,0.1561564468467264,-1.8270215513309351,0.1678147654287494,-0.9705266038221964
38.751,0.8860497852527809,0.1491867008083221,-1.8690426953560981,0.13584156320454768,-0.8276297591946185
38.801,0.8838411961755592,0.14283410484091527,-1.909456563514439,0.14521461484206663,-0.955141784054012
38.851,0.8813291601817335,0.13645564418321818,-1.950749566373479,0.13711546504982078,-0.8142699253805858
38.901,0.878545552389463,0.13025926427423343,-1.9905033151174298,0.14622210344296444,-0.9423133856896916
38.951,0.8758360255702484,0.12483994151277138,-2.031236939263983,0.10970488757667177,-0.8043231417452128
39.001,0.8731479737751806,0.12012439862836059,-2.070507054287106,0.1184886872774591,-0.932053449234078
39.051,0.870306121626309,0.11553634113235167,-2.1108487776133793,0.10587203895725253,-0.7977618660602046
39.101,0.8673172069068673,0.11123029727850739,-2.149810244492431,0.11428149141224447,-0.9243680331019275
39.151,0.8640807865148907,0.10688107453228837,-2.1900334263999306,0.10922050368192598,-0.798130956250711
39.201,0.8606298842451126,0.10270817910279247,-2.2290380812748,0.11720513289151392,-0.9228237291261009
39.251,0.8575673055846504,0.09892798407487828,-2.2687475010915077,0.08642598829565333,-0.7832489196594431
39.301,0.8547567187039317,0.09564575319103519,-2.306882224858095,0.08642906634110122,-0.9187463863473345
39.351,0.8520958776389863,0.09277594251616764,-2.3463014403231868,0.0728385890842637,-0.7807316273810616
39.401,0.8495200524561507,0.09020146485807858,-2.384317427434765,0.0728411670572073,-0.9167901507570464
39.451,0.8468139535789253,0.08770662169598686,-2.4237164912443188,0.07413328223608051,-0.7815387157776852
39.501,0.8439975172474738,0.08529702135501262,-2.4617860508274743,0.07413591306310915,-0.9173414271261158
39.551,0.8419792018235932,0.08369469653334458,-2.501449082440907,0.036480967814361276,-0.7896711336413217
39.601,0.840505209996502,0.08262032024990199,-2.5399448523935284,0.03648228964083469,-0.924399327773887
39.651,0.8384710325957598,0.08126287636828206,-2.580061283368996,0.05738614899690771,-0.7991354010871573
39.701,0.8363917126371265,0.07976062149137145,-2.6192607829271513,0.057388263711581025,-0.9319505029360301
39.751,0.8353811370405484,0.07906652240983124,-2.6584838951386343,0.008425262019964842,-0.760201188625697
39.801,0.8350383597212383,0.07887454285523716,-2.6955645837936593,0.008425544140250842,-0.8902807903967662
39.851,0.833686175355096,0.07808319270509281,-2.729648706613229,0.04888334006839299,-0.6171813926481163
39.901,0.8315895006577562,0.07694581977886117,-2.759545693507367,0.05786482896956339,-0.7451721548392429
39.951,0.8312532905423603,0.07673322634383144,-2.7870193309004097,-0.020354447569615405,-0.49239954815899983
40.001,0.8321884571743386,0.0770806975323749,-2.8106253839969604,-0.020354757136260147,-0.6245970223749115
40.051,0.8314144661040114,0.0767449056725288,-2.832603698773789,0.04046117222866037,-0.394893418799607
40.101,0.8296024365996986,0.07599915485842385,-2.8513961567905244,0.04979756639923603,-0.522595031628619
40.151,0.8295675611048159,0.07599459329974353,-2.868086537250893,-0.024377552432804227,-0.2823113074806756
40.201,0.830682239515061,0.07644523419049398,-2.8812086607566867,-0.0337555221354644,-0.4096415404491547
40.251,0.8303614022445748,0.07633995805936278,-2.893154960363514,0.027578641625863903,-0.20084589157177085
40.301,0.8291269858562651,0.075887861695458,-2.9022504610465982,0.03707788226664505,-0.32772390607123725
40.351,0.8291752579774535,0.07590890869124696,-2.9099059513352676,-0.019158577203427358,-0.1084805042670106
40.401,0.8299644438200419,0.0762272212315494,-2.914574708008162,-0.028696762403210195,-0.2350413126954395
40.451,0.8299308313146047,0.07622737087415818,-2.9188073467856266,0.013300596163415676,-0.044502249829034765
40.501,0.8294895455453533,0.07605509018959665,-2.9211246732991514,0.022858407332137513,-0.170877456961302
40.551,0.8294849707272013,0.07605111194553299,-2.922984912854939,-0.0020437926501441963,-0.002732914148410353
40.601,0.8296838848804997,0.07612054269689665,-2.92373460327254,-0.017689486769799485,-0.0989342236638362
40.651,0.8297825278397598,0.07615499243957174,-2.9241593160349644,-1.1091437394464671e-30,-1.1581777850188882e-29
40.701,0.8297817204400588,0.07615481407460092,-2.924209117724605,0.00020671664559369948,-0.03312009539692584
40.751,0.8297901040797672,0.07615741699067995,-2.924139709014515,-1.1398524919382715e-30,-1.158185132268888e-29
40.801,0.8297988889595151,0.0761601102234659,-2.9240453954499057,-0.0020803628107329193,0.042610098484386405
40.851,0.8297904103094051,0.07615833418669765,-2.9231980886191273,-8.055814540708608e-31,-1.0509607183399145e-29
40.901,0.829777540812326,0.07615519980810079,-2.922397771461659,0.0009033500349941766,0.11191947325098674
40.951,0.829808329542412,0.07616227552754709,-2.9198905980966634,-0.0017223035885128531,0.041261050430632384
41.001,0.829852762829158,0.07617327851069297,-2.917696662942443,-0.0017223045214820954,0.17894115369113958
41.051,0.829783600031991,0.07615699136455868,-2.9118809150560736,0.0031640548316794765,0.141905266649108
41.101,0.8296384165810766,0.07612078302762969,-2.9058007396442673,0.0031640614208749552,0.2793506091442888
41.151,0.8295685631045462,0.07610324838495237,-2.897540049894442,0.0003864805613495094,0.16912956226766412
41.201,0.8295498191577149,0.07609854920817866,-2.8901031431782758,0.0003864815655930952,0.3061070139975445
41.251,0.8293197275611901,0.07603821799369762,-2.8778147830000678,0.007671319322738349,0.2854102560512621
41.301,0.8289497534695316,0.07593701897174017,-2.8645521541762164,0.0076713655102137145,0.42171492259497084
41.351,0.8286693033630448,0.07585618929910305,-2.8495655235586397,0.004614675713844222,0.29774451907584837
41.401,0.828448566155338,0.07578901163294093,-2.8356758563489683,0.004614705192869436,0.4329651030620293
41.451,0.8279395805629457,0.07562440593770478,-2.8180837360047915,0.014754917220265487,0.3764805170357978
41.501,0.8272497273644368,0.07538672754613382,-2.8002360712590018,0.014755058980757086,0.5103823711600974
41.551,0.826704729718462,0.07518611771944958,-2.774789737677562,0.009826990012632458,0.5857755505794993
41.601,0.8262473996581725,0.07500649190830426,-2.7464489061801953,0.009827194343661446,0.7176811191774468
41.651,0.8255868307830484,0.07460567266824156,-2.717928984578223,0.018233818481580087,0.5482731751368045
41.701,0.8249159834557886,0.07403866236616555,-2.691470811493672,0.02716788891012241,0.6762434384700564
41.751,0.8242480124235173,0.07350830377106339,-2.6614047153496836,0.01642595483818666,0.625532744348201
41.801,0.8234030405810757,0.0729959635164213,-2.631169136228982,0.021847485288437957,0.7538863615377964
41.851,0.8221512382406583,0.07222715060663501,-2.5999790066805235,0.036800154836177316,0.6118402554078647
41.901,0.8206158336314984,0.07126581746166163,-2.5703835076167856,0.03681954630468655,0.7437588296306376
41.951,0.8192147923317541,0.07034616073969104,-2.5344709862642114,0.031319181291013354,0.7785354302179842
42.001,0.8179378389346004,0.06943981456532064,-2.496572295788257,0.03132028528470373,0.9123414335693114
42.051,0.816396394363772,0.06824520089067529,-2.455137707361198,0.044128097848467815,0.8513520577973354
42.101,0.8147055012118809,0.06682790409423704,-2.413599345138216,0.044129933271258484,0.9866915567199106
42.151,0.8130605071310515,0.06532014312677197,-2.3684944908132968,0.04496576231168764,0.9249091341951543
42.201,0.8114705985579684,0.06373063780459542,-2.323269727814515,0.04496794913102977,1.060960537373226
42.251,0.8094327056527062,0.06147582986341917,-2.27461458412419,0.07133607609143705,0.993995339213746
42.301,0.8071605732683002,0.05872662249378012,-2.2259151582215164,0.07134004481083536,1.1296761208504316
42.351,0.8052609592400412,0.056177173363771836,-2.1739556843435164,0.05842668754972779,1.0579018997412841
42.401,0.8036379124301801,0.05374841504207969,-2.122027064488901,0.05843034154996051,1.1918674385253978
42.451,0.8016249028681816,0.05060078601860823,-2.0668361896952474,0.08492064154805329,1.1221896757637166
42.501,0.7994609402039415,0.047018408417907574,-2.011699844494549,0.09354599995360975,1.2493596785117425
42.551,0.7978028810375187,0.043819150506512534,-1.954282863969386,0.06264134512179949,1.1555537154984894
42.601,0.7965126140735473,0.04099982674701848,-1.8974830526476907,0.07173480994524992,1.2836015304630912
42.651,0.7949322375938167,0.03623407779795931,-1.839085004360977,0.11850291794915771,1.1698939107685138
42.701,0.7933332589031594,0.03046543361908103,-1.7816721763828394,0.12796197357242267,1.2971661657942821
42.751,0.7923746400946263,0.025642209434195075,-1.7236297855826397,0.07865255791135298,1.1500780279571743
42.801,0.7918355221879447,0.02174699891702826,-1.6672019602654478,0.07865834181449163,1.2894084000483108
42.851,0.7914022083209238,0.01591288306914165,-1.609360366845858,0.14258284747449781,1.1502775453802137
42.901,0.7912363782323606,0.008786188229024508,-1.552909483659751,0.1425933449685772,1.2912530359681345
42.951,0.7914003331699515,0.003569052411644648,-1.4980327707153533,0.07894624445536273,1.050820685363074
43.001,0.791742018531732,-0.0003632058703633708,-1.4465305022329993,0.07895114901096861,1.191625672016338
43.051,0.792696156929868,-0.006681748009553788,-1.3919689337104475,0.15678387599016502,1.1111675777929657
43.101,0.7942975458292106,-0.014283505281051635,-1.3373869792460324,0.16643892712392214,1.236332735614763
43.151,0.7956997342347488,-0.01965284785292301,-1.2842473184431182,0.07994533900166399,1.021076254169989
43.201,0.7969015114516537,-0.023094358647149975,-1.2339094991031763,0.08130157199310331,1.1555205622859785
43.251,0.7993391920989124,-0.029163259341480237,-1.1863593863799304,0.1692030588158442,0.889254510082757
43.301,0.8027788912548461,-0.03682338562382721,-1.1428555450181292,0.17829573969847937,1.0173020008003282
43.351,0.8053354587175248,-0.04182365726387041,-1.098769193942412,0.07355789937338464,0.8660880529416223
43.401,0.8072477819650326,-0.04490285270935658,-1.0564072168487417,0.0822897632371643,0.9937085698967834
43.451,0.8110328967444791,-0.05086445316901943,-1.0129350895009122,0.18546421572313906,0.8609133503221433
43.501,0.8162546049278163,-0.05846192790399309,-0.970808793950603,0.19378659807199058,0.9871653745175437
43.551,0.8199012683982632,-0.06344768807044127,-0.9308048627463583,0.08342121603344134,0.7455019042994787
43.601,0.8224243558541866,-0.06676065318355469,-0.8945486227142683,0.08342392906707397,0.8800521485271191
43.651,0.8268138741982016,-0.07180890819919648,-0.8581600210109134,0.16657013427636375,0.7071862381392197
43.701,0.8325561862637991,-0.0777747584962195,-0.823658405162339,0.17399027265591194,0.8285984614927917
43.751,0.8365164940450489,-0.08179849143214618,-0.7908609203492202,0.07748951819490296,0.6076594142188587
43.801,0.8392623213888992,-0.08453188712639494,-0.7614983027338085,0.07749125256593543,0.7437266693820296
43.851,0.8438785706179128,-0.0888270552579878,-0.733509015109273,0.15766116095789157,0.5184365700098126
43.901,0.8496817370155492,-0.09409308967238793,-0.7085219872224845,0.17040200945846753,0.621539421041413
43.951,0.8537798106305193,-0.09768460222592833,-0.6832710626838506,0.07615050360063268,0.48821061097934887
44.001,0.8565338993219035,-0.10007016651806272,-0.6595976054308209,0.07615165222191708,0.6236142715814698
44.051,0.8611260869692624,-0.1037723906068785,-0.6375478266032528,0.1488937730658797,0.39044962175628634
44.101,0.8669075354517851,-0.10825481921544317,-0.6186541805419613,0.157353507353863,0.51183994103243
44.151,0.8705246663463249,-0.11109361241655476,-0.5986722488772837,0.05360036439427541,0.3933997581679397
44.201,0.8725177566682126,-0.11281979571585592,-0.5799546198730633,0.06169662077813529,0.5184773875788968
44.251,0.8773104543267916,-0.11616178042816239,-0.5613046387081314,0.15993607509914545,0.34009358126614825
44.301,0.8837899534957008,-0.12046760907577783,-0.5443978070473731,0.16823370568185692,0.46611529373030697
44.351,0.8870799739154362,-0.12272606721744674,-0.5283236529299167,0.027247790351541106,0.28902771259050114
44.401,0.8880615736444147,-0.12362102136141466,-0.5148295854748404,0.03571180858222221,0.4157346623592784
44.451,0.8924717355459438,-0.12635600733631625,-0.5010199793826049,0.15300067486707167,0.2617181769267364
44.501,0.8989080537643418,-0.13018081354611696,-0.48831809006444804,0.17214858742356529,0.3329973977891354
44.551,0.9017824341621792,-0.1319662572548069,-0.47723598072955065,0.009665313179396225,0.18286801031707453
44.601,0.9020785479576763,-0.13238666240281424,-0.4690600952511236,0.0183703935245692,0.31036125076854043
44.651,0.9066630069371087,-0.1349054937882337,-0.45801252087512395,0.16556401514193897,0.24155092452377896
44.701,0.9138558843112936,-0.13866599441572128,-0.44634358454168727,0.18523978941145813,0.3117417034102576
44.751,0.9167911964546899,-0.14017535460797187,-0.43784623633082853,0.00012379207110754304,0.10977396197129581
44.801,0.9167935994799986,-0.140181359987675,-0.4332459900465251,0.0003225243602933313,0.23774646654043918
44.851,0.9211469640192103,-0.14222420805693753,-0.42518492879914804,0.15774935993238054,0.19137747994134957
44.901,0.9281607350370932,-0.1454668062720349,-0.41604766232323576,0.17853848931454216,0.2539216887862509
44.951,0.9307699576793133,-0.14659347664425676,-0.40990182434209016,-0.009164856127717362,0.057510431088618405
45.001,0.9304830983033061,-0.14635086430002212,-0.4072388303773569,-0.01815303682691021,0.18551967008340464
45.051,0.9345551390388065,-0.1480122361009109,-0.4012215800671954,0.14949006215715063,0.15198521577334362
45.101,0.9413215573893758,-0.15079987359183047,-0.39408788290575036,0.17135575677626771,0.20509303122109282
45.151,0.9434842915738854,-0.1515990190107196,-0.3896666944024748,-0.020817077568469657,0.03366327411317756
45.201,0.9427545313200492,-0.15116097163193143,-0.3879275613524982,-0.036827198547488525,0.1279667159486137
45.251,0.9470895058771749,-0.1526851202841706,-0.38365880635404565,0.16287729408912432,0.11156648309838314
45.301,0.954617401332688,-0.15532759126342457,-0.3783293205138238,0.1865639551114684,0.1379453969566255
45.351,0.9568897253907266,-0.15598529711831444,-0.37445806890788325,-0.02766971444999277,0.04149869935470065
45.401,0.9558458260756121,-0.15539930677645836,-0.37238607929033707,-0.04611454533479867,0.12607860921726893
45.451,0.959275840008637,-0.15649491034826174,-0.3687271013125671,0.13429189198265412,0.08691147191771188
45.501,0.9655011553654632,-0.1585297861597356,-0.3646187269153943,0.15757820203772643,0.11781535687098665
45.551,0.967259990218335,-0.1590318884079292,-0.3618916798812331,-0.025905284396820875,0.022307180768170332
45.601,0.9662305666432688,-0.15862453849723432,-0.3607045214515461,-0.04611217050569237,0.09171624116263527
45.651,0.9694112782557569,-0.1595533377176078,-0.3579806406387979,0.1235569136350993,0.07069316367484212
45.701,0.9752098577162279,-0.16119790896857958,-0.35473196456921513,0.1478415524911435,0.08518828694536854
45.751,0.9766847112587713,-0.16160488473859744,-0.3527152411357197,-0.028125308150293012,0.014878188095582551
45.801,0.9754683373827908,-0.16129946856617,-0.35198131372660674,-0.049940137069963066,0.06475155197683136
45.851,0.9779348682762037,-0.16197698648704142,-0.35012075159187633,0.10015365531932459,0.05055051283636885
45.901,0.9826647374631002,-0.1631355688720219,-0.34792583576650327,0.1246787909459811,0.06012964229667607
45.951,0.9832035804264411,-0.16333106337932815,-0.3464241890761883,-0.04407742719329694,0.015044251179113203
46.001,0.9811413841892082,-0.16300499136858249,-0.3457807313761193,-0.06781019160952376,0.036619700339842874
46.051,0.983384850216301,-0.16365518666727671,-0.3443537589558847,0.10342195225468669,0.040970637146422
46.101,0.988306059895935,-0.16475526117879472,-0.34263398038643617,0.12848805696213605,0.04097063714644394
46.151,0.9892311165905605,-0.16501806971625382,-0.3415076177422651,-0.03317793797565942,0.007802411082061525
46.201,0.9876858526704653,-0.16480191577791956,-0.3410756515865794,-0.05671986281676751,0.03180144924521586
46.251,0.9895962598339882,-0.16529092369248188,-0.34016424841871973,0.08416888690871008,0.026906541813492554
46.301,0.9936161508146715,-0.1660448467864046,-0.33914648849544254,0.10918518314162855,0.026906541813514366
46.351,0.9944231960992004,-0.16624456463103965,-0.33846452476586664,-0.024353137133478316,0.00046567869969471327
46.401,0.9932832194459833,-0.16610911598041547,-0.3382106101427539,-0.04806613091045488,0.021297206137669486
46.451,0.9944103821236233,-0.16634253343214234,-0.3377028369845085,0.05102728352640735,0.013164141170084026
46.501,0.9968535661625308,-0.16666643387158464,-0.3372747902105731,0.07567640367220888,0.01865911004884531
46.551,0.9969265922199109,-0.16668525122372604,-0.3369240332694271,-0.02752854000205398,2.579360336433091e-17
46.601,0.9956150904526391,-0.16654838981614536,-0.3367752645345239,-0.051675167682599374,0.01000147819698314
46.651,0.9964163024385653,-0.16670968179617385,-0.3364627530748786,0.04192028688824384,0.006905500275174695
46.701,0.9984303159793179,-0.16694412486619192,-0.33621446258100957,0.06655125878837839,0.012472326235266847
46.751,0.9982905201965845,-0.1669182964416632,-0.3359833740173256,-0.028829775606295144,2.5798807534758842e-17
46.801,0.9969106018079336,-0.16677673890528283,-0.3358738163421868,-0.05310760593743831,0.006928572218172092
46.851,0.9973894139588465,-0.16686585380508634,-0.3356753743467792,0.0316389456117706,0.0007414633004120294
46.901,0.99891156128268,-0.16702557291967396,-0.3355317659651264,0.05611454069456601,0.008707527351405474
46.951,0.9993536838860433,-0.1670810968473398,-0.33541510548321424,-0.0013968504541033155,2.2003909155878986e-17
47.001,0.999147693224811,-0.16705681961786037,-0.33537023236548413,-0.02232345136082787,0.008772163513548266
47.051,0.9995817628646076,-0.16710965250365264,-0.33529975610463464,0.014533741864714707,-2.115341599747948e-17
47.101,1.0002245618620222,-0.16717460248577856,-0.3352517182488405,0.037054633053671265,0.004434364488322039
47.151,1.0004595495604043,-0.1672007288121763,-0.3352148652053565,-3.458229393709457e-31,-1.2649157836087273e-29
47.201,1.0003995575575735,-0.16719438781013302,-0.3352020301237311,-0.012558320819763309,0.005331969357219878
47.251,1.000369561318124,-0.1671912174750956,-0.33519561291260713,-3.738356024384121e-31,-1.2647845820009857e-29
47.301,1.000369561318124,-0.1671912174750956,-0.33519561291260713,-0.00013198219735130007,0.003990932577291655
47.351,1.000363054342737,-0.1671907437347469,-0.3351946307398657,-4.027871473526799e-31,-1.2648651098810846e-29
47.401,1.0003565473610088,-0.1671902700019686,-0.3351936485738285,-0.00483587935885001,0.0037575977253406084
47.451,1.0003219853901077,-0.1671874827284363,-0.33518799509440855,-4.324308751284931e-31,-1.2647664315671301e-29
47.501,1.0002906767852549,-0.16718493238478446,-0.33518283282706846,-0.009332965476128916,0.003471125081590573
47.551,1.0002031718049953,-0.1671769560719024,-0.33517046393446326,-4.589092778061421e-31,-1.2649194392557816e-29
47.601,1.0001313206495406,-0.16717025534095925,-0.33516067649365666,-0.013604624571219316,0.003202693714194696
47.651,0.9999699644358029,-0.16715476582568303,-0.33514248186585543,-4.8615057907163895e-31,-1.2645371468180417e-29
47.701,0.9998445327602982,-0.16714262772072802,-0.3351291814697795,-0.017640941205507354,0.0029761137850626285
47.751,0.9995925996018241,-0.16711766429413386,-0.3351062937918409,-0.0006052232665441188,2.2898194309016344e-17
47.801,0.9994033804697786,-0.16709877125982303,-0.33509005702914324,-0.021433139315317453,0.0028150707554970567
47.851,0.9990652173427629,-0.16706409170943093,-0.3350636385199355,-0.003108097539410161,2.1169643605163723e-17
47.901,0.9988189991963665,-0.1670388611269727,-0.3350453392607748,-0.024239146477096976,0.0027368148047711566
47.951,0.9984483668204195,-0.16700044708496248,-0.33501761350916404,-0.0033165900092101248,2.1172846414736756e-17
48.001,0.9981970721967212,-0.16697465036220094,-0.3349990381849072,-0.024472465509912226,0.0027449717456968364
48.051,0.9978636153261791,-0.1669409748082867,-0.3349788033629507,-0.0015197874738761624,2.208690515396741e-17
48.101,0.9976550294592709,-0.16692019780587383,-0.3349678557305025,-0.02245752289877774,0.0018246054051898053
48.151,0.9975353492748216,-0.16690868904641137,-0.33496011323753677,-6.311825061453511e-31,-1.2646503617060078e-29
48.201,0.9975199625954901,-0.16690756828636197,-0.33495784460329214,-0.006866035821148187,0.002553341848020127
48.251,0.997094152706254,-0.16685983967283752,-0.3349414478491278,-0.010242064723318041,2.117821146468229e-17
48.301,0.9966263842261337,-0.16681267608123546,-0.334926185396187,-0.0322361689301201,0.0015262452940860288
48.351,0.9961202090716311,-0.16675909909335224,-0.33490151837189597,-0.004901732830368698,2.1181198198496824e-17
48.401,0.9958265043491843,-0.1667291053116931,-0.3348844838123424,-0.026248446939234577,0.0022483678987813976
48.451,0.9952075753479178,-0.1666592144500082,-0.3348518238506095,-0.01231747358100299,2.1184140936418866e-17
48.501,0.9946590592280153,-0.1666043279708624,-0.33482768266753155,-0.034561550039429415,0.0023871637478705965
48.551,0.9940986327281259,-0.16654454187883788,-0.3347967742387094,-0.0057519363103145475,2.138273991176168e-17
48.601,0.9937808972602614,-0.1665121993811085,-0.334777937082663,-0.0272004049410496,0.00238428004424715
48.651,0.9935887745027905,-0.1664933654475504,-0.3347717574499403,-7.739643030069057e-31,-1.2643813061731703e-29
48.701,0.993552266096466,-0.166490701349535,-0.3347749958638581,-0.010019799024614709,-0.0016192069588028962
48.751,0.9927934857192927,-0.16639452440651406,-0.334747994787518,-0.02115445257782795,2.1191293276837356e-17
48.801,0.9918205892550408,-0.16629969569865777,-0.3347193780313701,-0.04446606020570326,0.0020725792534419113
48.851,0.9914171729352274,-0.16625407173701554,-0.3347014590544931,-8.33461341302643e-31,-1.2644927571303608e-29
48.901,0.9914421228197715,-0.16625585602449636,-0.33469784721735724,0.00848984828391002,0.0021472956425254708
48.951,0.9907390357223951,-0.16616607905377725,-0.3346822390340697,-0.020368902673069473,2.1247162516647624e-17
49.001,0.9898077563921855,-0.16607541791094838,-0.3346684367377197,-0.04358382744287586,0.0009858783107104807
49.051,0.9892101284434485,-0.16601172380835288,-0.3346528759687614,-0.0004492613609251589,2.33733416098097e-17
49.101,0.9890242145770429,-0.1659933583381789,-0.3346442163479778,-0.021254801163304304,0.0014432701305820694
49.151,0.9881695776594958,-0.16588606124491856,-0.33461744206214633,-0.021821391503975544,2.120031852280872e-17
49.201,0.9871614295620762,-0.16578795990802228,-0.33459499758670647,-0.0452104807857095,0.0016031768171394234
49.251,0.9865710927569574,-0.16572472967837532,-0.33457698968589106,7.871689175717039e-21,5.092429212966539e-20
49.301,0.986423220405807,-0.16571054575356223,-0.33457020438225754,-0.019072715486711436,0.0012446882615290977
49.351,0.985620292564594,-0.16561068842718205,-0.3345618108450513,-0.02079253959211356,2.1204497854991058e-17
49.401,0.9846666369398175,-0.16551792571789445,-0.33455680982538644,-0.04405581299756675,0.00035721569034712075
49.451,0.984277201600907,-0.16547374602882328,-0.33455137341102886,-1.0108130069314565e-30,-1.2642621050140747e-29
49.501,0.9843084298959806,-0.1654759465536266,-0.3345484375065038,0.009320271838523603,0.0014679522624693048
49.551,0.9836350167565896,-0.16539077743105204,-0.33453949151358947,-0.019534427383218263,2.1205761394739372e-17
49.601,0.9827479663535809,-0.16530451228244966,-0.33453201347293765,-0.04264517598514063,0.000534145760882121
49.651,0.9822273553834524,-0.16524986741477274,-0.33452983330244207,-1.0671964466535434e-30,-1.263773149624886e-29
49.701,0.9821007665872006,-0.16523835339832954,-0.33453139222992173,-0.017713769436835277,-0.00038442334301024006
49.751,0.9814326270195178,-0.165158849878476,-0.334540639883467,-0.01682765771243698,2.120591107874348e-17
49.801,0.9806835102231463,-0.16508509961650736,-0.33454910804454224,-0.039611260603320576,-0.000705680089610819
49.851,0.9802228401542106,-0.16503690219929248,-0.3345601219250892,-1.1241171183624944e-30,-1.2640270164192305e-29
49.901,0.98010065858823,-0.1650255807281372,-0.3345669020528973,-0.017422341977709938,-0.0015945281694477037
49.951,0.9799568223468192,-0.16501255877406104,-0.3345772588590878,-1.1507175641336037e-30,-1.2643055481319094e-29
50.001,0.9798740771234763,-0.1650051974519424,-0.33458422575901847,-0.014557613212866253,-0.0017418578907826
50.051,0.9793901235858804,-0.1649507187363074,-0.3346217951825681,-0.011165058167011582,2.1200079904555524e-17
50.101,0.978888026007257,-0.16489991067765022,-0.33465588418823794,-0.03326560166966376,-0.0036013836024382795
50.151,0.9786817510686455,-0.16487924770596574,-0.3346825346444683,-1.2081776397553607e-30,-1.2642975261319305e-29
50.201,0.978711638121039,-0.16488399279900817,-0.33469213989612084,0.009143202584556469,-0.008453339136790652
50.251,0.9784105694702949,-0.1648511759398939,-0.33474126953494276,-0.006215989254832796,2.119187491941556e-17
50.301,0.9780786002175407,-0.1648159761133967,-0.3347856031519988,-0.027719648642798286,-0.0060129533871395024
50.351,0.977758150299153,-0.1647798636461111,-0.3348441346312861,-1.1742951256394111e-20,1.4474351976881166e-19
50.401,0.9775996933917198,-0.1647613509529979,-0.334880502294496,-0.019697171623117234,-0.008537249913514067
50.451,0.9773317700667499,-0.16472952321944567,-0.33494206781878244,-0.0005805842958734298,2.297710261390668e-17
50.501,0.9771430797215227,-0.1647069477610072,-0.3349854550627248,-0.021404029354754966,-0.009119960638022354
50.551,0.9770698997527144,-0.164699333029704,-0.33501517126354957,-1.3215262069961729e-30,-1.264668776119264e-29
50.601,0.9770910625424115,-0.16470300833215598,-0.3350231910963411,0.007885530543182789,-0.00882888287504155
50.651,0.9769776593044358,-0.16468494619318003,-0.3350674818822151,-1.3511279854423305e-30,-1.2645539940258008e-29
50.701,0.9768536784409649,-0.16466504245584485,-0.33510777037073347,-0.017544546852610553,-0.013759250292686556
50.751,0.9767538420685138,-0.16464524074422676,-0.33515235225748113,-3.308693931307302e-31,-1.2649651687446194e-29
50.801,0.9767159953871885,-0.16463539152854295,-0.33517678923130595,-0.010198285764922314,-0.015230176517378152
50.851,0.9767089974385217,-0.16463601134613826,-0.335203364144457,-3.586344165280208e-31,-1.264797433221292e-29
50.901,0.9767209224069854,-0.16464155628408692,-0.3352177203789698,0.006255671685686634,-0.014434908649551659
50.951,0.9767258019202838,-0.16464326875033014,-0.33523960694353394,-3.864751792593151e-31,-1.2648651408068914e-29
51.001,0.976724719030905,-0.16464220862608517,-0.33525431513388,-0.0016111364238160816,-0.020143160438264085
51.051,0.9767286691581413,-0.16464448498299292,-0.33528431297785233,-4.132102314723426e-31,-1.2650827177016744e-29
51.101,0.9767331607225799,-0.1646472915518968,-0.3353069567729747,0.00298053243905957,-0.02292361556641398
51.151,0.9767570673160996,-0.1646616378584732,-0.33537024202465815,-4.41298307237042e-31,-1.2651573986583674e-29
51.201,0.9767787285641368,-0.1646745820893917,-0.3354222059064169,0.007789858148060371,-0.025824418311050132
51.251,0.9768523004107514,-0.16470718199222112,-0.3355299173948483,-4.688852992373641e-31,-1.2651826080891035e-29
51.301,0.9769150373403418,-0.1647333159351573,-0.33561165956792866,0.012802058008056331,-0.028789373028522885
51.351,0.9770624984304814,-0.16479357414338333,-0.3358089512170156,-4.961905434650754e-31,-1.2655560339816275e-29
51.401,0.9771785785624629,-0.16484078500172936,-0.33596540637069733,0.017026244374156074,-0.03802622769367994
51.451,0.9774628843362243,-0.16492729347846855,-0.3362064595777309,0.002329647752989782,-2.1142464624876844e-17
51.501,0.9776901433367721,-0.16499022051424012,-0.3363693391481176,0.023375935364667148,-0.03477972933833487
51.551,0.9780845707045229,-0.16509945345049157,-0.3366492715952861,0.004742153095125505,-2.105976408152153e-17
51.601,0.9783739285017946,-0.16517726073356412,-0.33684784410348184,0.026087706756397048,-0.03783461311002892
51.651,0.9788559071716763,-0.16531114497365992,-0.33718770515156044,0.007169756267401081,-2.059984282756193e-17
51.701,0.9792173124434369,-0.16540617475289018,-0.3374284023004385,0.028819286753963357,-0.041173670953528044
51.751,0.979796050711985,-0.1655687057681998,-0.33783809868983333,0.009681987547719676,-5.818545166513811e-12
51.801,0.9802433547357318,-0.16568379133549288,-0.33812760804015524,0.03164959307933072,-0.04463063255343319
51.851,0.9809273867106354,-0.1658787082765624,-0.3386155173709876,0.01249455267658794,-0.0018381120352396804
51.901,0.9814714323617649,-0.16601618430589807,-0.3389589066888013,0.03448297658937429,-0.048203601185682454
51.951,0.9822607471369241,-0.16624407096828916,-0.33952586788282596,0.015131223627282146,-0.004094599531557351
52.001,0.9829010159654404,-0.16640455328343895,-0.33992386792392143,0.037044891259924904,-0.05153215806735956
52.051,0.9838054625790865,-0.16666778039512653,-0.3405758145473602,0.018052036050361868,-0.006509825927005347
52.101,0.9845636406135813,-0.1668555635684524,-0.34103855664947424,0.039900537284338226,-0.05492082681039763
52.151,0.9855872493728993,-0.16715580409905728,-0.3417813460470648,0.020716194269333396,-0.008861911594957151
52.201,0.9864615016722366,-0.16737279366831034,-0.34231396046702667,0.04248319231562861,-0.05844614163835293
52.251,0.9876146358846714,-0.16771332906549985,-0.3431597783634157,0.02373688094172379,-0.011419604013140015
52.301,0.9886268198428938,-0.16796488749665334,-0.343778330489028,0.04543382267831299,-0.06218171882875312
52.351,0.9899068478868762,-0.16834646766986788,-0.3447393068593773,0.026390803935621127,-0.01385611759649534
52.401,0.9910385286048947,-0.16863328237348582,-0.34545318662608365,0.047999266055173476,-0.06608717568058473
52.451,0.9917845707919588,-0.16888782212843612,-0.34620157956267195,0.0038171732927372976,-0.0014159186523888673
52.501,0.9920425571324917,-0.16900539025877293,-0.3466062974461753,0.024879785404209126,-0.05948404023248115
52.551,0.994043616672073,-0.1696167912511761,-0.3480182930671468,0.062393785415633854,-0.03476794401475272
52.601,0.9969020912662704,-0.17036000792423744,-0.3496108915328204,0.0848029425742636,-0.07749013113085451
52.651,0.9982898113909612,-0.17079351367883552,-0.3508182137787375,0.001833708020381392,-0.0021119786739450214
52.701,0.9984956031254179,-0.17090101444346067,-0.35132219297296186,0.020454308827751073,-0.07539779595544219
52.751,1.0008858283672488,-0.17167025154983506,-0.35310372123158446,0.07719170265318542,-0.04567225050801936
52.801,1.0044338155279033,-0.17268626477599905,-0.3552369495576934,0.09966533982351408,-0.08774311482963087
52.851,1.0059239072219819,-0.17315141987567012,-0.3566350362921831,-9.25189547418384e-31,-1.2863879217741503e-29
52.901,1.0059567310380477,-0.17318034944328747,-0.3571128559924083,0.006564586419056605,-0.08438109049852383
52.951,1.0086664535352894,-0.1740822950612628,-0.35923401375456804,0.0918543409557877,-0.05732248194745205
53.001,1.01288967222491,-0.17538828519182043,-0.36195631866695693,0.11432838708109767,-0.09980654413220831
53.051,1.0146874618223667,-0.1759897893863831,-0.3637361546643032,2.0210867725620065e-27,-3.4518433506949604e-27
53.101,1.0147584127476936,-0.17603809550890614,-0.3643582531833066,0.009487687212049607,-0.09494454877339625
53.151,1.0178187360955815,-0.17711339810689586,-0.3669260108829544,0.10416141241705724,-0.06875044169510973
53.201,1.0225929345321483,-0.17869937508464254,-0.37025403657215733,0.12647999977309654,-0.11406497570845345
53.251,1.0245763083983124,-0.17940459753015187,-0.37247092786240327,6.794612376666938e-19,-1.0842021724537387e-18
53.301,1.0246130047943969,-0.17944395055795376,-0.37328344685941195,0.006699599527338409,-0.10831777507262674
53.351,1.0277513883248202,-0.180560223892132,-0.3759368633446709,0.10746703985717516,-0.07086394074347352
53.401,1.0326839253506552,-0.1822127442485002,-0.3793010936960891,0.13033256137183957,-0.1085929363390553
53.451,1.03486495517346,-0.1830174282377578,-0.38190242548930675,0.004588360461532994,-0.00908136982256447
53.501,1.0350408734224996,-0.18313510803575883,-0.38310374499081395,0.014990874670943804,-0.12845612191312153
53.551,1.0386319323690514,-0.1845515476451715,-0.38703854434577933,0.1228328732829645,-0.10346497621962915
53.601,1.0442006307678169,-0.18669725426655895,-0.3919727132372589,0.1446821801320206,-0.15648778996179236
53.651,1.0464416971970387,-0.18757535766173958,-0.3956557231028086,-0.0006004726238742438,-0.021542570967082418
53.701,1.0464200520691038,-0.1875636326967178,-0.397282444983236,-0.0013215469408040755,-0.15160464275564797
53.751,1.0503693045843245,-0.18918585213584116,-0.4023393686897894,0.14016366989262327,-0.13522996300570952
53.801,1.0566920687004586,-0.19180270795518392,-0.40872422235814837,0.16203616366921123,-0.1882870394340683
53.851,1.0587396383231409,-0.192571457103601,-0.4137947509588691,-0.020839959346453836,-0.05318870717933323
53.901,1.058073398664658,-0.19211253653391136,-0.4165915889203646,-0.02981287512969107,-0.18118816304366905
53.951,1.062651281189318,-0.1940614993158554,-0.4237286516534261,0.17487449273382621,-0.18830084792349305
54.001,1.0704832297503724,-0.19756414011329232,-0.4327454120321599,0.19677093941771098,-0.24138543690653996
54.051,1.0729974550769321,-0.19859156149763016,-0.44085983935720524,-0.024601282996853838,-0.1304810951139376
54.101,1.0720567707494775,-0.19790110924589177,-0.44654775767666305,-0.03346431672515639,-0.25833917295302306
54.151,1.0768120174455824,-0.20028039116954474,-0.457821904101334,0.1911093532617466,-0.28193961474963997
54.201,1.0850861303330739,-0.20467094855986093,-0.4717468842667436,0.20999138448661211,-0.35834276872673326
54.251,1.0881584979723833,-0.20622548045602804,-0.48722817565467613,-0.010549446167002893,-0.3091933402209505
54.301,1.0877337473197124,-0.20582174507613005,-0.5016975730573773,-0.017131301192211675,-0.4372371254145736
54.351,1.0924620222568515,-0.20857352445437038,-0.526832766124994,0.19002240121075514,-0.6220220125323088
54.401,1.1004371523242804,-0.21363190344054292,-0.556998815126052,0.1984981348808752,-0.7488537511591673
54.451,1.103386825593151,-0.21559142431824846,-0.598703040872678,-0.008520401931465051,-0.9632318316000144
54.501,1.1030380038900442,-0.21534688726971413,-0.6458313739768589,-0.00852084756945722,-1.096798356540261
54.551,1.1071677822399957,-0.21883990992966396,-0.6945607587429988,0.18513676132344897,-0.9737348888069919
54.601,1.1140292632298603,-0.22510066395745448,-0.7422243946673985,0.19267663971838783,-1.0959188632021837
54.651,1.1166370170652256,-0.22750722703235096,-0.7905591889300507,-0.00951085379728398,-0.9583144060964544
54.701,1.1163068130491043,-0.22716505190480576,-0.8374572480878033,-0.009511349039725255,-1.0943868655485824
54.751,1.119862025549017,-0.23111381671987266,-0.8859668675507472,0.18118699721401355,-0.9700662580581706
54.801,1.1257375628492343,-0.23793686754701068,-0.9335055585795285,0.1887872937947221,-1.0921979201911636
54.851,1.1277605352973867,-0.24044682474426712,-0.9818755863560613,-0.012982525283592715,-0.9558634409302299
54.901,1.1274068305690004,-0.23990256720205988,-1.02870361816382,-0.012983195677484825,-1.0894614244183083
54.951,1.130023844100944,-0.2442618876914022,-1.076946578719051,0.17698377088199704,-0.9590496102126629
55.001,1.134318706846939,-0.2519249202332701,-1.1239284522518724,0.1856224032965201,-1.0862654537264254
55.051,1.1356876919736503,-0.2547042091523788,-1.1720465183488997,-0.01723929152099964,-0.9533190677888242
55.101,1.1353266678372225,-0.2538372067610381,-1.2186565153996582,-0.01917316279797235,-1.0827436355423927
55.151,1.1369333004597797,-0.2583448121699643,-1.266507100421945,0.1711176839226958,-0.9513359479657348
55.201,1.1395280866010342,-0.2664230915722844,-1.3131316083756932,0.18047664832526145,-1.0790214822899324
55.251,1.1402494381976318,-0.2688697497263433,-1.3606627148375607,-0.028702783576045623,-0.9373918079923571
55.301,1.1399674258819763,-0.2674626604429391,-1.4064623628323352,-0.02870421647819858,-1.0752465634850452
55.351,1.1406525276650918,-0.2721850613668529,-1.4538545897543538,0.17702729232081238,-0.9464294397765517
55.401,1.1416254986851309,-0.28090829286467983,-1.5002946096696592,0.18676974783897654,-1.0700824192990486
55.451,1.1418315082386936,-0.2832063888144127,-1.5473925390422265,-0.04179276567935638,-0.9270377922080068
55.501,1.141808043786539,-0.28111697781618517,-1.592684155094979,-0.04179481471117861,-1.0680989555546785
55.551,1.1415760803688162,-0.2855732116509104,-1.639484184777575,0.17475277880273843,-0.9337839568896241
55.601,1.1408484206711416,-0.2940490366286612,-1.6855295898583325,0.17965004545236996,-1.0650017520662218
55.651,1.140680843873541,-0.29567714353264146,-1.7324066137590204,-0.058416209254657785,-0.9230767878179083
55.701,1.1411857440058908,-0.29280043815657114,-1.7775456374714211,-0.058419047530921676,-1.0624758923779496
55.751,1.1401912302014288,-0.2966386446986267,-1.8243616668411013,0.1700044278498639,-0.9337444966723993
55.801,1.137832929063826,-0.30473386401964764,-1.8700776674467383,0.17949988026217117,-1.0605954024648214
55.851,1.1375229797953084,-0.30598926462262405,-1.9170089775162007,-0.06915527067482377,-0.9316579171478443
55.901,1.138897960850606,-0.30288341709287925,-1.9626277945797364,-0.0783776186062236,-1.05958201423985
55.951,1.137306292992723,-0.30633187486231034,-2.009525591848823,0.1715910701662372,-0.9316379807733537
56.001,1.1333732328374928,-0.3138887543878725,-2.055158763291016,0.18047176587081756,-1.0595386495420154
56.051,1.1331716346694247,-0.3144867553609417,-2.102127056429956,-0.09271577696389861,-0.9337991531158268
56.101,1.1357881023358922,-0.31072158218463586,-2.147891845864402,-0.10116965784825206,-1.0605810830204652
56.151,1.1337866884999486,-0.31349279894081583,-2.195040786353625,0.17486707918734437,-0.938269678060671
56.201,1.1283524161403073,-0.3202789586028479,-2.2410608875391995,0.1828278887196823,-1.0628377874020645
56.251,1.128499417516801,-0.320038701727926,-2.2881427774960175,-0.12586663500184955,-0.9307267590628103
56.301,1.132694185421818,-0.3153476175201913,-2.3336513180744958,-0.12587281626154195,-1.0664329254103047
56.351,1.130399201430687,-0.31754732848564166,-2.380660055600545,0.1898814510229208,-0.9352634280858344
56.401,1.123614405551429,-0.3240085215092111,-2.426678007120629,0.18989087645407854,-1.0713111094486214
56.451,1.124359434539865,-0.3236128180017838,-2.474359188870764,-0.14709824287606627,-0.9488823884032418
56.501,1.1298367983326825,-0.31901223523648764,-2.5210764721055003,-0.1511387082474618,-1.0776521049172127
56.551,1.1273015959407775,-0.32067309781028613,-2.5692592467296693,0.19498878345390291,-0.9599719598980265
56.601,1.1192541926700914,-0.32606708215542174,-2.616285597077616,0.20323755411828814,-1.0856523469355923
56.651,1.120319573626655,-0.3255737356009047,-2.6648194293890306,-0.1673653398026172,-0.9678220653416197
56.701,1.127628671609273,-0.32163443712610756,-2.7122409664632943,-0.1760817131413065,-1.095267857408532
56.751,1.1248462285750849,-0.32274745728715176,-2.761261206975695,0.20976562879857938,-0.9784449968867299
56.801,1.115197153725166,-0.3266775850609143,-2.8092258422738547,0.2188770813728103,-1.1064945266608848
56.851,1.1166127546460567,-0.3263324307420195,-2.8590435165230255,-0.1866273732477967,-0.9976780185778615
56.901,1.1254973789430953,-0.3237246549551864,-2.907991554392708,-0.19604968497998446,-1.1251267325315497
56.951,1.1225485109372708,-0.32424923887171603,-2.9585213025388564,0.2225638261514195,-1.008412725371728
57.001,1.1116693474666448,-0.326209485108381,-3.008037704473575,0.2322132388611277,-1.1340022438172874
57.051,1.1134166692558036,-0.3261424016121708,-3.059515550893231,-0.20492074491100584,-1.0327865642490568
57.101,1.1235618922809296,-0.3254097830274685,-3.110293024155663,-0.21470046671180265,-1.1552224753230251
57.151,1.121016734404148,-0.3253026887315277,3.1205191421230176,0.22560047400650457,-1.044416639597159
57.201,1.1099215296291014,-0.32489325902750466,3.0690216360414593,0.2334528025298994,-1.168186790819189
57.251,1.1119910684995935,-0.32523490123583765,3.0178473750576202,-0.21741353421414214,-0.9976382088613306
57.301,1.1226774705959972,-0.32678586678597377,2.96893526868145,-0.22715118493664538,-1.121147053587762
57.351,1.1198820898670192,-0.326094827309218,2.9223801828440394,0.2394732276688947,-0.8771533198079603
57.401,1.1083242471055366,-0.3232468556491524,2.8794928740209422,0.2490495776827067,-1.003335881944293
57.451,1.110315035494019,-0.3239615030073979,2.8395341646935575,-0.22889357043105787,-0.7364968887087501
57.501,1.1210886239185465,-0.3276140606838512,2.8036710505984,-0.23825738285165762,-0.8640583700413859
57.551,1.1182525656869575,-0.32640558711539586,2.768811050672034,0.25515199804515765,-0.6559793676537069
57.601,1.1066520756276501,-0.32145422877722535,2.7366217641151978,0.26602097400968494,-0.7767119104656665
57.651,1.1082692130400509,-0.3223107368369215,2.706271568009898,-0.23157013354918374,-0.555718830059384
57.701,1.1184418661298383,-0.32746001744677367,2.678903568805396,-0.24046065600870048,-0.6836279818224096
57.751,1.1156924905487302,-0.3258153325959725,2.651293543752904,0.2586318123462928,-0.5375815312528517
57.801,1.104636728542525,-0.3192572905641595,2.625216592511553,0.2750627939020138,-0.6268318256884811
57.851,1.1060045491931052,-0.3201673585441803,2.6008546156344137,-0.22715155573031545,-0.4443518063512049
57.901,1.1153609805133713,-0.32620600317067716,2.5786400186661447,-0.2408274759912428,-0.5433237909765906
57.951,1.112784962022693,-0.32447649604741613,2.5560955849688316,0.2505429444494341,-0.44358514486913514
58.001,1.1026097610066532,-0.31744946269455127,2.5343052725596156,0.2722969186786094,-0.496107431645026
58.051,1.1039019201784563,-0.31846809705182016,2.513804045063718,-0.21865001786644994,-0.38320492602410844
58.101,1.112461777519689,-0.3250099059127935,2.495029445484259,-0.24027093183000842,-0.4353496376660063
58.151,1.1100327438474653,-0.32304928705435576,2.4768205406177395,0.2466732092559562,-0.34704138982962696
58.201,1.1006454650831066,-0.31530049152232253,2.4598166102274144,0.26814681232422366,-0.3987793358466325
58.251,1.1019478535850984,-0.31645758562232257,2.4436158241881345,-0.2195784039675044,-0.30069688700652164
58.301,1.1100236398346022,-0.3235859798355679,2.428549799131021,-0.24106422338783745,-0.35062325680109985
58.351,1.1076655204170187,-0.32161870962907096,2.4127579300024675,0.24366046456001544,-0.3246546664898857
58.401,1.098712832845466,-0.3136286431429587,2.396714925976586,0.27133615024939084,-0.32465466648985425
58.451,1.099829187981151,-0.31473484917458705,2.381749345774841,-0.2105262576152781,-0.28547345313366357
58.501,1.1073050817934,-0.3218679015412392,2.3675840645622346,-0.23823676116007292,-0.2854734531336956
58.551,1.105156880973683,-0.31969144897884827,2.3540489041896846,0.23820337196861263,-0.2615124339336565
58.601,1.0969369141537206,-0.3113622952861445,2.340973282567522,0.2659227998909347,-0.2615124339336239
58.651,1.0980374462351385,-0.3125680186438971,2.3293559861246917,-0.2090499882865416,-0.21290159393634156
58.701,1.1050278127848898,-0.3200575230982561,2.3187109064680818,-0.23675914900688522,-0.21290159393637456
58.751,1.1029633644555517,-0.3177567541722381,2.3078937103256494,0.2382612362349616,-0.21863881019730175
58.801,1.0951828514399313,-0.30901079401157877,2.296961769859335,0.26594815497773383,-0.2186388101972685
58.851,1.09616769962992,-0.3101938789082438,2.2864885070710144,-0.20600975514604053,-0.2033495540938457
58.901,1.1026812665282213,-0.317905132770453,2.2763210294013563,-0.23366150740180258,-0.20334955409387936
58.951,1.0999604970549584,-0.31461951427964296,2.2672420550334547,0.27541775291787873,-0.16706611038990193
59.001,1.091395215426832,-0.30410083236784696,2.25888874953339,0.3030271534271714,-0.16706611038986804
59.051,1.0918829938836045,-0.30476763849366784,2.2502064803299597,-0.20701017154024573,-0.17803156725034075
59.101,1.0981027339695648,-0.3127831955836123,2.2413049019909534,-0.23457357273652618,-0.1780315672503749
59.151,1.096148193229431,-0.3102299965239179,2.2327422659441853,0.2410914672498694,-0.16673349075845711
59.201,1.0890451955757428,-0.30074425829439244,2.2244055914255765,0.26859946779837235,-0.16673349075842261
59.251,1.0898751403238882,-0.3019113335161041,2.2161950956720315,-0.20436506996509185,-0.16252753189446556
59.301,1.0956989995340023,-0.31005944298436733,2.208068719095195,-0.2318127523359571,-0.16252753189450017
59.351,1.0938060635983387,-0.3074068896374953,2.200209607519267,0.2407956820104581,-0.15361869847523357
59.401,1.0870629885108403,-0.2976775718519258,2.1925286726106124,0.26817806604446637,-0.1536186984751987
59.451,1.0878527732563283,-0.29887071449742686,2.1850680988409557,-0.2041499018664986,-0.14627332713393026
59.501,1.0933767427140488,-0.3072148687605055,2.177754432497298,-0.2314638516202438,-0.1462733271339653
59.551,1.0915256001010614,-0.304446218939197,2.1704605757025663,0.24306952440310564,-0.1456130088329456
59.601,1.0850476532061164,-0.2944002655976575,2.1631799252737856,0.2703116398508429,-0.14561300883291042
59.651,1.0857434167285998,-0.2955338411980802,2.1560757049652337,-0.20232809548098826,-0.13973200479528725
59.701,1.0909366669605367,-0.3039840159752088,2.1490891047368352,-0.2294937202440962,-0.13973200479532252
59.751,1.0891384812408966,-0.301116592124351,2.142154083173829,0.24368645791413418,-0.13801271594068404
59.801,1.0829661621968847,-0.29084122798662215,2.13525344738775,0.27077278760722745,-0.1380127159406486
59.851,1.0835861953758883,-0.2919297865437617,2.12836182336803,-0.20018567812892774,-0.13771232372721837
59.901,1.0884511004973016,-0.3004533152042429,2.1214762071925493,-0.22718817920764178,-0.13771232372725398
59.951,1.0867091089863616,-0.29749166254434883,2.114612187445559,0.24400114578668713,-0.13699244277421388
60.001,1.080849726339741,-0.2870136158892198,2.107762565317562,0.27091504706741876,-0.1369924427741781
60.051,1.081394143718115,-0.28804959642278527,2.1008799150759505,-0.19767278210748446,-0.13809337989980358
60.101,1.085923644138183,-0.2966177648988029,2.093975246091931,-0.22449304257229832,-0.13809337989983952
60.151,1.0842401505988266,-0.2935600062536789,2.0870600601311904,0.24418021080433794,-0.13844394579226435
60.201,1.078703702182541,-0.28289436593472517,2.080137862852634,0.27090123062476296,-0.13844394579222832
60.251,1.0791717879355447,-0.28386749435819414,2.0731546843258917,-0.19479789765594202,-0.14054568497316106
60.301,1.0833586990958326,-0.29245382154015015,2.0661410055500196,-0.22141379939567077,-0.14054568497319714
60.351,1.081729005937133,-0.28927878341013213,2.0590849858454097,0.2449347491645102,-0.14176383668962894
60.401,1.0765130098137763,-0.2784072987293345,2.051996794022801,0.2714391742677916,-0.14176383668959275
60.451,1.076899424850449,-0.2792953608145564,2.0452379410137493,-0.19159784859083068,-0.13107100145563025
60.501,1.0807412518210078,-0.28787290120509185,2.0387234669428707,-0.21798728093674014,-0.13107100145566664
60.551,1.0787299882648735,-0.2837096531185331,2.0319533102526868,0.2780250303815887,-0.13887866206573482
60.601,1.0731130778247204,-0.27119794951667037,2.025009377160563,0.304299576148191,-0.13887866206569843
60.651,1.0731555668917303,-0.27141274755421707,2.0181036112746726,-0.18829930638290368,-0.1410637517413847
60.701,1.0767137859094675,-0.27996176120267546,2.0114032834002518,-0.21444894947985949,-0.14106375174142108
60.751,1.0752380828605366,-0.27659090541352305,2.0039645472425973,0.2446721985424186,-0.15851543107777846
60.801,1.0707045190680429,-0.26542099780900397,1.9960747398872667,0.27068937555533523,-0.1585154310777419
60.851,1.071036193826313,-0.266147060083827,1.9886059806511092,-0.18622704726574182,-0.14070201610087218
60.901,1.074400912046803,-0.27465126244502575,1.9818459509066613,-0.21058570358941137,-0.1608385246584671
60.951,1.0726823280086477,-0.27027958737979246,1.974558426234444,0.27705743204351047,-0.15175829466031485
61.001,1.067891071551338,-0.2574722526089188,1.9669705115159928,0.30278218103322624,-0.15175829466027813
61.051,1.0679561127191928,-0.25750639843105155,1.9599233292104363,-0.18311255749212252,-0.12990138076841157
61.101,1.0710492317378004,-0.2659458105418531,1.9536866124031482,-0.20664850191615963,-0.158926109374145
61.151,1.069729951717056,-0.26231165097021436,1.9460459553967875,0.24746167849478942,-0.16811490359811454
61.201,1.0657007857385972,-0.25078171729669,1.9379639408011122,0.27183873942328596,-0.1835031341479341
61.251,1.0659370271838136,-0.2512848830676547,1.9308423630426614,-0.18043853510295937,-0.12215846282020833
61.301,1.0688133330357314,-0.25964994733002345,1.9248800269271757,-0.202729898969712,-0.16750360075393342
61.351,1.0675116525621762,-0.25589835307736275,1.917431462183473,0.24923644138215384,-0.16221735658412978
61.401,1.0636501975893016,-0.24422667197936104,1.9095701142844783,0.27195639354459383,-0.19991475480270507
61.451,1.0638571767114113,-0.24462551168154137,1.901914239984513,-0.17786283380638956,-0.1426067851395467
61.501,1.0666217975023695,-0.25290986873518045,1.8952086655096656,-0.19892373076124675,-0.20331517759017578
61.551,1.0654308456806723,-0.24902012962084985,1.8872740440241713,0.25117191388693094,-0.16420617486881436
61.601,1.0618050953091225,-0.2371734803324322,1.879297847919994,0.27284896757642835,-0.21691950610612737
61.651,1.0619605903599003,-0.23745192046382793,1.8718636140571165,-0.1747555726237176,-0.12998875364059437
61.701,1.064472805050535,-0.24564825517427993,1.8657089616978293,-0.19515642647197223,-0.19912368893999705
61.751,1.0633170281458977,-0.24166576399101947,1.85769407791398,0.2515950266117516,-0.1749283748370034
61.801,1.0598877372305597,-0.2297263059269037,1.84939727097096,0.27229525684677686,-0.23992966083795172
61.851,1.0600361806613372,-0.22992532710529406,1.8410762321415022,-0.1730389836732464,-0.1471508876499133
61.901,1.062453202802747,-0.23805077229061278,1.833886177276119,-0.19192776780322204,-0.23985120332175475
61.951,1.06139250639116,-0.23393961635725896,1.825229635613664,0.25386787749001705,-0.1739069227838754
62.001,1.058187554831967,-0.22183473657297306,1.8167509770961314,0.2732893473392645,-0.2595084996726936
62.051,1.058258009215605,-0.22191074812477074,1.8078116036701994,-0.16924189436451154,-0.16856326998661458
62.101,1.0604197216015232,-0.2299393775608824,1.7999554752898097,-0.18829437030902252,-0.2620669872028245
62.151,1.0594804516109069,-0.22580877496756807,1.7904788664031601,0.25118640260926556,-0.19141819195684268
62.201,1.056619017110501,-0.2137382728573774,1.7813837876891634,0.2703160968228012,-0.2852985166538756
62.251,1.0566458652190884,-0.2138221055107225,1.771530569772524,-0.16733771541400255,-0.19095951743076708
62.301,1.0584860835509162,-0.22183896671144268,1.7626944788451866,-0.18654465879008172,-0.28522245570555577
62.351,1.0576906979258176,-0.21761176391206918,1.75274777596155,0.2520282136745254,-0.19567072816128248
62.401,1.0552758205951114,-0.20539206128345253,1.7436335730297468,0.2713054487967926,-0.2902790329981781
62.451,1.0552600484443175,-0.20534485009867587,1.7334691835642042,-0.16341779305250498,-0.2002196260701319
62.501,1.0567196014887204,-0.21323847340067137,1.7241743387996689,-0.18275957056627934,-0.29514782701972625
62.551,1.0560947522750708,-0.2090237696869473,1.7133234191567133,0.248016002387072,-0.22036112549650191
62.601,1.0542291355272926,-0.19691072299185808,1.7030235640031204,0.26741819663352695,-0.3155848437884583
62.651,1.05420958825018,-0.19688176045091263,1.692926439988703,-0.1613463799941837,-0.18179242810239618
62.701,1.0552929525492372,-0.2047296203962488,1.6845558152443079,-0.18080083676554723,-0.2772802653004287
62.751,1.0548343622332623,-0.2004668603217828,1.673711009150023,0.24751950914599113,-0.23237348401153082
62.801,1.0534987545266217,-0.18831007163427851,1.6628130927395328,0.26701681917210973,-0.32806824725015515
62.851,1.0534704902067593,-0.18824928897055693,1.651123955607216,-0.15995145478242304,-0.22679289952677784
62.901,1.0541670949822757,-0.19606960850307567,1.6405058451897303,-0.17948891743650597,-0.3226898462057994
62.951,1.0539088114416184,-0.19179275441655316,1.628638704864102,0.24649625576513104,-0.23641825308797765
63.001,1.053176440795559,-0.17963678353051785,1.6175398695963563,0.2660645256849337,-0.33246727077665433
63.051,1.0531455741905604,-0.17957779786338587,1.6055111853261013,-0.1593685805979161,-0.23536669580888564
63.101,1.053431569300517,-0.18739404603257415,1.5944650056948817,-0.17895746788895786,-0.3315219201195441
63.151,1.0533775299602166,-0.18313162278919443,1.582154163213909,0.2453868793640375,-0.2454542505158278
63.201,1.0532653113623092,-0.17100984810568157,1.5706033070737535,0.2649867239178925,-0.34166443427026233
63.251,1.0532309536663225,-0.17097951512711182,1.5582263807819121,-0.15964519304980507,-0.24091833056068745
63.301,1.0530929912907583,-0.17881361551380937,1.5469015779905224,-0.1792443736490981,-0.33713056714101614
63.351,1.0532473070247028,-0.17457599982354,1.534332488333897,0.2448429302759718,-0.2503378306996118
63.401,1.0537683708232093,-0.1624918089138025,1.5225355089461519,0.26443104253482924,-0.3464972914044917
63.451,1.0537272884037252,-0.16250428852328236,1.509945444304575,-0.16079789403373876,-0.24475020123766797
63.501,1.053152954169705,-0.17037704106802526,1.498426266861938,-0.1803623712792248,-0.340798960395104
63.551,1.0535163063573827,-0.1661807274199701,1.4856920257874264,0.24468825244513295,-0.2532817576090603
63.601,1.0546787307441985,-0.15414813524139617,1.473744145500889,0.264218489891084,-0.3491642449261454
63.651,1.0546250248186917,-0.15422030799052133,1.4610353944788206,-0.1628116008817239,-0.24674454862616707
63.701,1.0536002411056722,-0.1621501763743388,1.4494119543232635,-0.1822944228001775,-0.34239954373960535
63.751,1.0541703160358362,-0.15801078373657074,1.4366050000610777,0.24494331102730266,-0.2543879080645479
63.801,1.055978314057302,-0.14604369462923908,1.4245963518760472,0.2643682684807239,-0.34976096012841185
63.851,1.0559070493410339,-0.14616951317927768,1.4119252625925716,-0.16494633669845488,-0.24477094312352732
63.901,1.054422957789669,-0.15413717350374342,1.4003942794111026,-0.1843002639958377,-0.33980014240509354
63.951,1.055191673568987,-0.15007969620705144,1.387630211531236,0.24477674451516895,-0.2543066947937892
64.001,1.0576356253283836,-0.13823246360107738,1.3756184838630647,0.26405002012550116,-0.348942433264506
64.051,1.0575271926377305,-0.13848069674203345,1.3629174226929426,-0.16920255385814634,-0.2458635800162566
64.101,1.0555564741472945,-0.14656423222005663,1.3513238363194051,-0.18838136314907508,-0.3400400685356304
64.151,1.0565223832477177,-0.1425790273782255,1.3386161023055727,0.24668919783258744,-0.2517497739454847
64.201,1.059617877195163,-0.13078366354742837,1.3267201777141704,0.26576442052147414,-0.34542007014937526
64.251,1.0594700492254947,-0.13110931900801032,1.314156947315017,-0.173425216252643,-0.24289594804513623
64.301,1.0570017049011287,-0.1392793706356351,1.3027022654936502,-0.19238405465718392,-0.3359990826521949
64.351,1.0581438362716211,-0.13538761946200675,1.2901272624224516,0.2481552882224953,-0.24803734966090604
64.401,1.061836719674599,-0.12369878395395192,1.2782334816597316,0.2669894809717034,-0.3405308338750771
64.451,1.0616175099470024,-0.1241226118085819,1.26579112954704,-0.178195509310734,-0.23865330233434656
64.501,1.0586430940339155,-0.13237735661109212,1.254504095911768,-0.19689165105665157,-0.3304727478282652
64.551,1.0599302121142775,-0.1285875375724069,1.2420105392569498,0.249976429032688,-0.2428383821371234
64.601,1.064130489574018,-0.11702109296511685,1.2298620213039935,0.26852764434864085,-0.33394868226360985
64.651,1.0638165949671745,-0.11754466560248271,1.217442741164705,-0.1834361713763432,-0.23297428478289403
64.701,1.0603729036476943,-0.12587543226954628,1.2061750149731214,-0.20182599407694926,-0.32329537269949227
64.751,1.0617572419927155,-0.12219587736584303,1.1935479737994343,0.24995641578774602,-0.2576813170527959
64.801,1.066364902684586,-0.11077286889269901,1.1808880481319606,0.27034523446500314,-0.32529172755242075
64.851,1.0659446565569874,-0.11134838269677202,1.1683105543967964,-0.18663326755872997,-0.23215699603928705
64.901,1.0621343644715682,-0.11966027638522846,1.1568413780876425,-0.20543550231746938,-0.3136419626148007
64.951,1.0636119991614523,-0.1161502069298287,1.1441332225871421,0.24754951224659352,-0.25914888264279584
65.001,1.0686645906509726,-0.10503123419163733,1.131574058570547,0.26944906275314184,-0.31223518627939706
65.051,1.0682519095641667,-0.10580328704766977,1.1190663855389869,-0.19079990484901432,-0.24041521557873943
65.101,1.0641434569515702,-0.11423076300924072,1.1074434493824057,-0.21271256179086565,-0.29350004098117266
65.151,1.065842142650392,-0.11092984683758553,1.095243111848209,0.24777470011807368,-0.24053176472834875
65.201,1.071452854463903,-0.10008819094355341,1.0834142309515384,0.269687545403862,-0.29358421165543874
65.251,1.0709358358770986,-0.10093650383860761,1.0715056491518784,-0.1946970502304053,-0.2290373550808112
65.301,1.0662864000570096,-0.10930212798745366,1.060450120521549,-0.2165972771925914,-0.28202738919969605
65.351,1.0680260117365714,-0.1061508062973543,1.0485362464418415,0.24615150357577037,-0.2437150504406096
65.401,1.0739970169089565,-0.09560678472559907,1.0364609532833873,0.2698325554309492,-0.2770919174741622
65.451,1.0732809789446407,-0.09659397257745655,1.024815023587202,-0.20122179280870547,-0.21362346178088162
65.501,1.0681105128309096,-0.10498572650426274,1.0141063556750312,-0.22314919634505764,-0.2654955388467437
65.551,1.069886899584175,-0.10194527701908139,1.0021000333853718,0.24652423884900934,-0.2587693386716484
65.601,1.076250279559537,-0.0915790527185572,0.9895447581106075,0.27340794633492466,-0.2606393630027732
65.651,1.0755074195136274,-0.09261730218742548,0.9777221579902077,-0.2029972226613695,-0.22452610526493036
65.701,1.0700515118180505,-0.10096461790944379,0.966739042734012,-0.22897162120159806,-0.236339397485761
65.751,1.0719840255347945,-0.09813537399994214,0.9550905664789493,0.24542608317136766,-0.23908861492899844
65.801,1.0787702494260414,-0.08815578827856327,0.9431361357894472,0.27274730100511335,-0.23908861492896932
65.851,1.0779218663070627,-0.08928697754544865,0.9318984662958724,-0.2064937588378517,-0.215793404656737
65.901,1.0720406658063961,-0.09752776318459315,0.9211390644839685,-0.23391597581792814,-0.21579340465676655
65.951,1.0740745001177987,-0.0948927015219337,0.9104270652082931,0.24444897395205992,-0.21333968300045525
66.001,1.081320373017405,-0.08530580440304031,0.8997600810987292,0.2719518220699096,-0.2133396830004251
66.051,1.0803361145922878,-0.08650938228090294,0.8895877551296277,-0.2106059888039108,-0.19685107814482064
66.101,1.0739383654094463,-0.0946124914516923,0.879745201254169,-0.23817470993580747,-0.1968510781448512
66.151,1.0760866096300752,-0.0920602397662452,0.8700315468767434,0.24742271610357602,-0.19255442816969923
66.201,1.0838552838494449,-0.08269979533394052,0.8604038254980073,0.27504260526278457,-0.19255442816966833
66.251,1.0827970916040022,-0.08389126311065413,0.8511212921982412,-0.21388479292852317,-0.18104815877022837
66.301,1.0759405584741426,-0.09182631638982208,0.8420688842844551,-0.24154393526553988,-0.1810481587702596
66.351,1.0781584869649812,-0.08938853805849971,0.8330586933936928,0.24827230862768151,-0.17964092465805426
66.401,1.0863378473819612,-0.08032854111122942,0.8240766471849461,0.27595987383265236,-0.17964092465802264
66.451,1.0851967711111763,-0.08151945241069339,0.8154775288615954,-0.21631757890527717,-0.16687666171564997
66.501,1.0779388912087169,-0.08925597908985633,0.8071336957951746,-0.24402397027678585,-0.16687666171568194
66.551,1.08024212941882,-0.08689912857188309,0.798806520430134,0.24989065425711945,-0.16632140499917974
66.601,1.0888206459820347,-0.07810312218579428,0.7904904501993475,0.277607116981473,-0.1663214049991475
66.651,1.087646519271564,-0.07924501599905476,0.7825768389088678,-0.2170214454798114,-0.15290610690336948
66.701,1.0800778401199238,-0.086727824202789,0.7749315335785936,-0.24474020724176176,-0.15290610690340206
66.751,1.0824546281607583,-0.08445028995673619,0.7672131173699819,0.2502517926176147,-0.15534313619582288
66.801,1.091353225594875,-0.07595184047260749,0.7594459605758114,0.2779661404079575,-0.15534313619579002
66.851,1.0901177731852338,-0.07707785814289071,0.7519924731497862,-0.2183982550976548,-0.14488749053200906
66.901,1.0822410014718307,-0.08433813537200652,0.7447480986358577,-0.24610163782609928,-0.14488749053204203
66.951,1.084705618560456,-0.08212040153772415,0.7368246762777767,0.25197099614780405,-0.1675224188087747
67.001,1.0939563847347762,-0.07387610405437041,0.7284485553569291,0.27965729535125095,-0.16752241880874136
67.051,1.0927325150998806,-0.07491487672543606,0.7212403287896829,-0.2173451326602348,-0.12859260680739384
67.101,1.08464513117371,-0.08186039281842712,0.7148106984581725,-0.2450068923386926,-0.1285926068074274
67.151,1.0879747319417232,-0.0790267769620602,0.7086658244690374,0.2865029213297014,-0.11910072869182695
67.201,1.098789987015918,-0.06995123473292875,0.702710788041486,0.3141401621008658,-0.11910072869179321
67.251,1.0980864397737629,-0.07049938360840154,0.696419619500664,-0.21658797134787566,-0.1303051325110903
67.301,1.0898324700316437,-0.07718758696901326,0.6899043628843263,-0.24419711289439452,-0.13030513251112424
67.351,1.092469753201186,-0.07506802496629142,0.6834367537293651,0.25305630032942383,-0.1287168837919859
67.401,1.1022388518851047,-0.06735427173150109,0.6770009095486528,0.28063116859947324,-0.12871688379195176
67.451,1.1010549935437677,-0.0682530178236132,0.6707342475257686,-0.2141305322633585,-0.12307747850864649
67.501,1.0927033914848832,-0.0746202353825115,0.6645803736081024,-0.24166727733564258,-0.12307747850868075
67.551,1.09622483167362,-0.0719228042788272,0.6588420974625593,0.2865134107094946,-0.10922421939117329
67.601,1.1075269292481151,-0.06345692373344212,0.6533808864984322,0.31401048305804435,-0.10922421939113885
67.651,1.1069387495799308,-0.0638550468931272,0.6475724117541197,-0.21055793462351524,-0.12079967876891985
67.701,1.0985622335815117,-0.06989109010386303,0.6415324278230169,-0.23801382918571265,-0.12079967876895448
67.751,1.1013549836753973,-0.06786592472954125,0.6355258833345031,0.2512787383216937,-0.11968503067867328
67.801,1.1114556042413257,-0.06074030348667341,0.6295416318077147,0.2786868074799992,-0.11968503067863853
67.851,1.1104092686858045,-0.061445966081426016,0.6237439233969356,-0.2054961607607757,-0.11346692679049157
67.901,1.102075161864759,-0.06710416860776035,0.6180705770634961,-0.23285351442313929,-0.11346692679052649
67.951,1.1049361532279989,-0.06513209671159818,0.6123124026681991,0.24875817382647164,-0.11629452886183203
68.001,1.1151174374833637,-0.05834400042752384,0.6064976762316625,0.27606275970409083,-0.11629452886179703
68.051,1.1141336403226927,-0.05896835782972533,0.6010594061720452,-0.2006017239803105,-0.10374598292644009
68.101,1.1058554542569088,-0.0642703663761666,0.5958721070303746,-0.22785082086892822,-0.10374598292647526
68.151,1.1088139618369226,-0.062327117064714666,0.5903993825063406,0.24767403272096555,-0.11326016236662573
68.201,1.1191159365869288,-0.055821403057099955,0.5847363743940651,0.27486747782785603,-0.11326016236659045
68.251,1.1182635214671588,-0.056324841253512295,0.5788746797262203,-0.19405223367393318,-0.11988304757469437
68.301,1.1101230585404398,-0.06123252279994894,0.5728805273546632,-0.22118194769039623,-0.11988304757472978
68.351,1.114025632047861,-0.058786398981813044,0.5677055545822884,0.27887351125474985,-0.09257706085788904
68.401,1.1258066515213883,-0.0517050018981776,0.5630767015427011,0.30593803648686607,-0.09257706085785351
68.451,1.1255470825351181,-0.05180921504982719,0.5579907622046518,-0.19108190829251054,-0.10781327084489567
68.501,1.1174150050878127,-0.056441903848307204,0.5526000986676268,-0.21808699331611894,-0.10781327084493132
68.551,1.1206068475208597,-0.05454263691843028,0.5472065160798247,0.24719131748752965,-0.10791057253782174
68.601,1.1311955790316128,-0.048555861105677486,0.5418109874581709,0.2741274509850604,-0.10791057253778606
68.651,1.1307233914910655,-0.048776962869241235,0.536706027235057,-0.17810429543355644,-0.09822495922735267
68.701,1.1230356580416614,-0.05287798583227977,0.5317947792776359,-0.20497022000512788,-0.09822495922738846
68.751,1.1262563584214609,-0.05105230116833327,0.5265823637869134,0.23816112495111957,-0.10826387703093386
68.801,1.1365925675767325,-0.04553855976037341,0.5211691699406559,0.2649566484132666,-0.10826387703089793
68.851,1.1362035948535667,-0.045696624649148095,0.5158731491871918,-0.16869376029850483,-0.1043581072600518
68.901,1.1288245066183096,-0.04937697401623092,0.5106552438289226,-0.1954117615961578,-0.10435810726008779
68.951,1.1321432761314205,-0.04759029351616216,0.5053399900768922,0.23414847890831797,-0.10760305372796085
69.001,1.142435330541195,-0.04242207605067955,0.4999598373956869,0.26078726977952416,-0.10760305372792478
69.051,1.1422416038127539,-0.04246122121194371,0.4948243192494526,-0.15847045160747553,-0.0994559805916144
69.101,1.1352208308120755,-0.04571680161743339,0.4898550895530373,-0.18502715469009595,-0.09945598059165056
69.151,1.1384740552953543,-0.04405609854744732,0.484522434342265,0.22348016235589618,-0.11152310047496747
69.201,1.1484152863151835,-0.03937913586833776,0.47894627932429795,0.24995372803805388,-0.11152310047493122
69.251,1.1483259082741866,-0.03937079264350163,0.4735321752300899,-0.14739659029041347,-0.10869736053882086
69.301,1.1417144759233637,-0.04224202594197632,0.4683508110007175,-0.17377820926229084,-0.10869736053885716
69.351,1.1452299381489435,-0.0405578204260831,0.4628556438329889,0.2245542970209167,-0.11377999552724036
69.401,1.1553343362255684,-0.036102563513908316,0.45716664406276636,0.25084365069080417,-0.11377999552720401
69.451,1.1555820374357553,-0.03595931046270614,0.45172587540207143,-0.136272559462061,-0.10616637998694427
69.501,1.1494260082896424,-0.03849670386838486,0.44677713968399785,-0.16179764037553473,-0.11441599008026931
69.551,1.1530604041944315,-0.03688556916393723,0.44107113489521654,0.21975708474157424,-0.12308184076359684
69.601,1.1630584047197905,-0.032783994152226034,0.4349170428648076,0.2458488505767371,-0.12308184076356034
69.651,1.163562890881112,-0.03261103167164222,0.42946065832076247,-0.12526684664005885,-0.09621639818217208
69.701,1.157907982513026,-0.0348815702010677,0.4248881771221326,-0.1491053216686524,-0.12409470266209116
69.751,1.1616867206966235,-0.03335783018679091,0.4188621521421238,0.21541686865724605,-0.13981332153711354
69.801,1.171590754910133,-0.02957015458291297,0.41202666647601516,0.24129447697303924,-0.1398133215370769
69.851,1.1723828519681017,-0.02936749745750413,0.40635936024415936,-0.11377230991903564,-0.08802971747075922
69.901,1.1672711616741587,-0.03139866866401718,0.40199613104448745,-0.13577221160554157,-0.1394206894104273
69.951,1.1711962827016071,-0.029919671105882367,0.3955982552779298,0.21177481963915673,-0.15051632947108057
70.001,1.1809809617474898,-0.026314045176383135,0.38838164760338023,0.23630963512759107,-0.16603405660968754
70.051,1.1820741899326066,-0.026067869503840917,0.3821598842292682,-0.10140514756177377,-0.10203061993130687
70.101,1.1775446339691056,-0.027940767366188307,0.3773888143060292,-0.12187078014916418,-0.1686746989837253
70.151,1.1816007804914406,-0.026453603041065303,0.37041600122139945,0.20845508077065583,-0.156192629801958
70.201,1.1912147911822353,-0.022913327974680292,0.36277104812571126,0.23027375667039426,-0.20916939819692767
70.251,1.1926063139518128,-0.02260198815509789,0.3551409960133772,-0.08920498848468136,-0.13581691983000577
70.301,1.1886870687516213,-0.024382983762130887,0.34872043480519144,-0.10758206455585792,-0.22600082195436422
70.351,1.1928864046808485,-0.022889475290146833,0.3392798368360317,0.20534282718449084,-0.2083096256838586
70.401,1.202337868336232,-0.01936731795319819,0.32904443728742344,0.22415233742509313,-0.29521310938825673
70.451,1.2038549847867506,-0.018864456105644665,0.31783790783060406,-0.08172994583815049,-0.21754080696725409
70.501,1.2002292284026828,-0.0203149315008967,0.3074558524467598,-0.09355095750061948,-0.3354982185305233
70.551,1.2046019128591998,-0.01890436876715636,0.29069458846073865,0.2038749933558535,-0.4026298425344548
70.601,1.2141565569096533,-0.015768118279863328,0.27126894597016626,0.2226548739161589,-0.4947455939510978
70.651,1.2159374733724453,-0.015202327336002462,0.24828103358904058,-0.07181701764187987,-0.486671556932884
70.701,1.2125538513086584,-0.016177416833626904,0.22488712799041558,-0.08131771740349979,-0.6135737888170396
70.751,1.2172106667263825,-0.015206387964184656,0.18527125779878778,0.20489270704986465,-0.9855581209504263
70.801,1.2272142447120251,-0.013368712193089981,0.1368992507321465,0.21453663957812458,-1.1111992083096744
70.851,1.2290075632219104,-0.013033690541789935,0.087536421566868,-0.07551131775222789,-0.9747932850586126
70.901,1.2252427163108564,-0.013315420809390941,0.03986501149674677,-0.07551538289981087,-1.1153011190239557
70.951,1.2300098516673135,-0.013285696938480739,-0.009733245386112636,0.21123784212698815,-0.9874809152625279
71.001,1.2402806160993851,-0.013533344321801127,-0.05865020494722497,0.21538651159602384,-1.1192649842911144
71.051,1.242150767916912,-0.013596361049738659,-0.10843321814271527,-0.0744133404465132,-0.9821359749148202
71.101,1.2384576704422923,-0.013145853581021742,-0.15650995886641106,-0.07441740541757662,-1.1225103244913495
71.151,1.2430127402474296,-0.014074789091824295,-0.2064568123910151,0.20344718017631933,-0.9990223519208703
71.201,1.252844535274922,-0.016396332416867342,-0.25543453219179024,0.21305094652231854,-1.124900922739677
71.251,1.254681615623147,-0.01685789179864045,-0.3055083140931883,-0.06995886422814393,-0.9946326024627968
71.301,1.2516865768176306,-0.01570295712211591,-0.35444696375729523,-0.07371931925585828,-1.1266130986785712
71.351,1.2559786326946796,-0.017485413403175387,-0.40472718565389204,0.19668902163367125,-0.9996102894289963
71.401,1.264814013729159,-0.02166008812144056,-0.4537528776804289,0.20570878966755546,-1.1276475271625095
71.451,1.2665803424370845,-0.02242923006234376,-0.5040911522753114,-0.06604039659867925,-1.0008860524157475
71.501,1.2638770353155633,-0.020583919350817378,-0.553189559003401,-0.07462559063965814,-1.1281157626760758
71.551,1.2674192938617275,-0.023095544225825694,-0.6033998007900091,0.19251326145529474,-0.9993128095166317
71.601,1.2750371249117753,-0.028895400654454267,-0.652466784667021,0.20059386740938295,-1.1244810224914317
71.651,1.2761633426133387,-0.029833679628653985,-0.7027417779153998,-0.07948682342594596,-0.9964857521585967
71.701,1.2731648985701403,-0.02722541943455401,-0.7515362170643535,-0.07949126637087539,-1.1320273183998733
71.751,1.2764905159157403,-0.03056148524531844,-0.8014273776050642,0.21012851303996316,-0.987319020167523
71.801,1.2836996405602163,-0.03799834143649048,-0.8501089461628023,0.2101400853361355,-1.1233841307993229
71.851,1.284920406309622,-0.03908519401922759,-0.9001202696824011,-0.08089329751298485,-0.9873451340018863
71.901,1.2824482947565197,-0.03588421757757807,-0.9484962724696234,-0.08089773862008727,-1.122609014731907
71.951,1.284840272591674,-0.03922649409694732,-0.9985962255719353,0.18979370791637867,-1.0004790298050497
72.001,1.2900904889898723,-0.04705744760101377,-1.047646793923347,0.19804374818525972,-1.1261571785613846
72.051,1.2907709887606234,-0.048147037780933606,-1.0977760988063912,-0.08209752481898472,-0.9940255410299831
72.101,1.2887557776501324,-0.04464138086605698,-1.1465078151579358,-0.09082647032804908,-1.1215152968815092
72.151,1.290171536488384,-0.048078993819219956,-1.1966505434536432,0.17698320714798138,-0.9983889747381385
72.201,1.293457177125421,-0.05622083917306484,-1.2456135767738878,0.18611562680005023,-1.1264367152029333
72.251,1.2937246312993733,-0.056808257165520834,-1.296027296333752,-0.09497994482029978,-1.0042354093938615
72.301,1.2923753541073602,-0.052196238708657014,-1.3451664714011862,-0.10441820292338944,-1.1315843446989402
72.351,1.2930088814161333,-0.055363676732011514,-1.3954697696806055,0.17573819192768375,-1.0040604538028193
72.401,1.2945036821249145,-0.0639477333316956,-1.4447712090089375,0.18539838914685833,-1.1294521246445381
72.451,1.2945996247812785,-0.0637116556037661,-1.4950154192971508,-0.1242404688940288,-0.991751202762066
72.501,1.2942104059518433,-0.05751216691736975,-1.5435356912553497,-0.12424737633080378,-1.1324025031736782
72.551,1.2941484374756906,-0.06118611735901579,-1.5937809602659812,0.2053730946525935,-1.0017073810884092
72.601,1.2937697419716354,-0.07119148393181568,-1.6433229666095441,0.20832401512517285,-1.1363744589370615
72.651,1.2938911669988196,-0.07089588022696258,-1.6940235770681247,-0.142311595283356,-1.0015832020645175
72.701,1.2948594091894439,-0.06399515385949602,-1.7433011071097457,-0.14231966585309977,-1.1417296981140208
72.751,1.294050419853423,-0.06750184015727483,-1.7945414820743029,0.20879495057956163,-1.0222049102660302
72.801,1.2914837428578751,-0.0775492331491941,-1.8446778864793052,0.21836339419087517,-1.1484678087211668
72.851,1.2917345270451563,-0.07719462968797419,-1.8962964992891629,-0.1517175852915588,-1.029086185927552
72.901,1.2944127509617154,-0.07016704897120846,-1.9467838150060655,-0.16101251424510857,-1.1568608699306353
72.951,1.2929491943425275,-0.07331802510369838,-1.9990445373361108,0.21578816969998246,-1.0455360982571593
73.001,1.2881420610655425,-0.0829085932252139,-2.0503717719692856,0.22471684983107787,-1.1734973306317085
73.051,1.2886712587266147,-0.08226725920257802,-2.103160593612556,-0.17013325983793012,-1.051907237993416
73.101,1.2933103326089235,-0.07520228300754483,-2.1548345515087073,-0.1785880093701373,-1.1786821269356098
73.151,1.2912411159335968,-0.07792270918757803,-2.207949386215939,0.2264507355170638,-1.0583672588064548
73.201,1.284139111786402,-0.08667685020653636,-2.2599850092952765,0.2343424533253939,-1.1825626531283162
73.251,1.2849629653597106,-0.08588281614038999,-2.311255423332823,-0.19300356896496604,-0.9819883056016494
73.301,1.2915651746223533,-0.07889426047613927,-2.3594102469474123,-0.1930140783633454,-1.117886830516864
73.351,1.288782157263057,-0.08140818955236011,-2.4062202272990474,0.25416649911197153,-0.8918969999676745
73.401,1.2794160563234918,-0.09000194002854317,-2.4496909784327934,0.2649946421200743,-1.0008983214887992
73.451,1.2800465831630439,-0.0896088174132317,-2.4891697202587983,-0.19482352895668595,-0.719473894400295
73.501,1.2875899827990196,-0.08353424391985993,-2.5241857866276853,-0.20261683372589923,-0.8428357462408549
73.551,1.2842707300663463,-0.08561209820535363,-2.555298715879109,0.25940054159417847,-0.5450518058917048
73.601,1.2736122029933024,-0.09274826507703038,-2.5820437168521604,0.2698676259883569,-0.6587420656875135
73.651,1.2742872700430108,-0.0923771349229622,-2.6097752476922174,-0.1963869579047639,-0.5463455801319015
73.701,1.282586558430567,-0.087244902408417,-2.636129492421809,-0.2048371793069866,-0.6729600768975915
73.751,1.2795848638723344,-0.08891182088563836,-2.6624558113534427,0.2425815275746424,-0.5088972829661984
73.801,1.2691515150421908,-0.09478080360262449,-2.6873982177358857,0.25792827198948726,-0.6041129027739092
73.851,1.2703002972479809,-0.09426463877734098,-2.7108473496071412,-0.19919485219850794,-0.43007232438604387
73.901,1.2790571687871137,-0.08978867376676501,-2.7316725640458492,-0.21700686769020608,-0.5174002554027959
73.951,1.276017292596746,-0.09106110689986542,-2.751687135375837,0.239729889612033,-0.37316129242633106
74.001,1.265196122452832,-0.09590392511271466,-2.769665172769293,0.25786101682883267,-0.462077106209722
74.051,1.2665426874021672,-0.09540489301777796,-2.7867971576998176,-0.20475343633326334,-0.31510250491937614
74.101,1.2758924308046875,-0.09156989040939544,-2.8018618086341016,-0.22313412189750462,-0.40526486934145917
74.151,1.2727205511238082,-0.09264085918579086,-2.816800415387042,0.24538786562273032,-0.27790601583366065
74.201,1.261325021349781,-0.09676390036983486,-2.830179850426903,0.2639644718419605,-0.3690419080276226
74.251,1.2626251342694137,-0.09636572211893103,-2.8429531740448097,-0.20604311324991023,-0.22977609481425162
74.301,1.2722485142916895,-0.09312526032587043,-2.853891341286864,-0.22477640099924265,-0.3216952421089514
74.351,1.2689699678552817,-0.09403638024305548,-2.865078834052448,0.24824747159402014,-0.20398165674061255
74.401,1.2572399127926106,-0.09751978733580893,-2.8751104507278757,0.2671037151258236,-0.2965112192150445
74.451,1.2588166238622218,-0.09710622389427968,-2.88494792878563,-0.216976856224034,-0.17349474479915886
74.501,1.2691062113635163,-0.09424663652416053,-2.893382992005706,-0.23593543856758115,-0.266534371020164
74.551,1.2658882650702952,-0.09500300228504545,-2.90208645658724,0.2518344211986021,-0.15891496060096374
74.601,1.253829306224232,-0.09797878101914351,-2.9098324879400272,0.27134041957612653,-0.24408345453393399
74.651,1.2555190548345956,-0.09759344468547558,-2.917503439277167,-0.2228587761571817,-0.13271503740033855
74.701,1.266204745134484,-0.09512145917943206,-2.9240506313457093,-0.2422248198379731,-0.2215868140470646
74.751,1.2629430881387016,-0.09578010813280678,-2.931003613855353,0.25631473651956116,-0.12905873635888895
74.801,1.2505562819838392,-0.09834421652199345,-2.9372389359953224,0.27629101479246354,-0.2064141732159737
74.851,1.25233159993181,-0.09799531917707809,-2.9434296926146897,-0.22827877680494937,-0.10687407918891431
74.901,1.263371358150366,-0.09586312831806257,-2.948675066959737,-0.24812929099490924,-0.18715456180827264
74.951,1.2601009543236887,-0.09643658984488661,-2.954335894981969,0.25976418290994224,-0.10372644097202634
75.001,1.247469597689878,-0.09863394760993145,-2.9594248504660805,0.27999665925831996,-0.17523256463716214
75.051,1.2493360868879302,-0.09830902793315043,-2.9645457418740393,-0.23331270091164313,-0.08796679607028414
75.101,1.26068606467569,-0.09646992081244465,-2.96889146027755,-0.25345489998324533,-0.1613407111280807
75.151,1.2574157432778899,-0.09696636737144912,-2.973594273814011,0.2627016591732167,-0.08540631144411275
75.201,1.2445818042492558,-0.09884304353400325,-2.9778200516309994,0.2831561208551777,-0.14998404674530988
75.251,1.2465272926688384,-0.09854080123486227,-2.982111980020866,-0.23772690430627458,-0.07356034450455269
75.301,1.2581406524096412,-0.09695172219433111,-2.9857712282840723,-0.25804596292535775,-0.14108356543656428
75.351,1.2548266379452662,-0.09739930013195779,-2.9897835650014493,0.2667898105081373,-0.0746355975456782
75.401,1.2417470694789507,-0.09902907100701112,-2.9933926247391947,0.28739847820191744,-0.1322936763230129
75.451,1.2437239126681392,-0.09881889823158443,-2.9968223126109925,-0.2409281388862086,-0.058528408196990254
75.501,1.2555504065504766,-0.097556679045755,-2.999568299672501,-0.2617837834642373,-0.1067576735842991
75.551,1.2522244141911814,-0.09800555542703494,-3.002896922821594,0.2694085966011294,-0.06578534718542425
75.601,1.2389851500091804,-0.09942773931737381,-3.0060317360736173,0.29008067280525,-0.11882759429621623
75.651,1.240998682045285,-0.09917422860072021,-3.009255345998882,-0.2441769595988848,-0.05675541930953394
75.701,1.2529916737650404,-0.09797021435839835,-3.011962076468385,-0.26469222233371215,-0.11372042966196744
75.751,1.2496073456185608,-0.09833733542518464,-3.015015013690203,0.2731081749459749,-0.05809455806750049
75.801,1.236161050256227,-0.0995803107060191,-3.0177325793825895,0.2937924495927095,-0.10740965114026385
75.851,1.2381571499572885,-0.09935199260235207,-3.0205594364563604,-0.2459659257114932,-0.049905345438141784
75.901,1.250257750032123,-0.09830590027570159,-3.022894844078474,-0.2664843399521661,-0.10404167174728361
75.951,1.2468225641093353,-0.09864079278636073,-3.0255873503417736,0.2758927578175312,-0.051531161444222595
76.001,1.2332209854594314,-0.0997295673543964,-3.0279638701158276,0.29654576864884413,-0.09879464821632175
76.051,1.23518707786476,-0.09952365651007697,-3.030468132822684,-0.2467560648248548,-0.04414311033383004
76.101,1.2473401464634988,-0.0986134164501511,-3.032506870253786,-0.26723628872176236,-0.09705970289388945
76.151,1.2438459837883702,-0.09892366576098952,-3.0349107730499036,0.27831313669299806,-0.046127437327224116
76.201,1.230112063188589,-0.09988438284522734,-3.0370126216657627,0.29890255871602,-0.09275953639710102
76.251,1.2320233320920864,-0.09969766875486805,-3.039258477389704,-0.24649394736082664,-0.039309872930614366
76.301,1.2441724490689388,-0.09890212038832384,-3.0410538875071644,-0.2669082148095235,-0.09235746448409299
76.351,1.2406118118024096,-0.09919381091185958,-3.0432265220549786,0.2803038105575651,-0.04169220864825704
76.401,1.2267704587469739,-0.10004801236244998,-3.045109362464748,0.3008089694378546,-0.08894665156301251
76.451,1.2286023456958775,-0.09987977602041986,-3.0471571591959896,-0.24513909880790571,-0.0352369596647485
76.501,1.2406901628176916,-0.09918354237569187,-3.0487623224579385,-0.2654709595421808,-0.08965779556086365
76.551,1.2370561606386647,-0.09945898719577044,-3.0507622749637,0.2818116854828653,-0.038041102408126956
76.601,1.2231339512497779,-0.10022467134652045,-3.052473573196167,0.30222003132515046,-0.08710782731233889
76.651,1.2248963404784246,-0.10006865745744595,-3.054381134172001,-0.2438162693778934,-0.03225906478326438
76.701,1.2369217734833389,-0.09944635268697229,-3.0558535486771077,-0.26404553700353145,-0.089486397007113
76.751,1.2331952994881985,-0.09970718168491088,-3.057722238940813,0.28397915240768945,-0.03511951373418674
76.801,1.2191609808795063,-0.10040164229089278,-3.0592958740118608,0.30428769055061905,-0.08655244910194312
76.851,1.2207447017799233,-0.1002683046640341,-3.0610713127964524,-0.23927521252622128,-0.02898145247567386
76.901,1.2325466862732584,-0.09972671143048054,-3.062405232228847,-0.2594150946108776,-0.08896908593442321
76.951,1.2287439995582372,-0.09998088125268768,-3.0641805100353348,0.2834937283233246,-0.03282310377717894
77.001,1.214731977052895,-0.10061470608692866,-3.0656684114297206,0.30368300224553585,-0.08857187268243234
77.051,1.216176124888809,-0.10049404086434559,-3.067391645999375,-0.23429315234309722,-0.02689744542152521
77.101,1.2277303481456638,-0.1000069457300867,-3.0686667146465965,-0.2543200560401876,-0.09166845839144055
77.151,1.2238407823825899,-0.10024947628694232,-3.070404866751487,0.28305735590389025,-0.0309916629399872
77.201,1.2098493877607952,-0.10083165760813076,-3.071839308513538,0.30312978285930964,-0.09172191199112698
77.251,1.2111313273332078,-0.10072576530456791,-3.073548425810469,-0.22858748480266936,-0.025065251795716642
77.301,1.2224012360448893,-0.10028832236607639,-3.0747973264797697,-0.24850974246872662,-0.09503623988730493
77.351,1.218508555535733,-0.10052068512177591,-3.076562479781598,0.2793687762375227,-0.0298260500453381
77.401,1.20470169546729,-0.10106026642795732,-3.078007766674174,0.2993047291509962,-0.0978983297075972
77.451,1.2058457148535857,-0.1009699610788077,-3.0797695373146863,-0.22152171149712746,-0.023740414019310475
77.501,1.2167625780363653,-0.10057649942449791,-3.0810390480790684,-0.2413353343003947,-0.10018228186252248
77.551,1.2126734434409174,-0.1007981394685247,-3.0828524128470387,0.28119378255079375,-0.028675636209288063
77.601,1.1987746692666132,-0.10129726797216754,-3.0843096460432653,0.30103018468351267,-0.10255857857934968
77.651,1.199629613074879,-0.10122235021770491,-3.086170560491978,-0.21311361756682234,-0.02294118561539193
77.701,1.2101258397746562,-0.10086818422652936,-3.0875177474453506,-0.23281940578307397,-0.10717640510846112
77.751,1.2059381157773912,-0.1010748130170793,-3.089463270600243,0.27886955143881637,-0.027941899693022187
77.801,1.1921555622215714,-0.10153289485368262,-3.0909973714022407,0.2985927217672724,-0.11015469524214908
77.851,1.1927767447374962,-0.1014759697950963,-3.0930304691751,-0.2037644976474534,-0.023107837900622916
77.901,1.2028057846768188,-0.10116341443002211,-3.0945006336481944,-0.22338186615272324,-0.1152191876069256
77.951,1.198514121773174,-0.10135061986649953,-3.096647647263482,0.27609526920346317,-0.02775632528803216
78.001,1.184869899451779,-0.1017623634299101,-3.098311932087712,0.2957195976675497,-0.1191709640466422
78.051,1.1852326340083243,-0.10172404378655293,-3.1005956883199524,-0.1932525845475461,-0.028645105569744336
78.101,1.194738599044413,-0.10145495205511203,-3.102247091294007,-0.21283615826581762,-0.12478118557312384
78.151,1.1903430085546343,-0.10161350523722548,-3.1046638874973937,0.27252114926905135,-0.032708972018852936
78.201,1.1768744254508159,-0.10196779966581834,-3.106496040106543,0.2921078686617092,-0.1288603428147584
78.251,1.176960930982027,-0.10194787593498296,-3.109085176420754,-0.18162165889526077,-0.038927286133715315
78.301,1.1858892692190228,-0.10173228739066265,-3.110982308468501,-0.20121138800600485,-0.13509345867672834
78.351,1.1813900856652957,-0.10185617129425806,-3.113739341438208,0.2681758909532167,-0.0434629072793106
78.401,1.1681341260385172,-0.10213563573290364,-3.1158144561286996,0.28776840331279513,-0.1396426917339212
78.451,1.167927501466742,-0.10213052142630678,-3.118779856445169,-0.1689491104020409,-0.05023859291795331
78.501,1.1762253203329234,-0.10197855707529052,-3.1210023647685188,-0.1885440984472218,-0.14643077133103366
78.551,1.1709196987438133,-0.1020698541241483,-3.1240832811228096,0.2865760182990775,-0.05155853340401972
78.601,1.1567403003848213,-0.10226237596681813,-3.1263672090732078,0.3061731449000126,-0.14776120833155743
78.651,1.1557563245588467,-0.10227165979820636,-3.129721003601503,-0.15530374985702672,-0.062033541683923124
78.701,1.1633738703363794,-0.10219419487654938,-3.1323430807206414,-0.17490245358779866,-0.15824435583377428
78.751,1.1586960540882385,-0.10222482186717899,-3.1361261550469397,0.2565252419805344,-0.07260297000309131
78.801,1.1460169737452865,-0.10228126892444181,-3.139163112513387,0.2761251196956741,-0.1688194003814024
78.851,1.1452051386555102,-0.10229049307303473,3.1398577982015454,-0.14101501233398434,-0.08025091425334942
78.901,1.1521088665955521,-0.102307302105373,3.1364999307940264,-0.1606150943218599,-0.17646902811336337
78.951,1.1475273720512789,-0.10226579613240734,3.131802504144734,0.24379281333087144,-0.0941832003596541
79.001,1.1354855129324937,-0.102130012063015,3.1277982918082348,0.2633921278754246,-0.19039737910034338
79.051,1.134447283228732,-0.10212890719835807,3.122688800918182,-0.12498614742471707,-0.09921929925062131
79.101,1.1405480064116902,-0.10227030656539791,3.1184425259868216,-0.14458280570740312,-0.19542153890059563
79.151,1.1358755721942666,-0.10213882353271228,3.1127490343885253,0.23619681736024267,-0.11551759817342175
79.201,1.124218862162066,-0.10175631391944223,3.1076940624495877,0.25578899237384667,-0.2116979213386328
79.251,1.1228512504651453,-0.1017251576193441,3.1015118603041762,-0.10893737919789444,-0.12103677653850496
79.301,1.1281448708092936,-0.10199001284869462,3.0961804594309914,-0.12852180177411615,-0.21718081785750992
79.351,1.1233682835583114,-0.10174388091068776,3.089276328302419,0.22912661414199872,-0.14142850462536383
79.401,1.1120782561693454,-0.10107583766611321,3.082924604764297,0.24870021509929677,-0.2375196979790925
79.451,1.1105568959126273,-0.1010060727112884,3.075271895103401,-0.09906998106319916,-0.1527863809795618
79.501,1.1153475645071076,-0.1014085761693965,3.068351330312291,-0.11862711513640786,-0.24879934089217404
79.551,1.1101083842974333,-0.10098479244252624,3.0599832990144815,0.23834035594391903,-0.16906130026181285
79.601,1.0983864857508903,-0.09991031577324881,3.0522477029910795,0.2578756907187195,-0.2649677091991437
79.651,1.09591990588808,-0.09971156982118193,3.043096667451185,-0.0735094589791137,-0.18431447472973114
79.701,1.0994201429025632,-0.10017832323139951,3.0345967588035663,-0.09301470607354995,-0.2800773061246161
79.751,1.0942214442435803,-0.09957230651446557,3.0242845354506716,0.22057617226515683,-0.21285932608775268
79.801,1.0834323332099933,-0.09813856477518945,3.0143550407701993,0.24004225290496492,-0.30843107795323527
79.851,1.0809182421805932,-0.09782441966092587,3.0032926902611075,-0.0607817931537472,-0.21561410487910657
79.901,1.0837469788908218,-0.09834544188833798,2.9931701985953882,-0.07426483170102152,-0.328517876719553
79.951,1.0779296369733675,-0.09739430750979673,2.9793733259029214,0.2339805457282528,-0.30792753735606565
80.001,1.0665646206642152,-0.09530150169629764,2.9646826544748808,0.2533247787700595,-0.4029110402566514
80.051,1.0633139416154196,-0.09470594262024934,2.9502665270466077,-0.04412072396464347,-0.263466095170565
80.101,1.0653869693076832,-0.09522475795056115,2.938043988214713,-0.05374217827222227,-0.3890772100854578
80.151,1.0599653475054844,-0.09398772200694855,2.921745033298191,0.21226857096454443,-0.36124169524651784
80.201,1.0498125828989944,-0.09141352422516293,2.9043769891380293,0.23139870518754918,-0.4551886361576965
80.251,1.046807839386675,-0.09063900278361926,2.885779427372086,-0.03608206125984239,-0.367442101993906
80.301,1.0483853720239875,-0.09118860703811468,2.8682956576983267,-0.04271920908687265,-0.497308521971935
80.351,1.0429843025211791,-0.08951243929248393,2.8460217349921493,0.20824065941431158,-0.48945107029668766
80.401,1.033275205013533,-0.08613785598023985,2.8222209418649147,0.22699393639290202,-0.5815760744239583
80.451,1.029773308291645,-0.08484942757303371,2.797193067778578,-0.013992718756177653,-0.4952032245516891
80.501,1.0304295804803085,-0.0850897094748316,2.7733971159809965,-0.01399293487950953,-0.6281758935526444
80.551,1.0247536032827051,-0.08270182143505478,2.7444377517051177,0.21342689298245168,-0.6231623472722674
80.601,1.0150956453734845,-0.07831759195571596,2.714233709983355,0.22246926251699045,-0.7512077597849871
80.651,1.0111643013686655,-0.07640513592853246,2.6801508911285903,0.00529761485928479,-0.7093504833636246
80.701,1.010928224022296,-0.07628502901352975,2.6456906420962065,0.005297771049777017,-0.8381658755425091
80.751,1.0057694866374678,-0.07321510592694468,2.604521308845445,0.1956355527345125,-0.8903767066140986
80.801,0.9976289350007018,-0.06789274443885594,2.5609272102483063,0.20406497343196872,-1.0170489405061587
80.851,0.9940258522586528,-0.06537970356766477,2.513286687386589,0.016067984619424564,-0.9818449505094844
80.901,0.9933820983537874,-0.06489911649696382,2.465228217143321,0.016068857310341987,-1.1161200441919956
80.951,0.9885938776844034,-0.06067632272871874,2.412379159807023,0.20662843783214485,-1.0879160316720955
81.001,0.9810318017265489,-0.053658829638546866,2.3589778885238837,0.20732710006735405,-1.2222934693105134
81.051,0.9773703586838405,-0.04997533308962605,2.304744358995356,0.03491558674493568,-1.072378994864337
81.101,0.9762196749795198,-0.04866259213064072,2.2521321191640338,0.034917830027593855,-1.2083115599590697
81.151,0.9723868110885951,-0.04394269173351799,2.197889219133537,0.1782549430295323,-1.0822776564005976
81.201,0.9670337934632527,-0.03689034651935437,2.1447497068351673,0.1862024272071452,-1.206406550637449
81.251,0.9644226436928176,-0.032998168054850986,2.0913279678433914,0.03784859832441345,-1.0497225584630911
81.301,0.9635045272016778,-0.03159008558994246,2.03970933877527,0.037850925624624235,-1.1812607559518407
81.351,0.9608636784759224,-0.02651109971806166,1.9871236354769295,0.1705190100515625,-1.0397108699208948
81.401,0.9573485461514607,-0.018818168070210577,1.9361013362208859,0.1794927082411022,-1.1676722566916027
81.451,0.9557585596543284,-0.014795595592242331,1.884331950879126,0.030928112872658238,-1.0205673144551337
81.501,0.9553015605381858,-0.013318351008123881,1.8343673529588835,0.030929920152055007,-1.1545507053270982
81.551,0.953914001496132,-0.007894886350442474,1.7832290921273557,0.1648082713163306,-1.0159856952282311
81.601,0.9521910227240914,8.858038153013796e-05,1.7333440001658635,0.17439801417087802,-1.1422553011619663
81.651,0.9515411258514849,0.003950482944102728,1.6825913441093467,0.021050563481338436,-1.0009564575491694
81.701,0.95143753736314,0.004997844092773702,1.6336140840086253,0.02105175622347919,-1.141102224491023
81.751,0.951229032768942,0.010408745070214205,1.5838492985523174,0.16646515895880368,-0.980208461240422
81.801,0.9512279139296375,0.01873042874912641,1.5358950175590889,0.16647422222215044,-1.1213032068510465
81.851,0.9513288311333589,0.021797453146233235,1.4867462421789401,-0.008369786845555772,-0.9725003619814842
81.901,0.9512883591541587,0.021380946773558132,1.4391584358166534,-0.008370236511780791,-1.113185486071253
81.951,0.9520926023314668,0.02615858489215061,1.3899308188056707,0.16597390524057884,-0.9816738894425338
82.001,0.9537843546462781,0.034210803311860175,1.341819602936671,0.17562352065841902,-1.1069130398083058
82.051,0.9542989286949481,0.036340679648850176,1.2928744813846194,-0.03737735029763827,-0.9667964845597532
82.101,0.9537633118386128,0.034550308836607854,1.245500540620785,0.1875639545059356,-1.0982868743468968
82.151,0.956896854803309,0.042922975676007634,1.1966630160010545,0.17843195508496948,-0.970254886661973
82.201,0.9604358182268184,0.05104325512309001,1.1491105039334244,0.18756394882730681,-1.0982868743468968
82.251,0.9611588794928015,0.05282524327188804,1.1019913891422406,-0.05389750719408453,-0.9132094720313703
82.301,0.9597102467563711,0.05061204404335806,1.0572732299368706,-0.06264312903131639,-1.0408656299714412
82.351,0.9618971523080887,0.05417079519985899,1.0145925104239137,0.17428337831854943,-0.8031373695806568
82.401,0.9667988450583119,0.061309908413470615,0.9753574114665133,0.1826129234387439,-0.9294179728035608
82.451,0.9672816356062607,0.062166042786338686,0.9387785272405822,-0.08332921811144528,-0.6721810261233797
82.501,0.9645814895206583,0.05884097980903727,0.9063188148788862,-0.09034849420217186,-0.7975958943902245
82.551,0.9670391414954199,0.0616172257659307,0.8747888740553253,0.18291509896347613,-0.5968573077155155
82.601,0.9730303290028638,0.06831292905413122,0.8454501589468861,0.1904397414206025,-0.7189060024752255
82.651,0.9730649338071643,0.06854343221677028,0.8182348974427769,-0.11365715252544642,-0.48808492748114357
82.701,0.9690775814381186,0.0645878123635891,0.7946372559763097,-0.1186662781871595,-0.6125967185005737
82.751,0.9713689069338607,0.06684266857661979,0.7713078690219531,0.18135660437032614,-0.44426441702407254
82.801,0.9778421138121619,0.07304338993240649,0.7498418419169914,0.1952168414181853,-0.5440446480203637
82.851,0.977370227866754,0.07267781028668481,0.7295802861273737,-0.13867117364529266,-0.3708860398650448
82.901,0.9722258980872917,0.06818489500081386,0.711780277806266,-0.1525101961508717,-0.47052949602695104
82.951,0.9745055265919171,0.07011539961890595,0.694120535259972,0.19094537740441214,-0.3267756054663501
83.001,0.9816634632438422,0.07608172735510452,0.6777280997303771,0.20522134314634966,-0.4231481005982984
83.051,0.9808987161609986,0.0755116721024937,0.662468558471702,-0.1553109526871848,-0.2730874420923778
83.101,0.9749633297972432,0.07081531628328579,0.6489826484084963,-0.17181920584187615,-0.3552875392429014
83.151,0.977079520735261,0.07245980964822236,0.6355066776502252,0.18893427969287402,-0.2572327989075943
83.201,0.9844444541713993,0.0781072110658155,0.622990623960557,0.21052575831913364,-0.30926030987980624
83.251,0.9834944664744182,0.07745233552601112,0.6113565211822641,-0.16124148558365128,-0.21026910513117908
83.301,0.9771181458973122,0.07280600604713457,0.6011336700836782,-0.18291683889837373,-0.26253902093285075
83.351,0.979034129976872,0.07399288984832869,0.5907486538336224,0.17897157988832677,-0.20286799877553113
83.401,0.9863510455023221,0.07883465823270018,0.5808862170171057,0.20297816264089816,-0.23351166485289604
83.451,0.9846469457880365,0.07790539774460666,0.5716275438320971,-0.17978373062080144,-0.1794932719724639
83.501,0.9770614457813509,0.07339713322963191,0.5629762038546382,-0.20687171974581822,-0.17949327197249934
83.551,0.9788752954533004,0.07444750475368397,0.5546992922001737,0.1860675654666588,-0.16090473838008124
83.601,0.9868160944801865,0.07892310760953428,0.546719850476306,0.21305205851337466,-0.1609047383800455
83.651,0.9848808574530924,0.07782429267312571,0.5397113786101602,-0.1943286237241738,-0.1273173818640171
83.701,0.9765092155581317,0.07328423302279502,0.5333455095255564,-0.22121502609705784,-0.12731738186405295
83.751,0.9782993392212538,0.0742721310861361,0.5276886984407272,0.19372108630386822,-0.10368211512581477
83.801,0.9867067366100662,0.07868340966665376,0.5225045926890822,0.22052441545674115,-0.10368211512577884
83.851,0.9845463318570156,0.07750612572346338,0.5180050216497734,-0.2071797442985045,-0.0808642913324002
83.901,0.9755054912448186,0.07285355201489586,0.5139618070853553,-0.23391336153081238,-0.08086429133243618
83.951,0.9772741301786564,0.07378920413557702,0.5104750370693492,0.20083184083838235,-0.06231613969481993
84.001,0.9860772161944592,0.07821150453520757,0.5073592300856185,-0.24504343294155276,-0.046085274490801825
84.051,0.9762950589443079,0.07319743117476012,0.5050549663614865,-0.21840692642042955,-0.04608527449076575
84.101,0.9666957769883253,0.06840307094156844,0.5027507026373541,-0.2450434421611653,-0.046085274490801825
84.151,0.9686027428959617,0.06939385398891006,0.500882856319908,0.21325148965779417,-0.031538027595761006
84.201,0.9779978638261111,0.07402114597616707,0.4993059549402529,0.239855739739268,-0.031538027595724896
84.251,0.9755990257696121,0.07276868596945871,0.4979682667832202,-0.22838679257454664,-0.023564253506738218
84.301,0.9655238389711086,0.0678102102656126,0.4967900541079362,-0.25496824342003566,-0.023564253506774338
84.351,0.9672870422312705,0.06871228219085032,0.4959882554118299,0.21428442622306842,-0.011017120866562957
84.401,0.9767523020962261,0.0733146931849218,0.4954373993685088,0.24085027242657261,-0.011017120866526807
84.451,0.974140712711234,0.07195521522705564,0.49507668196339877,-0.23700758593757892,-0.004679166259342078
84.501,0.9636712820420158,0.06682197116348985,0.4948427236504306,-0.26356619711207824,-0.004679166259378219
84.551,0.9655334336389169,0.06777682600980879,0.494970089725323,0.2237627169033078,0.007364980002668935
84.601,0.9754197081609068,0.07259613979503465,0.4953383387254568,0.2503204969414365,0.007364980002705069
84.651,0.972781891127932,0.07121865234268752,0.4957614218392605,-0.24437017274744524,0.009192783791788794
84.701,0.9619939423428191,0.06589992765847502,0.496221061028845,-0.27093423055425825,0.009192783791752658
84.751,0.9638441028059362,0.0668549478280836,0.49701064955870794,0.2283096409499273,0.02019109513495499
84.801,0.9739176672899155,0.0718075378459373,0.498020204315423,0.25488356284421887,0.02019109513499112
84.851,0.9712030048043356,0.07037557470880355,0.49902872790256375,-0.25050408104534505,0.020156722815864617
84.901,0.9601667942202091,0.06486866143370076,0.500036564043321,-0.2770938426174098,0.020156722815828507
84.951,0.9619439786377023,0.06579591642881882,0.5012918153037638,0.2298039068473392,0.028403893473186594
85.001,0.9720576831379135,0.07083442246040016,0.5027120099773291,0.2564113238438312,0.028403893473222704
85.051,0.9692474421750437,0.06933044549228307,0.5041503157815825,-0.25543074029266793,0.0290075978296238
85.101,0.9580288209716342,0.06363977898233603,0.5056006956729606,-0.2820602731970495,0.029007597829587735
85.151,0.9598286529148431,0.06459542817507677,0.5072879862903376,0.23418739185040036,0.03690462203169813
85.201,0.9700979761136487,0.06981025443860031,0.5091332173917145,0.26084094963975013,0.03690462203173417
85.251,0.9672778747852673,0.06827396187837333,0.5109837294109331,-0.2591430481283511,0.03708065262653977
85.301,0.9559427864067241,0.06240557452333508,0.5128377620420465,-0.2858245282634283,0.037080652626503764
85.351,0.9586450443318529,0.06389023333157787,0.5146874601854734,0.2715041557325839,0.03693616970356707
85.401,0.9704931822774493,0.07010990839823428,0.5165342686704438,0.298213301098732,0.036936169703603056
85.451,0.9682681683948104,0.06888234712971124,0.51864984234311,-0.26166941039068853,0.04589500929736183
85.501,0.956875817148583,0.06285300308601388,0.5209445928075732,-0.2884077068182076,0.04589500929732589
85.551,0.9595936936509605,0.06438020018579625,0.5235983759642564,0.27431751379126157,0.05786276571270729
85.601,0.9714982408515276,0.07079104261268446,0.5264915142490868,0.3010916454946603,0.05786276571274323
85.651,0.9693161399137479,0.06955288800453005,0.5291809169992946,-0.26245230560398347,0.05107158122033288
85.701,0.9579633422770234,0.0633695067776322,0.5317344960597548,-0.28926607692572537,0.05107158122029699
85.751,0.9598171223975295,0.06442872564845648,0.534467496825241,0.24207565484944432,0.057052304725512044
85.801,0.970255730942229,0.0701602829346502,0.5373201120607445,0.26892617891422865,0.05705230472554784
85.851,0.9675141728708023,0.06855499083479678,0.5401962075196552,-0.26321689464118003,0.05783497883982318
85.901,0.9562073457103278,0.062211774918143246,0.5430879564608387,-0.2901064207144981,0.0578349788397874
85.951,0.9581165590914845,0.063336466275715,0.5460935254924019,0.2452668848180874,0.0616289818557887
86.001,0.968613824089339,0.06928777455274637,0.5491749745842176,0.27219561890909943,0.061628981855824425
86.051,0.9659729476519133,0.0676968183938865,0.5522262990918196,-0.2622030526947223,0.06062482904780857
86.101,0.9547969576744725,0.06122863911936569,0.5552575405432797,-0.2891715748921318,0.060624829047772916
86.151,0.9576191792536907,0.06295598058794258,0.5582416054905465,0.28101646513010015,0.059052278906552076
86.201,0.9695484945914674,0.0699976956578058,0.5611942194350187,0.3080230294322452,0.05905227890658771
86.251,0.9675847237428024,0.06878655640725886,0.564453572805288,-0.26016328741033096,0.06927692644376869
86.301,0.9565863514559738,0.062219636562606276,0.5679174191260894,-0.28720814536049954,0.06927692644373315
86.351,0.9594350643800865,0.06401825612461091,0.5712854985970055,0.28164790844576604,0.06608469811054525
86.401,0.9712857678433557,0.07125008976080167,0.5745897335013326,0.30873363480169796,0.06608469811058072
86.451,0.9694297464899274,0.07006774715821017,0.5782240693657148,-0.25701843428344967,0.07708806345993209
86.501,0.9586675253325683,0.06341713760590097,0.5820784725368009,-0.28414435893664275,0.07708806345989666
86.551,0.9606386604858593,0.06469847248777628,0.5862817698707168,0.24560167944791345,0.08871786890752931
86.601,0.9708633020556566,0.0711313854923025,0.5907176633131851,0.27277272178647,0.08871786890756468
86.651,0.9685345496991862,0.06958171516908021,0.5949735499171054,-0.2528582586575382,0.0827176409449811
86.701,0.9580732269224685,0.06284635369829593,0.5991094319619948,-0.2800758832314997,0.08271764094494585
86.751,0.960147793796767,0.06425137715285145,0.6035076746063304,0.247969095771631,0.0914629942763643
86.801,0.9703413252946503,0.07094900621651147,0.608080824316963,0.27523053027145367,0.0914629942763994
86.851,0.9682063855138267,0.06947151122027975,0.6125109601886368,-0.2477287088295128,0.08669586630169429
86.901,0.9580912548568118,0.06267868284158921,0.6168457535010039,-0.2750341895313798,0.08669586630165922
86.951,0.961050237367553,0.06477201493390568,0.6211845098221305,0.28184040170669933,0.08682796659383035
87.001,0.9724836311802746,0.07265758248325221,0.6255259081490964,0.3091861919353744,0.08682796659386528
87.051,0.9710724952345238,0.07164425531952148,0.6303052785465016,-0.24166502180035782,0.1014270356409429
87.101,0.9613431652428267,0.0648270223569529,0.6353766303241996,-0.26905105275108787,0.10142703564090806
87.151,0.9634971789958416,0.06641515225552283,0.6406799907347661,0.24617016473316347,0.10916065675794437
87.201,0.9733247331080336,0.07348196023770344,0.646138023567245,0.27359914173007793,0.10916065675797908
87.251,0.9714448682542933,0.07206142042346811,0.6517282824993194,-0.23850278236334738,0.11356819342486278
87.301,0.9620117569177596,0.06510514540071548,0.6574066921644572,-0.2659742980968221,0.1135681934248282
87.351,0.9642535618047232,0.06684320729028723,0.6632064095520619,0.24940032314438282,0.1176117841871954
87.401,0.9740231527381775,0.07425815871945675,0.6690869987546445,0.27691241441175707,0.11761178418722978
87.451,0.9724962839322652,0.07304295400149162,0.6748780592640384,-0.22715452936048308,0.1146274944042374
87.501,0.9636926442481867,0.0661970337446899,0.6806094339779722,-0.25470416477694247,0.11462749440420314
87.551,0.9658117119868139,0.0679251177700889,0.6869849912121893,0.23841827519543268,0.13610024516481972
87.601,0.9749517655544762,0.07525275254977659,0.6937900034599278,0.2660029716213305,0.1361002451648538
87.651,0.9734819680281938,0.0740139070631591,0.7004121908218455,-0.2188523730315601,0.13000608227723562
87.701,0.9652011559868451,0.06718084838978101,0.7069124949265505,-0.2464711233463297,0.13000608227720178
87.751,0.9682150326795524,0.06978317121207478,0.7142977301814246,0.27446176548262213,0.1595037874378749
87.801,0.9784789139413252,0.07857704346197554,0.7222729195364115,0.30211068885573744,0.1595037874379086
87.851,0.9777901569797525,0.07794184184019386,0.7305944378452418,-0.21002745462606345,0.17104808597826285
87.901,0.9700843414224913,0.07111652529625123,0.739146842123301,-0.23770478569436543,0.1710480859782294
87.951,0.9730581171731951,0.07387269290327045,0.747597050009444,0.27099917975238974,0.16764153955656197
88.001,0.9828593664603125,0.08292526914817178,0.7559791269676438,0.2986983902096868,0.16764153955659514
88.051,0.9823465150112096,0.08240447445600313,0.7649813863883718,-0.20084860214507205,0.1883142884714646
88.101,0.9752502711814165,0.0755955762773431,0.7743971007841183,-0.2285618197774299,0.18831428847143172
88.151,0.9774468005618389,0.0777953310813943,0.7831373429364124,0.23335483004862423,0.16579854684626286
88.201,0.9855495638547134,0.08589920949024743,0.7914272702597372,0.26107370028486987,0.16579854684629547
88.251,0.9847354468829308,0.08503227367706155,0.7998857486013976,-0.19104682652469246,0.171416914164127
88.301,0.9782597494837736,0.07829536024893613,0.8084565942886156,-0.21876281752912108,0.17141691416409474
88.351,0.9804354475731271,0.0806315640255081,0.8176698037063646,0.229626418195238,0.19282903869286352
88.401,0.9880827704496176,0.08891509336312663,0.8273112556111342,0.25733105585887894,0.19282903869289542
88.451,0.9874492075020824,0.08816866973178333,0.8370830142453191,-0.18156198649536615,0.19717259638138596
88.501,0.9815918897827414,0.08150619291017101,0.846941644032447,-0.2092439823958937,0.19717259638135443
88.551,0.9837244096813815,0.08399507045502859,0.8574549951663468,0.22616285749449414,0.21899664151016277
88.601,0.9908721156666646,0.09248973621046387,0.8684048271980934,0.2538101151818376,0.218996641510194
88.651,0.9904039151184815,0.091882958701674,0.8791399307223784,-0.17184266640128454,0.21472323774613158
88.701,0.9851329755168973,0.08531131936776777,0.8895616685599342,-0.19944000175953286,0.21472323774610083
88.751,0.9878144847602939,0.08874994360145265,0.9004721790098704,0.2563067253448855,0.2246840306332091
88.801,0.9954691315052767,0.09877180497773863,0.911706380494271,0.28384270740865386,0.22468403063323947
88.851,0.9953815403336853,0.09884844422243165,0.9228148828808624,-0.1673117588463782,0.21353274683363313
88.901,0.9903518630308883,0.09239790003110447,0.933320012212405,-0.1896750837037625,0.25822683085093345
88.951,0.9927482355763245,0.09598787776365515,0.9454985260804423,0.2512353143834165,0.26472318489278485
89.001,0.9997438207809767,0.10618509661764491,0.9586782457629202,0.2786003848213172,0.2647231848928143
89.051,0.9997252410785542,0.10640831164298066,0.9716957241466329,-0.15844837039786258,0.252461149195964
89.101,0.9952332107450129,0.10007969860224114,0.9839230257653739,-0.1801618009607323,0.30483904438283205
89.151,0.9975840646593664,0.10382406543871042,0.9973492217864393,0.24955767286506442,0.2760761722019195
89.201,1.0042091324346565,0.11419411236976451,1.0108443876451378,0.2730814186347006,0.31143843116310793
89.251,1.004317671069364,0.11452400726271646,1.0253728082478568,-0.15237576460829896,0.2960333494580777
89.301,1.0002351525850828,0.10827611429134615,1.039741034803608,-0.17114446319528365,0.36613116316862154
89.351,1.002339578283975,0.11216226686120628,1.0553331336142562,0.2455697607432781,0.31919456080246605
89.401,1.0083194111669747,0.12269767390475368,1.070894233990465,0.2674553888754271,0.3721116632480767
89.451,1.0083752932214807,0.12302207292997318,1.0874076741041372,-0.1516796444105309,0.3234460829265262
89.501,1.0046220949958062,0.11662704107132481,1.103162428970458,-0.16296108777251983,0.4381761955209889
89.551,1.0063760554526169,0.1200412804568535,1.1230084728350085,0.22519640284181108,0.4338614678281599
89.601,1.0115725582535717,0.12988929109510405,1.1440273167006805,0.2428667093499176,0.5204874969162258
89.651,1.0116420536824144,0.12978889742033883,1.1650347825094054,-0.1512686853579615,0.3957962523122561
89.701,1.008515617746385,0.12308170427192155,1.184295488557289,-0.1602745957229095,0.5238124312629185
89.751,1.010059771524875,0.12683191365431287,1.2077900340903327,0.23205069938306444,0.5070604192733968
89.801,1.014427786444757,0.1374366412035352,1.2324457786060408,0.25037718652239,0.5969075561686465
89.851,1.0146419399827022,0.13771700967557723,1.2570629210804722,-0.14173979995705463,0.4710255084892079
89.901,1.0123533477101543,0.13110132980717581,1.2797305811884332,-0.15106354961299578,0.5987741123985623
89.951,1.0134759642797786,0.13487876063867824,1.3069603968203933,0.22286486825697793,0.5854984339053493
90.001,1.0165390859312862,0.1454463730391201,1.3355196036260777,0.24179139572481162,0.6783018254459122
90.051,1.0166802255240437,0.14558727308661207,1.3642674702548874,-0.14103146115817775,0.5570650825619127
90.101,1.0151881378585614,0.13877254358368507,1.3912041508795951,-0.15062603982875852,0.6831512860374623
90.151,1.0158320729456427,0.1426341695946635,1.4223507355691387,0.22168179764183035,0.6587710519168329
90.201,1.017511207906786,0.15344266590248185,1.4545637543614698,0.2410721671728334,0.7538763733745952
90.251,1.017628918091228,0.1536368921290081,1.4869195932486472,-0.13908809820831142,0.6288025066588003
90.301,1.0170656923811061,0.146806359995318,1.5175455439731307,-0.14885713765960948,0.7512229309223756
90.351,1.0171626625020946,0.15065043018958788,1.5520173761124316,0.217384523411332,0.7194686305004214
90.401,1.0172723192579147,0.16137164283927732,1.5872683551327909,0.23698795882691806,0.815661362978424
90.451,1.017352046870953,0.16143130811284934,1.622343089206239,-0.14046113309770245,0.6798525954359605
90.501,1.0178024513250306,0.15453531961843575,1.6554724369355698,-0.14927343550487035,0.802706779530924
90.551,1.0173332603840757,0.1582133174687464,1.6922466709196633,0.2139978104025685,0.7653669563451122
90.601,1.0158013511138109,0.16868407538708424,1.7297329534000243,0.23346106168069827,0.8609261281566158
90.651,1.0158723215409837,0.1687276742511752,1.7662122351897034,-0.1423822253765932,0.7009434948410275
90.701,1.0174156974026416,0.16184995120337548,1.8002947350776324,-0.15200006724392834,0.8265960658483531
90.751,1.016312532339072,0.16568614940122234,1.834444021059849,0.22659662082404367,0.6613259295719186
90.801,1.0130319459839687,0.17646143940214928,1.866570118831406,0.2439291370673494,0.7600393953509841
90.851,1.0130629384278755,0.17659849690129342,1.9022049538258128,-0.1477448633968369,0.7429302900288266
90.901,1.0156889216254883,0.16976387057866957,1.9383867896221931,-0.1570166154516176,0.8707644270654663
90.951,1.0141695969361297,0.17327093766273552,1.9761522620485796,0.22468461688103333,0.753040831826843
91.001,1.0094568446301655,0.18339902071866174,2.0128478550608526,-0.16149073591843258,0.835003689369616
91.051,1.0129925152233876,0.17660573232559462,2.0485312091773227,-0.15278323869356336,0.7074547220005649
91.101,1.0167703911893322,0.17003350355158145,2.0829598183539186,-0.16149075108031347,0.835003689369616
91.151,1.0147995131850664,0.17321770131236383,2.1185311199239427,0.2256153605506499,0.7033213774287117
91.201,1.0086163950359506,0.18258549646510688,2.1527698440759315,0.23398843210008458,0.8297661138762435
91.251,1.0089279589166766,0.18233617280154543,2.187043156176539,-0.16217460982009096,0.6627696473105473
91.301,1.0139049539182343,0.1759987683333612,2.2192734911137455,-0.17017631642764472,0.7875276409185847
91.351,1.011597203793875,0.17883572611148454,2.253276485403602,0.22937615267475667,0.6797918216388456
91.401,1.0043021475378506,0.1874221348311647,2.286909568789979,0.23757760480684703,0.8001542329916266
91.451,1.0048485430441627,0.18712061201314006,2.319836566382315,-0.1683688294473612,0.6230661598634681
91.501,1.0106102177648506,0.18125692705492435,2.3505452243410603,-0.17688443888480818,0.738897078947907
91.551,1.0079840148034318,0.18375833693257224,2.3831480294837637,0.22794278047236782,0.6536166987211595
91.601,0.9997005696191884,0.19143434117172767,2.41508374747378,0.24180294910081113,0.7533765649979869
91.651,1.0002575581716335,0.19088855485030942,2.445712654685152,-0.17802451961559676,0.5686367418231978
91.701,1.006863877397534,0.1851138948265105,2.473466438126513,-0.18570268638148543,0.6898752202925235
91.751,1.0040148459187366,0.1871187613213874,2.5026921557053945,0.2335151629179742,0.5828918380714171
91.801,0.994722859487483,0.19407048326055923,2.530947595705584,0.24418452852805844,0.69469218895548
91.851,0.9954706340974023,0.19357542973295427,2.5581458031990216,-0.18524883397663494,0.511384976995978
91.901,1.003012662731091,0.18830413547294006,2.5827697198079975,-0.19343073485297893,0.6368490554437206
91.951,0.9999471022157552,0.19017536231426846,2.607275472389002,0.2414446953574173,0.46658657437453827
92.001,0.9899100453892723,0.19653187250193319,2.630354960751154,0.25827923209269776,0.5488451211721829
92.051,0.9908379614952609,0.19615427887522666,2.6544395084119827,-0.19223138836525486,0.47686079049687696
92.101,0.9991264514883915,0.19150594022141817,2.677542573920435,-0.20089420976394745,0.6042078436533922
92.151,0.9961232595227778,0.19302673784813618,2.7028135086816234,0.23672079182853598,0.5167822108629129
92.201,0.985720548544286,0.19833908806433634,2.7281024044514917,0.2537592156574108,0.6070351031842217
92.251,0.9867775195747185,0.19794651601800448,2.752123349146385,-0.1917142913461736,0.4480003369243119
92.301,0.9953525947151013,0.19405283332933268,2.774000763479611,-0.20803572790899885,0.5447574610487299
92.351,0.9918576044182124,0.19533972375195716,2.7957885769680146,0.24775421372682366,0.4152884794638752
92.401,0.9804391891811888,0.19978467797531688,2.8158563599077624,0.26619674042885816,0.505731148683645
92.451,0.9814117624378363,0.19949417231635785,2.836873381664034,-0.1959972068839263,0.41642820422590865
92.501,0.9905417931374574,0.196327877930843,2.856990702836611,-0.21469650930963308,0.5081428915062962
92.551,0.9875923558333284,0.19713733685559393,2.877866493006402,0.2296071833315728,0.4108295889102712
92.601,0.9767058734966912,0.2003139701044731,2.897697865600058,0.24853205109109403,0.5036601947017693
92.651,0.9782179539512389,0.1999827977846245,2.917206540917816,-0.20165484132482944,0.3688787800301896
92.701,0.9878635935421088,0.19757656312442315,2.934936674096195,-0.2207653569364823,0.4626378199418253
92.751,0.9849856554152497,0.19812880721762885,2.9535201203167216,0.22911764740536422,0.36586830005103466
92.801,0.9739026037932504,0.20039472088759566,2.971096105354934,0.24837409953129852,0.4603505199854924
92.851,0.9755983289814311,0.2001489004679908,2.9885886501579013,-0.20685730584597556,0.3314345498402614
92.901,0.9856575163995165,0.1984707795559882,3.0044409065361597,-0.2262299237329414,0.4264994091359837
92.951,0.982758091714185,0.19881957073676204,3.021185513123478,0.2322598910863269,0.3293700504530311
93.001,0.9713843348520302,0.20028052138835276,3.0369327309281946,0.2517197329678355,0.42486859687098677
93.051,0.9730689457087399,0.20015055511891708,3.0529127254706694,-0.20817058632771643,0.30520668907708504
93.101,0.9832855204994226,0.19918454987202136,3.0674509614254815,-0.2276949500293197,0.4010309209451908
93.151,0.980438012560499,0.19934422358904422,3.0826553870477014,0.2308719610548277,0.29541086102799546
93.201,0.969062338185558,0.2000369460740626,3.096703464572136,0.25043938297665436,0.3914516742888743
93.251,0.9710028765263085,0.19999876133096087,3.1111367584895486,-0.21564135882494934,0.2762017118119171
93.301,0.9816331221097983,0.1996796210324791,3.124224586219896,-0.23523347214958876,0.37237018072107
93.351,0.9786996335599113,0.1996764116434256,3.1382620749228773,0.23858783768786637,0.275786375210046
93.401,0.9669172872707952,0.19967664343763813,-3.1318555524459835,0.2581890568185532,0.37200331024951355
93.451,0.9688057649054633,0.19974686869213076,-3.118428710202628,-0.21909912028656772,0.2556904361074391
93.501,0.9796093328661413,0.2000594661223535,-3.106364787686763,-0.23869493745891177,0.3518861390148313
93.551,0.9766596098492215,0.1998991789307595,-3.0932965895470077,0.2416006168992002,0.25712294599766183
93.601,0.9647449678760823,0.199228924673893,-3.081159570674224,0.2611789441468808,0.35323608483110014
93.651,0.966648968382991,0.19939866450655863,-3.068568773455377,-0.22185576989175135,0.24024809110087275
93.701,0.9775574223212445,0.20031319610230353,-3.0572737836507526,-0.24140449116667492,0.3362200954488791
93.751,0.9745900799200778,0.20000324855366203,-3.0449488443882897,0.24444329644601265,0.2426406708830921
93.801,0.9625847873695579,0.19869231760001932,-3.033532034832432,0.2639529152086618,0.33842357957265695
93.851,0.9644808730947306,0.19895560913764795,-3.0215821878233435,-0.22386709207558014,0.22854507830472287
93.901,0.9754287375583588,0.20044425950195477,-3.0108678497837937,-0.24332700917356292,0.32408736948975253
93.951,0.972441942303152,0.19998908354254036,-2.999102112131522,0.24707185234074158,0.23182127102879707
94.001,0.9603855005008939,0.198061365751376,-2.988221135461231,0.26647423209969295,0.32708375925473154
94.051,0.9622508908850059,0.19841076921769446,-2.976742160401757,-0.2250994758734213,0.22008834737594324
94.101,0.9731747320507028,0.20044703006190345,-2.9664449691162518,-0.244434590238985,0.3150235590608453
94.151,0.9694410430623933,0.19973231158010116,-2.9563355584780027,0.2740205539709618,0.18017940341399913
94.201,0.9561603301256063,0.19705186561459537,-2.947810198705723,0.293285882292371,0.2747714352655893
94.251,0.9574982390246194,0.19739009777407693,-2.937891645816241,-0.22567689380514133,0.19916723103877626
94.301,0.9683560150904199,0.19988254165995,-2.9285848270957353,-0.24487237427499925,0.29342031294010334
94.351,0.9653600933971089,0.1991624269578281,-2.9174571060282384,0.250307429132971,0.22912266484521557
94.401,0.9533613114203262,0.19614360908516001,-2.9066530905654657,0.26941817216226766,0.3229642399025029
94.451,0.9551284151216329,0.19663886306922335,-2.8951435744980656,-0.22521959911708828,0.22154737291492269
94.501,0.9658360082995268,0.19962938698463473,-2.884678178618495,-0.24422822159083032,0.3148904062319112
94.551,0.9628185373857591,0.19877008591614495,-2.873233763315953,0.25205264662277593,0.22174946672611073
94.601,0.9508926653013083,0.19522377450422168,-2.862501488537492,0.2709520481995713,0.3145586485163872
94.651,0.9525677857081881,0.19575999293374105,-2.8518930694583386,-0.22407955649813233,0.18627336651392096
94.701,0.9630697147957554,0.1990827802914334,-2.842564307396258,-0.2428634479743366,0.27851436790588635
94.751,0.9600135897366912,0.1980431719674827,-2.831271557968019,0.25406968657841655,0.22956593463153468
94.801,0.9481676414385662,0.19401298895144106,-2.8197898511728736,0.27273451933598597,0.3212297283949429
94.851,0.9497181595630247,0.1945733436662014,-2.8087389527607236,-0.22079816553788978,0.2003193058028336
94.901,0.9599501929672579,0.19822480380181745,-2.798956502610269,-0.24058518593880884,0.27625598234926696
94.951,0.9562108746860482,0.1969419463166568,-2.7879123922360516,0.27535464625823697,0.22611060735587185
95.001,0.9434154849721273,0.19231987954201202,-2.7770049433855553,0.2971366786552757,0.2790119663083704
95.051,0.9443973032060091,0.19288450165356558,-2.7652178308068938,-0.21786555266956642,0.2351714989483661
95.101,0.9543016875969283,0.19696819002933635,-2.7536760241786107,-0.23751816628624445,0.31027206417148
95.151,0.9512714941240301,0.19575377471430072,-2.740829860702712,0.25019941133252793,0.2645141837666387
95.201,0.9398910699631866,0.19096772851091298,-2.728002680122039,0.2720707021604436,0.3175668292721191
95.251,0.9411923393367881,0.19162007721833507,-2.715154008364852,-0.21187382836874022,0.2483863455790368
95.301,0.9506739395607005,0.19593054043194152,-2.703013777524732,-0.23338382135680966,0.3047966490115926
95.351,0.94696931590711,0.19419707454716453,-2.69091430124273,0.27378554953760603,0.23392647606875258
95.401,0.9347552509215282,0.1884446273236681,-2.6793090063956195,0.29687048307480596,0.27243192698501284
95.451,0.9354519294049077,0.18892023737058974,-2.666658044585823,-0.2067023761879624,0.25675269474482953
95.501,0.944473231837831,0.19361720329580426,-2.6542175438728326,-0.22861534006203416,0.3098065209185644
95.551,0.9415574787689163,0.19200880551608251,-2.641131839356632,0.2455483014431375,0.26022732096132406
95.601,0.9309737925947096,0.18613027553172906,-2.6284418328335497,0.26744799277022935,0.31321406136193797
95.651,0.9320158556987322,0.18678540107882538,-2.615346344939404,-0.20129529449801067,0.2571425782634764
95.701,0.9405188418170439,0.1918583908379911,-2.6028841149540978,-0.22316670894033697,0.31002638352841216
95.751,0.9376031380297253,0.19005800951444296,-2.589533462295725,0.245467201276793,0.26610690123340636
95.801,0.9273758586397713,0.18364347394650254,-2.576237065288462,0.26729618540948236,0.3188527973101008
95.851,0.928230710614277,0.18428725335240237,-2.5627637387607716,-0.1954237261103497,0.2616192028920156
95.901,0.9361742590980022,0.18969495432277889,-2.5500742625985175,-0.2171928774327544,0.3141845361494901
95.951,0.9333089316165849,0.1877421634193264,-2.5363164262375526,0.24238507351739758,0.282255433953267
96.001,0.9235503027454596,0.18089133396065313,-2.5222804837452593,0.26544902063732,0.3217574249310622
96.051,0.9242411191312141,0.18154046792892517,-2.5083329797829856,-0.18919291905738075,0.2675139826357734
96.101,0.931588522405045,0.18724258130079532,-2.4953402866553747,-0.21079282496387797,0.319596817284189
96.151,0.9287716839390737,0.18513492247494315,-2.4808731480663027,0.23972363217028705,0.30339774651206997
96.201,0.919505903955096,0.17784320068707846,-2.4657947274818266,0.26410445156663453,0.33029456126130907
96.251,0.9200225455189264,0.17847357990022816,-2.4512028391661547,-0.1827070615438639,0.2749535304237931
96.301,0.9267387792431331,0.18443060006161438,-2.4378089734332153,-0.2040605379684466,0.3263643159458145
96.351,0.9240325299247246,0.1821622649321495,-2.4225120473731727,0.23575416487802098,0.326058212037716
96.401,0.9153873232853426,0.1744348385806803,-2.406322615860257,0.26077013183616954,0.34694343745746264
96.451,0.9158290989023382,0.1750183457477194,-2.3913047149262554,-0.1779350212691117,0.27161429764290346
96.501,0.9220337745002336,0.18114652335479947,-2.377923807183713,-0.19712542736085203,0.3346910982171879
96.551,0.9193866771195257,0.17859050907178478,-2.362004919481547,0.23655413747468262,0.3543860131648989
96.601,0.9111237443281511,0.17033492737278993,-2.344722044350834,0.26393228343098274,0.35686575670950815
96.651,0.9114596804399239,0.17066877330291025,-2.329772809613857,-0.1712872583389963,0.2576334784527159
96.701,0.9173473510569041,0.17660989182811532,-2.3169391112350235,-0.19020274620410582,0.3221689813610091
96.751,0.9144596668581106,0.17321877522989035,-2.301764114764952,0.25794947089998815,0.3318584300889281
96.801,0.9060862288702373,0.16366901759380995,-2.2852526218319804,0.2856285996008736,0.33185843008895977
96.851,0.9060603607824129,0.1635675676620851,-2.270176413848756,-0.16607142449439827,0.27440510230070697
96.901,0.9113837070225852,0.16969748022689984,-2.256676010611706,-0.18367597518557188,0.3494566006943471
96.951,0.9088933581122529,0.16667223005581885,-2.2403006104321945,0.23741019009809472,0.3546254497753501
97.001,0.9014719684972292,0.1576128773576038,-2.2229624475458634,0.2588628159989917,0.40625710636070156
97.051,0.9014956164103177,0.15788288903208708,-2.2063157322212565,-0.16442672357210605,0.30373571041569375
97.101,0.9062151346219187,0.16433402767675034,-2.19112566319388,-0.17897379170098743,0.3974514564125925
97.151,0.9035081259333438,0.16055334258106965,-2.1751642532835946,0.26051127566223886,0.31379982615773966
97.201,0.8961452044464263,0.15003591636418057,-2.1596415698870963,0.2822097449350841,0.3661283265794084
97.251,0.8959207591342012,0.1497473588032154,-2.143268096212796,-0.16050170317264856,0.31752672613190985
97.301,0.9002499510472639,0.15621692663450398,-2.127364098595256,-0.17180777365991834,0.4268847172329728
97.351,0.8979042687510509,0.15225717550507356,-2.110385419072459,0.25562257743096506,0.34228682141395145
97.401,0.8913932842598817,0.1414498853100816,-2.0936695318140917,0.2774747448964042,0.3950846012303925
97.451,0.891277226457247,0.1410892706516347,-2.076223341889765,-0.1573957045970994,0.3342150001783924
97.501,0.8952696562797017,0.14763896760713316,-2.0597571569339608,-0.16682909874958407,0.4570138640422954
97.551,0.8932575703979128,0.14383553794449122,-2.0404261114865903,0.24498830620877848,0.4015878908380249
97.601,0.8874839418091806,0.13322882924383503,-2.020664783906141,0.2624688802286375,0.4872864556227361
97.651,0.887294701739909,0.13299776044934822,-2.001496217944475,-0.15212004224733905,0.35519346369569366
97.701,0.8906551708546028,0.13960852812451946,-1.9841183495303742,-0.1625749581302692,0.4760544292629226
97.751,0.888775147586895,0.13529325111616541,-1.9659195338899298,0.25448568835622165,0.35335812674409467
97.801,0.8836323909183279,0.12381807736452126,-1.9487645808574638,0.2725776205366241,0.4420849630107664
97.851,0.8833520135330551,0.12326878797679337,-1.9302135970445837,-0.14699400472153418,0.3714107435599814
97.901,0.8861213898729124,0.12988295357769467,-1.9121346889633413,-0.1594741569133711,0.48574604356531315
97.951,0.8847121326478479,0.1258744944944846,-1.8907923922827148,0.2355320562657347,0.4515285069002999
98.001,0.8807850730588728,0.11491683268718172,-1.8689188238961223,0.2541401651987858,0.5427822012123991
98.051,0.8806277358640767,0.11455237029641563,-1.84810923127608,-0.14052124578437766,0.38670434275599974
98.101,0.882745941647941,0.12108161623928326,-1.8293871061807139,-0.15745264387431598,0.486305077439909
98.151,0.8815718200598043,0.11643916616260452,-1.8094596569319863,0.2494739779552086,0.3958050436203096
98.201,0.8784632554471782,0.10450517674337009,-1.7903822918600416,0.2685209803582629,0.48924255294822955
98.251,0.8782695930202088,0.10377426704786509,-1.7695369917292803,-0.13761941236867023,0.4250644703750836
98.301,0.8797761768396499,0.11034278971015556,-1.7490016459875206,-0.15683531765604924,0.5193409469981894
98.351,0.8791244239252598,0.10635969154408813,-1.7261488394160005,0.22326293484648363,0.4706741350473842
98.401,0.8773198811327936,0.09549044759891817,-1.703337054844178,0.2426301037007953,0.5656922295770392
98.451,0.8772456837666824,0.09526549543848405,-1.6801681415818683,-0.13808419881160233,0.45073955662612586
98.501,0.8780604723296375,0.10197452361903303,-1.6583544690463397,-0.1575690015516309,0.5463546985399049
98.551,0.8777874545916036,0.09798093773740071,-1.6353557260904392,0.22248820511074122,0.45826034019617673
98.601,0.8770775629446652,0.08702653368389605,-1.6131663045591922,0.2420504215623996,0.5542610030718824
98.651,0.8770181928875647,0.0868735320002921,-1.5905305873011737,-0.14019249779212697,0.4410803632139687
98.701,0.8771308997200216,0.09373509456556206,-1.5691988857015349,-0.15979056473648295,0.5372744869349909
98.751,0.8772223356318869,0.08977097622134811,-1.5466712070785629,0.22268378851474116,0.44887828346120096
98.801,0.8775840158006203,0.07878959361098652,-1.52494703529172,0.24228101400858407,0.5450741351107696
98.851,0.8775253707335644,0.07873799446384362,-1.5041717200545994,-0.14393535914445238,0.3852263251803864
98.901,0.8769416252224198,0.08576466139308206,-1.4856269504631454,-0.16349336841532594,0.48124530131594023
98.951,0.8774273967364847,0.08113696147566274,-1.4662965649423554,0.24817072565252693,0.379488114776775
99.001,0.8788868315639213,0.06896067614223914,-1.4480346015180323,0.26766620285222276,0.4752036330780334
99.051,0.878872509111918,0.06855163317660591,-1.428324635106966,-0.14914344027551477,0.3959711144055936
99.101,0.8776342240018602,0.07576033984474966,-1.409233002692035,-0.16854647535604567,0.49124598353986715
99.151,0.878467898909419,0.07126758813742734,-1.3893722334325755,0.24996894868960742,0.42662092044471805
99.201,0.8809688234322692,0.059166687212071675,-1.3687408850240046,0.26925023379688234,0.5213030067219488
99.251,0.8809399865402354,0.0589081245201532,-1.3476257816997594,-0.15566630968000278,0.41139987704917763
99.301,0.878961347076279,0.0662931190916887,-1.3277476603593572,-0.1747820241829171,0.5052830356389705
99.351,0.8801536807256282,0.061943743642783364,-1.3088370391481696,0.25137489722560097,0.3480855096320127
99.401,0.8837104569303565,0.050031919493388075,-1.2921181258554462,0.2703082912149644,0.4410724204650539
99.451,0.883646616414605,0.04996246225940421,-1.2738492952675176,-0.16328492931717906,0.3690106386623876
99.501,0.8809431715763026,0.05752597420002793,-1.256074856780071,-0.18202866244297594,0.46107888886212445
99.551,0.8824195212270168,0.05335086017053926,-1.2381857173947546,0.25382361748840065,0.34242706434861286
99.601,0.886919542280235,0.041625929182211516,-1.2217272865601527,0.27235142425473274,0.4334354706096355
99.651,0.886780038835832,0.041738941988699985,-1.2030309309994087,-0.1717640816446706,0.38685365441459824
99.701,0.8833200886114327,0.049462267328005245,-1.1843436714863156,-0.19005521879436157,0.4767164511945924
99.751,0.8848050092290931,0.046123063505702826,-1.1650668232860966,0.233795129478236,0.3768687023616073
99.801,0.8898192781057838,0.035705987196484726,-1.1468310772344923,0.25180608370227703,0.465359358025701
99.851,0.8893754873800082,0.03641845834458716,-1.1284922445658656,-0.18104443709930362,0.3513031141024184
99.901,0.8850861992842591,0.044254050753864106,-1.1115461001932159,-0.1987598012486306,0.4383472548307982
99.951,0.8869008027715671,0.040350987593754065,-1.0945015217598753,0.2610362858109564,0.32956812769989113
100.001,0.8928778502446412,0.02893335264986704,-1.0784199615984396,0.28294977328481996,0.3826200442813993
100.051,0.8924805739275774,0.02930724959835812,-1.0621521439597563,-0.18817715145865216,0.31750582897396945
100.101,0.8877720490787605,0.037234793391596376,-1.0464872039542512,-0.2078255381398652,0.38513739320286944
100.151,0.8898953851911517,0.03365292487305007,-1.030667233595091,0.26016891677114284,0.30552539160151077
100.201,0.8966297531705558,0.022715379519131534,-1.0157766790616323,0.2820198330966282,0.3583406707111013
100.251,0.8961762834862973,0.023319204528663588,-0.9992484469169358,-0.19526688114182436,0.3424265336288372
100.301,0.8908282833193489,0.031293446753900854,-0.9825183217476504,-0.21705435697400643,0.3950477941377331
100.351,0.8927174590413454,0.02861250927122125,-0.9660000167766677,0.23629100959083793,0.3178952408570474
100.401,0.8995324087968231,0.019158897127905514,-0.9504939686312259,0.257988049650543,0.37025228916815056
100.451,0.8986053725100577,0.020345475869442894,-0.9360552815283097,-0.20473386953189948,0.26291814394440977
100.501,0.8924745813787062,0.02830729500695603,-0.9230437247542064,-0.22632831564307576,0.31498541496042465
100.551,0.8947587452482674,0.025125556883345036,-0.9087004871850387,0.2624956138167,0.30202367739710445
100.601,0.9026050923782689,0.014853765808736766,-0.8936581809558565,0.2900050847764095,0.30202367739713887
100.651,0.9017156457704415,0.015693653156690777,-0.8790713016288577,-0.21155443298524004,0.2828528157403437
100.701,0.8949839717672035,0.02360145487560274,-0.8650364864785822,-0.2353717767712861,0.3139368283582188
100.751,0.8974953192988728,0.020616628699059676,-0.8512722822677639,0.266592452400303,0.2675344265380053
100.801,0.9061056162043055,0.010714478923748806,-0.8378955610206482,0.2942519817286929,0.2675344265380389
100.851,0.9052045475559571,0.011639359384565277,-0.8240618108491593,-0.21637967572550054,0.2841556447712085
100.901,0.8979927199218714,0.019436120044767143,-0.8099270637786865,-0.24407852261097496,0.28415564477117533
100.951,0.9007383678293553,0.016638895113027647,-0.7971266923101922,0.27077733633143897,0.2376118008377165
101.001,0.9100756479002943,0.007124279853271188,-0.785246102324202,0.298494853090308,0.2376118008377492
101.051,0.9090189868811537,0.008112700664627756,-0.7733337255990784,-0.22457003067405212,0.2386713588239203
101.101,0.9010899900213255,0.01576687977758198,-0.7614001577145334,-0.2522873159352449,0.2386713588238879
101.151,0.9039381358110653,0.01313528424920673,-0.7501201341291714,0.2748202831157942,0.21688654856828138
101.201,0.9139087097977341,0.00398411111072223,-0.7392758067432652,0.3025223420060952,0.21688654856831327
101.251,0.9126955635589947,0.0050189056177782155,-0.7281015653010358,-0.23221112457370677,0.22788368391513775
101.301,0.9040956701509117,0.012507936362867818,-0.7167073811545895,-0.2598848870264487,0.22788368391510633
101.351,0.9070389446976875,0.010028663912750741,-0.7063932467930851,0.27895928657169244,0.1918820240195719
101.401,0.9175999316334846,0.001236711420691179,-0.6967991456215427,0.3065919654366617,0.19188202401960294
101.451,0.9162462820550912,0.002298436480632102,-0.6871778209335389,-0.23919135764042257,0.19278947457672171
101.501,0.907039074298108,0.009605141961570503,-0.677538347234561,-0.26677685538669504,0.19278947457669107
101.551,0.91007879219052,0.007242442671192834,-0.6677564899967114,0.2836945908767145,0.19753559258425626
101.601,0.9211971239007698,-0.001232530053964089,-0.6578797103996138,0.3112222153471721,0.1975355925842866
101.651,0.9197260692067132,-0.00017512666326950716,-0.6478715854030336,-0.24542120609584683,0.201913772610714
101.701,0.9099506236505225,0.006901034944105144,-0.6377758968067995,-0.2728786393082244,0.20191377261068422
101.751,0.9122298443939266,0.005293992373769915,-0.6285891476828285,0.25250495985809934,0.17161578993708904
101.801,0.9224418581921315,-0.0017804049038189459,-0.6200083582070326,0.2798838473120463,0.1716157899371184
101.851,0.9202937087857574,-0.00032387238682469923,-0.6117229232055267,-0.25079045067360484,0.1617706407257267
101.901,0.9100195330041405,0.006508432283825263,-0.6036343911868811,-0.27809239681324455,0.16177064072569772
101.951,0.913221078572655,0.00438280816218577,-0.5962210430998742,0.2912498878972268,0.13926450954335434
102.001,0.9252877487584175,-0.0034059417124895205,-0.5892578176339589,0.3184742672075388,0.13926450954338296
102.051,0.9236291748388267,-0.0023715453860792455,-0.5819666477549799,-0.25527949526316795,0.15019599003615086
102.101,0.912943177407956,0.004238659917838827,-0.5744568482672909,-0.28242680097386497,0.1501959900361226
102.151,0.9162635130029636,0.0021724161390336387,-0.5674978349709772,0.29653069681016275,0.13183645023220084
102.201,0.9287960295153928,-0.005372346600554988,-0.5609060124689136,0.32359410524335064,0.13183645023222879
102.251,0.9271057434552286,-0.00438648990092118,-0.5541738281460188,-0.2588951504227552,0.1365151776143511
102.301,0.9160638760480228,0.0019852423902134955,-0.5473480692759033,-0.2858763075103879,0.13651517761432344
102.351,0.9185308354164423,0.0005607505265299881,-0.5406198157375826,0.26356205969237145,0.133264999873003
102.401,0.9298693769506207,-0.005763368438527137,-0.5339565657537937,0.29045464018585965,0.1332649998730304
102.451,0.9275221881654223,-0.0044548782298552345,-0.5275062827941912,-0.2613051088055031,0.1261660990369228
102.501,0.9161892506411072,0.0016474862557128022,-0.5211979778507143,-0.28810727410040327,0.12616609903689582
102.551,0.918738876605781,0.0002634115947694573,-0.5150141219463287,0.26694210168793914,0.12201779771785488
102.601,0.9304023284275837,-0.005819655788818498,-0.5089132320680042,0.29365383238212434,0.12201779771788154
102.651,0.9280444007202093,-0.004584045667376206,-0.5028326406653417,-0.26274486767268956,0.12134118185997803
102.701,0.9164822354855456,0.0012397701499465867,-0.496765581579788,-0.28936443579491333,0.12134118185995171
102.751,0.9191257336947581,-0.00011175807852058341,-0.49095852451950045,0.27019333355641045,0.1126744476547188
102.801,0.9310932905148052,-0.00595883279125861,-0.48532480214272355,0.2967192153223416,0.11267444765474487
102.851,0.9287600415232802,-0.004808566248445097,-0.47975970187401246,-0.2629150393600552,0.11038704404547099
102.901,0.917042586561742,0.0007222701376221123,-0.4742403496773449,-0.28934917845269603,0.11038704404544526
102.951,0.9197641582328488,-0.0005929155762345619,-0.46883846071042967,0.27212427443158854,0.10647160304215848
103.001,0.9319601493544454,-0.006189148474712321,-0.46351488056334944,0.2984657658631122,0.10647160304218395
103.051,0.9296394040117579,-0.0051102738659226845,-0.45834535691457273,-0.262824227132435,0.10133638641823182
103.101,0.9177954994181967,0.00013957052025150208,-0.45327853759799835,-0.2890736788266852,0.10133638641820666
103.151,0.921519204922163,-0.0015897757607662264,-0.4485954036630242,0.3081923435400707,0.08854687366930453
103.201,0.9354647588237167,-0.0076945563973422285,-0.4441680599824505,0.3343537129337128,0.08854687366932948
103.251,0.9338148015860728,-0.006988611881141996,-0.43965135197219996,-0.26138738288574564,0.09152568466462128
103.301,0.9219275954537387,-0.002014672048599489,-0.43507506774216465,-0.2874657726738543,0.09152568466459664
103.351,0.9257347281484669,-0.003699699783595924,-0.4306270470643275,0.30918068867761817,0.0872502329160979
103.401,0.9398449161992635,-0.009549834654040162,-0.4262645354212891,0.33517325759196326,0.08725023291612231
103.451,0.9383101721448704,-0.008933385601315614,-0.4219374715264176,-0.25737582212087123,0.0860686413083623
103.501,0.9265082553967429,-0.004275323330890873,-0.4176340394636573,-0.2832837109251489,0.0860686413083381
103.551,0.9303813868209724,-0.00590888049128678,-0.4133323952427623,0.3078702202412368,0.0860090465793651
103.601,0.9445419968049413,-0.011465071115851468,-0.4090319429164439,0.33369239480830937,0.08600904657938904
103.651,0.9430881407858909,-0.010916723556364012,-0.4047892259969621,-0.2531870698239511,0.08408453301471562
103.701,0.9313896339926244,-0.006566495391780118,-0.40058499934870445,-0.27892219304966054,0.08408453301469195
103.751,0.9344532735871135,-0.007779325643178122,-0.39616396810153504,0.27481552060257464,0.0913113529923069
103.801,0.9471931394575598,-0.012431724226781448,-0.39159840045509087,0.3004608737635158,0.09131135299233036
103.851,0.9452666645654143,-0.011721020517151204,-0.3870878119137681,-0.24784852580897482,0.08947871615121777
103.901,0.9337287561432024,-0.007703603191155672,-0.3826138761091931,-0.27339734813539224,0.08947871615119457
103.951,0.9369060299243376,-0.0088949428180807,-0.3782430181535664,0.27456530114709976,0.08604278784628291
104.001,0.9497262428179648,-0.013290798089744944,-0.37394087876390575,0.30001803195141863,0.08604278784630583
104.051,0.9479642916077992,-0.012684698064204573,-0.3695994683656891,-0.2413666006293898,0.08735182146731219
104.101,0.9366498090266476,-0.009009327397927074,-0.3652318772951019,-0.266723493397721,0.08735182146728952
104.151,0.9398453684013452,-0.010142648570384346,-0.3608929937430438,0.2701833902547821,0.08639490418115028
104.201,0.9525451584796599,-0.014215095473975948,-0.35657324853667194,0.2954418748115766,0.08639490418117268
104.251,0.9509021519927157,-0.013689719077345317,-0.3523146112078292,-0.2338590234550976,0.08435797492651372
104.301,0.9398684531664244,-0.01036208880014674,-0.3480967124640058,-0.259018609780395,0.08435797492649154
104.351,0.9432921129340686,-0.011514399320446466,-0.3438828141288434,0.2726023206501707,0.08422462797085692
104.401,0.9561827882240729,-0.01538865039592667,-0.339671582732789,0.2976629404127043,0.08422462797087886
104.451,0.9548226350270136,-0.014995603095064154,-0.3354581632406367,-0.22518111780245717,0.08429756450762378
104.501,0.9441348891273617,-0.012019202162492979,-0.3312432850177524,-0.25014104672400633,0.08429756450760212
104.551,0.9485698178067066,-0.013450823266709556,-0.32720419969222186,0.30178296220327866,0.0784378012527446
104.601,0.9629141825244807,-0.017555927229038974,-0.32328230963159404,0.3266425409312235,0.07843780125276603
104.651,0.9623805788979906,-0.017461200450678553,-0.319102855033164,-0.21537835133083286,0.08773033118166931
104.701,0.9521023308669875,-0.014820767811094787,-0.314793626221016,-0.24013780700727225,0.08773033118164814
104.751,0.9566369493652996,-0.01619592793590401,-0.3106561031336423,0.2979465456625125,0.0804527913643095
104.801,0.9708733836542597,-0.019982294396720227,-0.3066334635675956,0.32259983940289655,0.08045279136433042
104.851,0.9705725389205008,-0.019958314653689184,-0.30239423238429375,-0.20464896464454188,0.09091883475784121
104.901,0.960755773059355,-0.017625611380124445,-0.2981674260682164,-0.22919675461516148,0.09091883475782053
104.951,0.9643459274766681,-0.018612827460423875,-0.29371660590872695,0.2571185010114979,0.09171732693346842
105.001,0.9766989119710061,-0.02154758365581667,-0.2891485938611903,0.28155365729145493,0.09171732693348886
105.051,0.9759519425332707,-0.021373624089685832,-0.28474389497198843,-0.1933107975154506,0.08735528220373703
105.101,0.9666494295297455,-0.019325175525821945,-0.280761209550527,-0.21727592872426515,0.09405841259038256
105.151,0.9705451335256501,-0.020309420353515156,-0.27630468683374665,0.25935211198792485,0.09536075501753344
105.201,0.9830631404855429,-0.023052817295091923,-0.2716453106435247,0.2835557398097428,0.09536075501755331
105.251,0.9827217192989205,-0.02298699008397332,-0.2674475195713595,-0.18107634293431651,0.07618346145966037
105.301,0.9739873496248485,-0.02123126617900565,-0.2639340267775363,-0.2044477445326444,0.09056241203591073
105.351,0.978860659264008,-0.02238668441832421,-0.2595226551569499,0.28414371790382104,0.09988484198703533
105.401,0.9926289460654159,-0.02521500540700198,-0.25464599129445237,0.3081172542601259,0.09988484198705463
105.451,0.9931579654399397,-0.025259244364419193,-0.2503778380720828,-0.16879168018888244,0.07236502875358612
105.501,0.9850412633771262,-0.023619662308735984,-0.24695470393580643,-0.1907828888685733,0.11220441622370152
105.551,0.9892126646092182,-0.024515184741791055,-0.24233580215421993,0.25134072263799273,0.10332946728491703
105.601,1.0013966525085662,-0.026905223816059892,-0.2374450395297362,0.2741470102508982,0.12381162986293569
105.651,1.0016870429606723,-0.02686837810673989,-0.23311181593408167,-0.1555169429667326,0.0679872035113992
105.701,0.9942310770733032,-0.025368478046564495,-0.2297532466555317,-0.17639790522622198,0.12806676612203868
105.751,0.9985502327959537,-0.02626922646498681,-0.22507983483505486,0.24745370617499923,0.10164804325728284
105.801,1.0105384632449386,-0.028585111633653,-0.22014195092935804,0.2690147835909471,0.1471992539227334
105.851,1.0111736431330212,-0.028586589296935576,-0.215473166561071,-0.14146208594844503,0.07367082705992532
105.901,1.0044237594995702,-0.027169518943212158,-0.21179848008076224,-0.16123751840417605,0.15499598363701436
105.951,1.0086569411329978,-0.02804062001921089,-0.20661711045250897,0.23518337198280487,0.109416347119208
106.001,1.020030361998647,-0.03028156978239427,-0.20131351781568363,0.25537195790916395,0.18233980724154247
106.051,1.0208659763981585,-0.030374576109699868,-0.19613232245392256,-0.12618118285648383,0.080711176952441
106.101,1.014860873084787,-0.029115171891283594,-0.1921283349231881,-0.14540551624256373,0.17507336373982027
106.151,1.020142715553901,-0.03008719624912856,-0.18649704162310937,0.2600164222356523,0.11600797628434192
106.201,1.0327677925559828,-0.032383427328210555,-0.18080674001762806,0.27982200144689995,0.19761295213364793
106.251,1.034569123846198,-0.0326178420505899,-0.1738485692361152,-0.10978009794285637,0.14187954059386373
106.301,1.0293375691571,-0.031513563768940975,-0.16745542718814288,-0.12908488519137784,0.23663172057577092
106.351,1.0346961390981784,-0.03239418639459637,-0.15949604290033034,0.2513302867974451,0.16082032986397446
106.401,1.0469352021385703,-0.03448915423612289,-0.15203183627774597,0.27068209052200165,0.2558012786967452
106.451,1.0490608933679053,-0.03480554759553258,-0.14150671901586603,-0.09292304567201533,0.23442081890433583
106.501,1.0446255373904931,-0.03402867549963764,-0.13050420188479414,-0.11232756257123051,0.32965750516629466
106.551,1.0500632193484207,-0.03470742361161024,-0.11812450615491323,0.24164802849275413,0.2484977295827376
106.601,1.061905240366143,-0.03620797666736274,-0.10641984469573262,0.26111256259682775,0.3440279765559756
106.651,1.0641690246687332,-0.0364790169845119,-0.09113162913864296,-0.08388597778076995,0.3313926161611572
106.701,1.0602167338606057,-0.036064786347458924,-0.07506889282395993,-0.09532828103748216,0.44940922614829665
106.751,1.0656087628669062,-0.036416800542865946,-0.05600449004697595,0.23154517594704563,0.4020609030694679
106.801,1.0770211114650785,-0.03705590186538836,-0.036624580061559185,0.25111693522970463,0.4981151173525856
106.851,1.0792772070736432,-0.037180732728375784,-0.011934600956468446,-0.0784001242135409,0.5417548585405411
106.901,1.075357306583533,-0.03716052757726563,0.01409424540503907,-0.07840156463259597,0.6828584523159649
106.951,1.0804983960957857,-0.036970996472352045,0.045434340624345995,0.22146756239426385,0.6770126181124604
107.001,1.0914056591832502,-0.036316104780848915,0.07856871881002483,0.24105357495318816,0.7731475393574142
107.051,1.0939463185848828,-0.036120985963945466,0.12206155907960893,-0.06209845098996424,0.9852892852091872
107.101,1.0908698329512387,-0.03653904344512345,0.1703002083546141,-0.062101865946578697,1.1254535223635775
107.151,1.0961616724470102,-0.03539729858656357,0.2224465172920206,0.22074606427889676,1.070106896248327
107.201,1.106791606589164,-0.03269715058133265,0.2749768693022105,0.23031923410448674,1.1963362955977495
107.251,1.1096571397055597,-0.031872581309026836,0.32852633617860105,-0.047569909722715825,1.0615629161175304
107.301,1.1076357083500676,-0.03267165495027098,0.3807543017088209,-0.0475729029846176,1.195408391901968
107.351,1.1127632172255375,-0.030396298920917626,0.43437438894882346,0.21144086371754617,1.0651645314984466
107.401,1.122125799609576,-0.025619079235852365,0.48668466044426717,0.22034465779936271,1.1930948231336542
107.451,1.1248661616596756,-0.024094941171045024,0.5400806007386432,-0.03634658847650987,1.0577170763315484
107.501,1.123320874592203,-0.025051168149040418,0.5919322132613374,-0.03634885823519801,1.1895136118336704
107.551,1.1276187310839427,-0.02177287519571883,0.6451625327117766,0.20352675088652672,1.0608994022397964
107.601,1.135407653639425,-0.01529965863791508,0.6973282314505063,0.21137015590100874,1.1848415202251972
107.651,1.1376959180287778,-0.013246875484654185,0.7504695826103909,-0.03325641187063418,1.0506336664211267
107.701,1.136495773300163,-0.014397654337054108,0.8019770665460163,-0.03325846773700722,1.1865920521220559
107.751,1.1402551062287964,-0.010334551646838231,0.8545622094553484,0.20424190808374826,1.0459203076077292
107.801,1.1469873293368422,-0.002899479556701402,0.9061531934390634,0.20847626114745466,1.1732484366205982
107.851,1.1490272395302499,-0.0005420989527504834,0.9584692509039417,-0.029803680578824772,1.0326610845377793
107.901,1.148187554318379,-0.0017730817074250275,1.0091315391893219,-0.02980545966541586,1.1668365561639207
107.951,1.1509068927257389,0.0025954536865501476,1.0611399816257323,0.19023813572096365,1.0334002560514555
108.001,1.1556362633609114,0.010773680540637643,1.1118372975402162,0.1988044923864033,1.1603627420645852
108.051,1.1569460720611675,0.013411618047475322,1.163595370209573,-0.026987587481623415,1.0261308025900833
108.101,1.1562560906599624,0.012033168415044964,1.2138458915464063,-0.03598838313588065,1.1541304816210025
108.151,1.1579148746069585,0.016678127470199026,1.265209294563913,0.18721954752701278,1.0206936662460753
108.201,1.1607441732415398,0.025526271293190548,1.315302607255019,0.1965769503510209,1.1483951410842255
108.251,1.1614088718032451,0.027710360148022268,1.3662637506629098,-0.04839179447012253,1.0054079312474282
108.301,1.1609489670914404,0.025335015276050213,1.4154616300962373,-0.04839455214814292,1.1434184539873786
108.351,1.1615609901799602,0.030006758465399214,1.4663019442279015,0.1881429115255746,1.0161554325531232
108.401,1.162459722965264,0.03931586446242159,1.5161994307442481,0.19790081468059512,1.1393980005281374
108.451,1.1626202228751221,0.04118143979904792,1.5666019327534042,-0.06614647364740532,0.9955420838349825
108.501,1.1626497852115831,0.037874424522530925,1.6153220735219722,-0.06615018673801233,1.1366545035162798
108.551,1.1622777339374053,0.0423718210112634,1.6658834790445414,0.19272496393759164,1.0127581106529902
108.601,1.1611808910414896,0.05187219006564639,1.7155536792354724,0.20249223509102626,1.135244757688965
108.651,1.1610467553399146,0.05307449958947748,1.7660261896597373,-0.08793397978106911,0.9969424488727148
108.701,1.161956375208489,0.04877659102877254,1.81487715560786,-0.08793891323999452,1.1355350655383858
108.751,1.160696909047245,0.05291045053316472,1.8654976092364268,0.20064491055113048,1.0100540163191183
108.801,1.1575125038915364,0.062352988233607,1.9150303496090362,0.21003439071962088,1.1375112231079545
108.851,1.157313784195115,0.06322790049532279,1.9659435995791483,-0.10301990740114114,1.013401742760321
108.901,1.1595399933800106,0.05864973584579543,2.01565717491096,-0.11207114752053952,1.1414501390554355
108.951,1.1575069731206418,0.062448029090952296,2.066846147710072,0.21124331056857887,1.0200728763804356
109.001,1.1521444517298691,0.07148025431396339,2.116916696564326,0.21987487974662548,1.1474162079692078
109.051,1.1520804962026439,0.071850633695869,2.1670840318476534,-0.1283997848331251,0.98136778327526
109.101,1.1559865420513067,0.06681731649939984,2.2152504074199473,-0.13651591710312794,1.1067223897772298
109.151,1.153319500025965,0.06993230149522559,2.258986664066465,0.2238851847425099,0.7962188670977693
109.201,1.1459148994774482,0.07822981291118312,2.2980071664983317,0.23146306898287808,0.9186079070525562
109.251,1.1461213013935347,0.07804461929581616,2.3378358274012965,-0.1582345212441552,0.77750322048802
109.301,1.1516584916697634,0.07242191251902819,2.3757397194716035,-0.1582400847149165,0.9135403267453683
109.351,1.1488533237772451,0.07488096321373308,2.412720111802008,0.22749892772616725,0.7057445901714053
109.401,1.1403416674726614,0.08233116849256868,2.447128872470866,0.2413428818565122,0.8053938847107144
109.451,1.1407025483564857,0.0820714164953672,2.476297189060134,-0.16869534175985462,0.4935473126655494
109.501,1.1471126153733409,0.07679582809111829,2.500340081085544,-0.17640799233306775,0.6165017377545944
109.551,1.1439299778910774,0.07889755686415746,2.5240508787870595,0.23778393159645902,0.4486623865156287
109.601,1.134386666304763,0.0855780561376897,2.546543947003451,0.25236466842182914,0.5418122757604514
109.651,1.1350217156188749,0.08512593952298944,2.567687430174848,-0.18227552876857228,0.37679534277296106
109.701,1.1424221641778536,0.08017685197613789,2.5863884200770806,-0.1918063946626489,0.49563522771833857
109.751,1.1395993991442148,0.08187241506283545,2.6070796823975764,0.22732146558291028,0.42405161003308955
109.801,1.1300560964185786,0.08779612857338451,2.6277032284428836,0.2471855050028426,0.488792780836206
109.851,1.1310402875065257,0.08735583017444938,2.6452151593937563,-0.1851273896752775,0.3002716493597276
109.901,1.138963213665871,0.0828663966282788,2.659737005878699,-0.2054116001807114,0.3641823051053985
109.951,1.1355917313082362,0.08446505322861568,2.6738495006451712,0.2448498940296561,0.26932914292278953
110.001,1.124792507446856,0.08987402146203899,2.686917446279468,0.2667643343896943,0.3223905863529829
110.051,1.1257804992556768,0.08944250645771883,2.6996109493693305,-0.19586100217590463,0.23915254526698784
110.101,1.13450975753398,0.08537049106443462,2.711141839114889,-0.2177700726964531,0.29224113566530296
110.151,1.1318737631506999,0.08650674769237768,2.7229551881338083,0.22323682190288444,0.23221206965159666
110.201,1.1217881644757273,0.0908926208195795,2.7341680210959223,0.2451288881293935,0.2852945364343309
110.251,1.1235018628279538,0.09022691339927115,2.743926130366714,-0.20712396578738226,0.16172262362360246
110.301,1.1329401920802746,0.08643918360053167,2.7519428619845065,-0.22899015083995813,0.21477414063257988
110.351,1.1295369903674912,0.08762048611066335,2.7605938943730868,0.2543220109614127,0.17658708074383592
110.401,1.1177177053092777,0.0918567623615085,2.7691020812073974,0.2786719174691025,0.19307369304266345
110.451,1.1191177337130658,0.09137157844636876,2.776925879865802,-0.215715725224499,0.14297546854595153
110.501,1.1291784359381054,0.08796552964387332,2.78380429802757,-0.23933685464667936,0.16843647171063528
110.551,1.1257811872978356,0.08903780652823463,2.790890664488121,0.2587574970179741,0.14602560532503225
110.601,1.1135678444823403,0.09281004711935638,2.7979305670804058,0.2838984998338626,0.14602560532505438
110.651,1.1151464643818987,0.09231620653120833,2.8046267837819623,-0.2241301309887126,0.13017427592935826
110.701,1.1257593689215968,0.08921055319740986,2.81074899343678,-0.24864739116007045,0.1376900054766249
110.751,1.12236212990871,0.09022528940150132,2.816348265363936,0.26415066970442314,0.10423931525370649
110.801,1.109790650548049,0.09369543604709106,2.821560231121903,0.2889862283826731,0.10423931525372784
110.851,1.1115198941207796,0.09321063909194609,2.826621359088269,-0.23222750175471457,0.1002917172060845
110.901,1.1226130518400064,0.09035251439003973,2.8315179468970446,-0.25693530146905696,0.10029171720606342
110.951,1.1201054676070719,0.09105336330411233,2.8358823463703566,0.23803612032885052,0.08017975656948928
111.001,1.108705579859927,0.09386450151298237,2.839891017672769,0.2626264398123903,0.08017975656951006
111.051,1.111157389430625,0.09319306961687568,2.8435794516494246,-0.23978022637276578,0.06952450638208807
111.101,1.1226652890748887,0.09045258040261143,2.847055676967128,-0.2642713393128617,0.06952450638206754
111.151,1.1201380213768213,0.09112944690845448,2.8500721000062224,0.24342101061348523,0.05419776374703016
111.201,1.1084357530402893,0.09384151100838808,2.8527819881929117,0.2678273016307007,0.054197763747050494
111.251,1.1109818905324325,0.09317215556349483,2.855031151319493,-0.2463897702967617,0.03884026173507964
111.301,1.1228414960285054,0.09048004177103788,2.8569731644060012,-0.2707305917781456,0.03884026173505947
111.351,1.1202990978369096,0.09113885905014205,2.8588683004726576,0.2481587065931722,0.037277694406038654
111.401,1.1083425199085468,0.09380531815055432,2.8607321851927443,0.2724484663885226,0.03727769440605869
111.451,1.1109663730742643,0.09313341479903947,2.862472621268967,-0.2520823198523816,0.033162739609303174
111.501,1.123122615226872,0.09046008499975058,2.864130758249279,-0.2763237626155891,0.0331627396092832
111.551,1.1205518665165135,0.09110814530852268,2.865461713088558,0.25278631838546445,0.022256668239353992
111.601,1.108352966632636,0.09375282007166344,2.8665745465004804,0.27698749144325846,0.022256668239373847
111.651,1.111022855927895,0.0930815910986235,2.8674565675570136,-0.25664626309417815,0.014562923059064682
111.701,1.1234133508245503,0.09041022648790045,2.8681847137099528,-0.2808203884952694,0.014562923059044885
111.751,1.119934130616062,0.09130438510744267,2.868998677651781,0.28720468244465874,0.017423516022164614
111.801,1.1060670473063023,0.09436508068799748,2.869869853452868,0.3113578828160961,0.017423516022184324
111.851,1.1081766431419666,0.09385891762994805,2.8705995316875352,-0.26013460563756424,0.012706930474613938
111.901,1.1207449133731127,0.09118361733155156,2.8712348782112564,-0.2842660027574653,0.012706930474594258
111.951,1.1172425470239902,0.09207332065786199,2.8717388286714853,0.2902427793965302,0.008327061691363208
112.001,1.1032199618654617,0.09513480729497031,2.8721551817560522,0.31435860662627746,0.00832706169138285
112.051,1.1053387991267325,0.09462950957608757,2.87247773964412,-0.26245006819158095,0.005200555141414948
112.101,1.1180241611309927,0.09194806612689929,2.872737767401189,-0.28655582434897753,0.005200555141395322
112.151,1.1153736084397645,0.09259949855929643,2.8727598353239854,0.2622998040613047,-0.0027314393344331335
112.201,1.1026950250732608,0.09527653133631508,2.872623263357265,0.2864016874290993,-0.002731439334413499
112.251,1.105371354669807,0.09461640156932288,2.8725691246017826,-0.26309979405486494,1.6334373543670862e-05
112.301,1.1180880458423699,0.09192659966609527,2.872569941320459,-0.2872043103512061,1.6334373524037882e-05
112.351,1.1153897865390767,0.09259282849458404,2.8723780975656066,0.2643909939581171,-0.006405681410804113
112.401,1.1026118091013204,0.09530373054208317,2.8720578134950685,0.2884981096107653,-0.006405681410784486
112.451,1.105258135397104,0.09464939634254158,2.871859990360961,-0.2634722619404427,-0.002323650196385731
112.501,1.1179904081436454,0.09194423168296996,2.87174380785114,-0.28758644997985566,-0.0023236501964053607
112.551,1.1152377746495636,0.09262866761642725,2.8713826659105317,0.26654081726817624,-0.010488964556119676
112.601,1.1023596027192752,0.09538309332785763,2.8708582176827315,0.29066151802779794,-0.010488964556100003
112.651,1.104925785134341,0.09474597164802213,2.870198685846374,-0.2621642639157299,-0.01499175150816854
112.701,1.1175890780682172,0.09203257308106041,2.869449098270979,-0.2863011339982517,-0.014991751508188239
112.751,1.1138778323549607,0.09299372215794807,2.8690772061507026,0.2989094057903654,-0.0024019030039540705
112.801,1.0994479998661941,0.09621492512648103,2.8689571110005057,0.32306154425096206,-0.0024019030039343636
112.851,1.1013170198870577,0.09576873682595041,2.8684763968910625,-0.25964667005533726,-0.014422534979025214
112.901,1.1138536301039106,0.09306536516447492,2.8677552701421227,-0.2838069848283513,-0.01442253497904497
112.951,1.110969689207564,0.09380136798796564,2.8670672602015252,0.2686404886771799,-0.013318641367609133
113.001,1.098004681211086,0.09664602503923607,2.8664013281331555,0.2928199188781231,-0.013318641367589312
113.051,1.1003473368021663,0.09605908126429615,2.8658680970698556,-0.25591884178128776,-0.008895274531772517
113.101,1.1126965657462435,0.09337142588218036,2.865423333343269,-0.2801145203025034,-0.008895274531792369
113.151,1.1097292425691334,0.09413774700343326,2.8647691716403663,0.26909737098958575,-0.01587520707595493
113.201,1.0967500742609988,0.09702195568616268,2.863975411286586,0.2933078926409184,-0.015875207075935066
113.251,1.0989384785370888,0.09647176802448712,2.8631869479839027,-0.2509273495880783,-0.01569863870600979
113.301,1.111038852988864,0.09381485592393013,2.8624020160486174,-0.2751591837968615,-0.015698638706029708
113.351,1.1071119584695754,0.09486749630663766,2.8618148942349073,0.2991311311840504,-0.009104967986605197
113.401,1.0926991619098008,0.09820743663818128,2.8613596458355817,0.3233814179538507,-0.009104967986585208
113.451,1.0941306259751686,0.09786991890476311,2.860760851700138,-0.24473603651297565,-0.013889825857303566
113.501,1.1059260213484496,0.09526666550203602,2.8600663604072833,-0.26900046185452253,-0.013889825857323554
113.551,1.1028073681251869,0.09609577434832536,2.859161717067556,0.2670388591764341,-0.0208948940869474
113.601,1.0899464259283496,0.09903234604632925,2.8581169723632476,0.2913246733172681,-0.02089489408692735
113.651,1.091778385348211,0.09857083414376581,2.8572563960735797,-0.23729110431882353,-0.014755946931706785
113.701,1.1032055511832888,0.09602600078545209,2.8565185987270074,-0.26160232495603164,-0.014755946931726896
113.751,1.0999951732512292,0.09689463493778609,2.8555521908190946,0.26536303717186416,-0.022376298977080506
113.801,1.0872271489198386,0.09985897185288369,2.8544333758702884,0.28969693701435867,-0.022376298977060366
113.851,1.0889770953809723,0.09941362281022109,2.8534790275506623,-0.23338144824777463,-0.016894078003833187
113.901,1.1002051809441422,0.09687589605667737,2.8526343236504896,-0.2577428065000035,-0.016894078003853424
113.951,1.0969683014016558,0.09776692148823736,2.8515605567336646,0.2637963236623894,-0.0245295118931247
114.001,1.0842893710103931,0.10076543439037276,2.8503340811390707,0.288182990208369,-0.024529511893104428
114.051,1.0856671689322035,0.10042321257082687,2.849303811427902,-0.21944758804958447,-0.017989315778163983
114.101,1.0962153287861958,0.09803386702378063,2.8484043456390173,-0.2438639314377425,-0.017989315778184328
114.151,1.0919652976545215,0.09924677403928268,2.847320794866917,0.28991911581469526,-0.02412548188606757
114.201,1.0780514313601866,0.10268377272792727,2.846114520772673,0.31436144554232776,-0.02412548188604713
114.251,1.0786244453075389,0.10257916562680512,2.8446211631463876,-0.20886891410853606,-0.03369493295609307
114.301,1.088652440973607,0.10028674661323783,2.8429364164987416,-0.23334642654054705,-0.033694932956113546
114.351,1.0851874989965762,0.10128635769061722,2.841463394915905,0.2557268166014568,-0.02663743079419229
114.401,1.072930153335669,0.1043069857257706,2.840131523376275,0.28024528583180286,-0.02663743079417169
114.451,1.07382857197036,0.10409692117649097,2.8387751377264916,-0.19745114205013242,-0.02745456779942145
114.501,1.083295452688156,0.10190964560783934,2.8374024093366055,-0.22200427333095019,-0.027454567799442137
114.551,1.0797427328544775,0.10295747040920157,2.8359712946429747,0.25136709128605794,-0.029400777924702217
114.601,1.0677130216553563,0.10598745097700436,2.8345012557468463,0.2759562163381021,-0.02940077792468143
114.651,1.0683384251339032,0.10585780701121307,2.8331985710527015,-0.18503565763108154,-0.023822304524216853
114.701,1.07719880552733,0.10379958107381826,2.832007455826546,-0.20966013932986968,-0.023822304524237697
114.751,1.0737471386415456,0.10483617816613654,2.8305248237690654,0.23974527131742643,-0.033539532237113014
114.801,1.062290329236646,0.10776146064705475,2.828847847157368,0.26440370416702913,-0.03353953223709208
114.851,1.0627559826909572,0.10767832637012317,2.827196355010009,-0.17171484674185136,-0.03269005009221695
114.901,1.0709669731422131,0.10576405629515231,2.8255618525055426,-0.19641527779280765,-0.03269005009223799
114.951,1.0663655670856411,0.10720380461482598,2.824150991867531,0.2714370891157913,-0.025235321208856975
115.001,1.05342530724494,0.1107041465008067,2.822889225807156,0.29617571910647345,-0.025235321208835856
115.051,1.0528863758215612,0.11094901460551848,2.8211539664486236,-0.15758824097251597,-0.041144529110009154
115.101,1.0604117999178237,0.10919730250254232,2.8191057856592896,-0.18236422502488414,-0.04114452911003033
115.151,1.0557549973158065,0.11069049399479418,2.81737246417634,0.26430457285292097,-0.03043136393337487
115.201,1.0431807779958884,0.11417469351598622,2.8158508959797897,0.28912737972796415,-0.030431363933353522
115.251,1.0423582689492485,0.11451148615502667,2.8138252099472685,-0.14279134428353304,-0.04858833053159299
115.301,1.049166168164702,0.11291334312567375,2.8115111306161777,-0.16765775834927682,-0.048588330531614404
115.351,1.045333167999972,0.11415908353161328,2.8090703375748394,0.22581280415501903,-0.05017745110116121
115.401,1.0346129346249817,0.11713279072529802,2.806561465020309,0.25073718536812106,-0.05017745110113962
115.451,1.0340875732025685,0.1173625162126342,2.8040862586327058,-0.1275057092059183,-0.05211969118065676
115.501,1.040153360855417,0.11591090922274885,2.8017465517375335,-0.15249021825899386,-0.05211969118067848
115.551,1.0353921632484444,0.11751966574122023,2.799454406635038,0.24888755371839003,-0.04451097827321107
115.601,1.0236195111436426,0.12099586581543624,2.797228857721746,0.2739274201208593,-0.0445109782731892
115.651,1.0222132064452867,0.12150637005559238,2.794602363366835,-0.11224294445998437,-0.05801609529306667
115.701,1.0275121915464203,0.12015285993582953,2.7920116539236104,-0.13669650622261653,-0.06822845065212241
115.751,1.0235591203617411,0.12148631446427614,2.788667192566781,0.21017778454880354,-0.07518956138262976
115.801,1.0136484587603323,0.12443820790057976,2.784907714499422,0.23534444130002613,-0.07518956138260757
115.851,1.0127649237047,0.12475674857519228,2.7816442755443846,-0.10504918297616558,-0.05748581839956141
115.901,1.0176914614645312,0.12342263419988474,2.7790404310056616,-0.1293918511507697,-0.07136261456457153
115.951,1.0135641860596385,0.1248752194672,2.774983151994404,0.21208032271649932,-0.09891325685118212
116.001,1.0036156822446616,0.1280214850325407,2.7700543542208536,0.23740365355525578,-0.09891325685115956
116.051,1.0019998421812017,0.12850780563646366,2.7663365319651345,-0.08180562822922544,-0.0530011623072422
116.101,1.0057291861421362,0.12730643506088432,2.763841786708071,-0.10441514043976163,-0.09445960388667304
116.151,1.0008781305635768,0.12903370950676138,2.759182789838205,0.22212822144891337,-0.12068908109906214
116.201,0.9905258482785014,0.1325571984505621,2.7532090254373616,0.24762652632773507,-0.12068908109903911
116.251,0.9882739068917229,0.13308199906887552,2.747445263272313,-0.06949911557729735,-0.09745539500808816
116.301,0.9912064251010377,0.13158227308133444,2.7427049166127415,-0.0879726892415981,-0.18274034076636747
116.351,0.9863892252592092,0.13345189254778367,2.7354773661903495,0.21483732789016166,-0.16611060847003095
116.401,0.9766349708434618,0.13747998704829817,2.7272191678041144,0.23711700006618658,-0.2136632930570002
116.451,0.9743956235659448,0.13825943813036776,2.7177813561265793,-0.0632135296810606,-0.18248733397258146
116.501,0.9770364672553271,0.13677348063774641,2.709267920956638,-0.07214671737587858,-0.3104477051664238
116.551,0.9724879330267496,0.13905400946608626,2.6935178435926685,0.20864155434439977,-0.393857069533854
116.601,0.9634414608653653,0.14400228024920214,2.674436393282481,0.22630882290407953,-0.4806728336930962
116.651,0.9611148376447135,0.14521836233890323,2.6369657126603503,-0.050190533865963276,-0.9733019943472063
116.701,0.9633452180444322,0.1437647027542638,2.58936214319279,-0.05877213797432505,-1.10052175889182
116.751,0.9593310466755396,0.14658830637928827,2.5403364957052577,0.20182753652950317,-0.979035664634529
116.801,0.9513180892296312,0.1526370382004272,2.4922849975430665,0.20992010706098685,-1.1042585335273551
116.851,0.9496399435606561,0.1540062789320951,2.4431601370614167,-0.06235167212770201,-0.9717124981271472
116.901,0.9520015134922738,0.15197125441919482,2.395604478062581,-0.06235499330257491,-1.107202805780461
116.951,0.9483829624161485,0.15555614321484415,2.346565124119733,0.21184985208822393,-0.9745101607764468
117.001,0.941064210378488,0.16302067097896122,2.2985399626896212,0.2118612100726447,-1.1105814958274909
117.051,0.9393533670656659,0.16466787213424086,2.249083712751723,-0.05720553979098032,-0.9771419092393896
117.101,0.9411190811899403,0.1624178514410831,2.201220327126854,-0.05720861834017491,-1.11251384920036
117.151,0.9383251208408557,0.16625567401809918,2.1516941138095245,0.19524255917608396,-0.9882287919020118
117.201,0.9328554091672699,0.1742674744722674,2.103255569860601,0.20344615544814212,-1.1136905896714735
117.251,0.9316303991044349,0.17631111738981278,2.0535877737957633,-0.04909775899875869,-0.9868387218862059
117.301,0.9329379027047693,0.17429873162381718,2.0052160906279775,-0.05778078999546379,-1.1142060589884895
117.351,0.9311989548205426,0.1783409121443664,1.955495698250409,0.17774876549994256,-0.9891326953284744
117.401,0.9278072941164763,0.1864810477373042,1.9069973744125088,0.1868427309889643,-1.1171805240834378
117.451,0.9271272441299707,0.18807766856066854,1.8574970596550644,-0.06038631178346584,-0.9784240681563313
117.501,0.9279435463354504,0.18517095637410227,1.809641010033248,-0.06038957468555852,-1.11355745401182
117.551,0.9270118384536665,0.18937017299707043,1.7599996182440343,0.1824557735299268,-0.9940983767065869
117.601,0.9253303607218646,0.19826184655536438,1.7112016686323066,0.1920914805681201,-1.1198368190205448
117.651,0.9250174794268031,0.19990023317518069,1.6617825246653783,-0.06575530566462087,-0.9709895893682913
117.701,0.9252742927175941,0.19662268002563368,1.6143015553230968,-0.06575882057360326,-1.1114516048083445
117.751,0.9252271009684401,0.20112132706065697,1.565339021877478,0.19570269489881278,-0.9690371965638044
117.801,0.9254067420851655,0.21068982180552742,1.5174837911937085,0.19571312371498964,-1.1101565673102096
117.851,0.9254389711154956,0.2122288755476825,1.468401182450259,-0.07424083300786558,-0.9684845245671845
117.901,0.9250124701762299,0.20854160517541723,1.4210091189752632,-0.0742447857372206,-1.1089427496252715
117.951,0.9258299842287723,0.21267272189300163,1.3719506962051509,0.18874130029210273,-0.9785759324869812
118.001,0.9279149497407226,0.22180446065105688,1.3239946810470047,0.19835881511817685,-1.1042749317791771
118.051,0.9282250544825512,0.22318177412517354,1.2749935495917502,-0.07502405007463239,-0.9735301916027876
118.101,0.9269856572288528,0.21982962899488015,1.2271912716063136,-0.08159044667298224,-1.1033842295281922
118.151,0.9283815331294867,0.2232633912765296,1.1779815606312074,0.17053280091600787,-0.9793631013244576
118.201,0.9319259404873395,0.23094955337753925,1.1299705255471122,0.17959604215253397,-1.107412389961906
118.251,0.9320922131919298,0.2315405808370598,1.0806417783334286,-0.09255998308462168,-0.980758262497856
118.301,0.9296522708849821,0.22767117018152833,1.0325394598419666,-0.10121158436326444,-1.1081758473144283
118.351,0.9315501166850428,0.23051727813624653,0.9830728604257187,0.17480757467112296,-0.9842503345807775
118.401,0.936721268369948,0.23749958013128883,0.9347653377298882,0.18297308338907955,-1.1098245446625963
118.451,0.9367826923289193,0.23752752196172086,0.8855431484268393,-0.11453542127492519,-0.971554312267596
118.501,0.9331020046039664,0.2331405975513587,0.837996453732251,-0.11454153601980219,-1.106867166571097
118.551,0.935527420799305,0.23561179747752173,0.788829518731917,0.19178688259249846,-0.9801033761818556
118.601,0.9423510286581778,0.2423273106189813,0.7408089336855502,0.19179728873170993,-1.1161702498726989
118.651,0.9419997193072999,0.24220259629926616,0.6912175354464662,-0.13800462837521293,-0.9855344082120305
118.701,0.9367296868778878,0.2378738045064657,0.6428170588279625,-0.13801217587363565,-1.1210738753701097
118.751,0.9395800669394494,0.2398691737165221,0.5925274933043623,0.20232753448790688,-1.0022039140536418
118.801,0.947822572038593,0.24562872237744668,0.5433903218682921,0.21046873295567245,-1.127357279807428
118.851,0.9473681997257588,0.2454684669945281,0.49281105014447546,-0.14899633492154105,-1.0079638966685978
118.901,0.9409391468152754,0.24183315475630182,0.4433841065436301,-0.15763913854106398,-1.1351908768070187
118.951,0.9438550001128659,0.2430555420485994,0.39266850074875,0.20301148346662182,-1.0082662138891314
119.001,0.9531406634306738,0.24698123143841258,0.34321476552609587,0.2120776510577046,-1.1363044776977436
119.051,0.9521667178146456,0.24676455963578597,0.29190261216282154,-0.16675469972058424,-1.0276469182611505
119.101,0.944262415890602,0.24434573766273363,0.2414579875702203,-0.1761504955593996,-1.1552077568795474
119.151,0.9477105220208821,0.2450086526848763,0.18932716370756622,0.22652505041961277,-1.0418139739017827
119.201,0.9587725504934814,0.24706957094583895,0.13814168531370455,0.23616420314416478,-1.167561709355915
119.251,0.9577633842057536,0.24708599268907877,0.08524797702692066,-0.1843264200483521,-1.0548810423623645
119.301,0.9484335111984017,0.2464032916192589,0.03380936802268401,-0.1918561694512172,-1.181525564586322
119.351,0.9514673136155397,0.24631654623372468,-0.01944131598516252,0.23070042737582952,-1.0639422373213623
119.401,0.9628258763737094,0.24591358957275736,-0.07189798209424164,0.23895506114428247,-1.186748546071378
119.451,0.9615929018060427,0.24617197578331665,-0.1206816422703851,-0.19305114256109263,-0.9056114138727674
119.501,0.9521069264192185,0.2475129151270902,-0.16499645222980536,-0.20278924568081302,-1.029033519094228
119.551,0.955328989904057,0.2467791911487188,-0.20749471206028833,0.23970293879311874,-0.7957886277586819
119.601,0.966847980918291,0.2440826532143411,-0.24660266841283307,0.2493018076698981,-0.9217177209854814
119.651,0.9656905147247831,0.2445177309487914,-0.2828201072100317,-0.1994865763338313,-0.6652912996259669
119.701,0.9562523135501986,0.24751853724103598,-0.31512787915264473,-0.20890268751451022,-0.7926196411782128
119.751,0.9593221712900967,0.24628277919155836,-0.3473261387293689,0.2417405083959253,-0.6204299693405368
119.801,0.9704575710991211,0.24178481810072563,-0.37747111818945467,0.25849265623902995,-0.7178221363234367
119.851,0.9693805972492491,0.24232510718079162,-0.40505296062113066,-0.20244968926824974,-0.49579164547495647
119.901,0.960376731745444,0.24658328400667573,-0.4293369273869606,-0.21292086361950913,-0.6174050508170671
119.951,0.9637624172350294,0.24482503592931798,-0.4516676500412856,0.25969252533905873,-0.40229140896586457
120.001,0.9750789134945494,0.2388413859358131,-0.47160950126943274,0.2773297409718011,-0.488959492531127
120.051,0.9743087123695542,0.2394072441642713,-0.49257733876807863,-0.2014978604221717,-0.4140628732212326
120.101,0.9657743074604223,0.244563110538692,-0.5126183453094599,-0.21673243716745777,-0.5089568976875881
120.151,0.9686178402289143,0.24300442808088343,-0.5330998854706142,0.2399012980722731,-0.40455843196130825
120.201,0.9787268435795187,0.2368561894391321,-0.5529343805968475,0.26176431157455093,-0.45741303105876574
120.251,0.9777162709529436,0.23757045006468488,-0.57034964916378,-0.19790314573541293,-0.3063538561885973
120.301,0.9696211786317404,0.24297463464743707,-0.585275685640133,-0.21969318383487485,-0.3589821471533337
120.351,0.9729421901907431,0.24077115685186476,-0.6003804723355554,0.261117896582718,-0.2990054834437683
120.401,0.983544867548474,0.23349382889409584,-0.615252260815843,0.28510802688957704,-0.3298255499374386
120.451,0.982879320428321,0.23414414661799898,-0.6291612945313221,-0.2012563512718541,-0.25174794041217313
120.501,0.9750186256234493,0.24010351900877655,-0.6417059308972423,-0.22287118603811346,-0.3038716569908957
120.551,0.9782256635755382,0.2378377820490612,-0.655027233805043,0.26053311493868947,-0.27297292018839425
120.601,0.9884853063643074,0.23014853691963313,-0.6686758797297098,0.2880175675826808,-0.27297292018836417
120.651,0.9878305750400371,0.2307788353579453,-0.6819055593158472,-0.1996953730652586,-0.25880088701633397
120.701,0.9802213952831089,0.23696171335812435,-0.6946252165873855,-0.2256879864713608,-0.271964632728085
120.751,0.9833207016246748,0.23437184954164575,-0.7063655100990881,0.26358732459568485,-0.21871820751598275
120.801,0.9932415841702519,0.22601386880761748,-0.7173014204312901,0.2912200611791561,-0.21871820751595175
120.851,0.9926126719669923,0.22660094735532121,-0.7279045330852868,-0.2002094582846729,-0.2076249514496804
120.901,0.9852552611185333,0.23307920031511759,-0.7382857806204793,-0.22788274070524844,-0.20762495144971177
120.951,0.9882518209692595,0.230298023824178,-0.7480239909256882,0.2655734327526814,-0.18619037690897025
121.001,0.9978477093157505,0.22142298000449215,-0.7573335097442402,0.29327316444141865,-0.18619037690893844
121.051,0.9972262465970076,0.22205099323984723,-0.7662755238437687,-0.20231888000063425,-0.17394021950873553
121.101,0.990085810617655,0.2289200083453907,-0.7749725347972797,-0.23003273626473603,-0.17394021950876778
121.151,0.9929905252619756,0.22602110469185918,-0.7832547484127259,0.2675076969203383,-0.16011364147682247
121.201,1.0023003067745606,0.21670927349510355,-0.7912604304694619,0.29522660455747063,-0.16011364147679
121.251,1.0016875148293487,0.2173722139166312,-0.7989841575034565,-0.20426110516199666,-0.15071514066189223
121.301,0.9947426342312792,0.22457454946135513,-0.8065199145222881,-0.2319773894103413,-0.150715140661925
121.351,0.9975652586057876,0.22157444755971464,-0.8137910356477863,0.26932778515316086,-0.1418939441702951
121.401,1.0066161919822791,0.21188553733073104,-0.8208857328443963,0.29703548743273417,-0.14189394417026216
121.451,1.0060161996263906,0.2125760586133606,-0.8277703890344388,-0.205884366565766,-0.13489257725112483
121.501,0.9992584601649377,0.22006458893814204,-0.8345150178867686,-0.2335782748284327,-0.13489257725115814
121.551,1.0020069388088781,0.2169732421512487,-0.8411066932736142,0.2709975375136216,-0.1297941283793724
121.601,1.0108150324981615,0.20695091344925184,-0.8475963996834701,0.2986733774954372,-0.129794128379339
121.651,1.0102340980539601,0.2076597998541045,-0.8539337354790705,-0.20706538233037305,-0.1247151078835423
121.701,1.0036657827493614,0.21539362677388016,-0.8601694908651669,-0.23471906263722092,-0.12471510788357593
121.751,1.006345979462756,0.2122162143939465,-0.8663357942001795,0.27247557319225285,-0.12240003950530834
121.801,1.0149170557754938,0.20189323441339593,-0.8724557961678029,0.300103662193859,-0.1224000395052745
121.851,1.0143626210186918,0.20260990137512241,-0.8784705783451862,-0.20771336184867933,-0.11889271315115561
121.901,1.007994387739423,0.21055211042630148,-0.8844152139957435,-0.23531213974479984,-0.11889271315118957
121.951,1.0106100686595458,0.20729043642239173,-0.8903530101372884,0.27372427182207476,-0.11866472951666385
122.001,1.0189412491811254,0.19669216094248024,-0.8962862466061579,0.3012905454716447,-0.11866472951662971
122.051,1.0184212213374804,0.1974051198381802,-0.9021540153521154,-0.20776867351065698,-0.11648247207866724
122.101,1.0122699630600034,0.20552150897537289,-0.9079781389494643,-0.2352987204411767,-0.11648247207870152
122.151,1.0148257033320116,0.2021692838720031,-0.9144711976111283,0.2749256522796637,-0.13878030764689397
122.201,1.0229021868573318,0.19129918352447883,-0.9214102129823336,0.30241394596725285,-0.13878030764685953
122.251,1.022433862074437,0.19199101399492258,-0.9274836809680461,-0.20701317022057933,-0.10992872801829519
122.301,1.0165435055062748,0.20025424049309326,-0.932980117363428,-0.2344525753434869,-0.10992872801832981
122.351,1.0190299683929729,0.19681618019737293,-0.9387268377749498,0.27535868669677616,-0.11827152858355598
122.401,1.026826259759363,0.18571528073500407,-0.944640414197233,0.30275227418441647,-0.11827152858352119
122.451,1.0264005066860846,0.18638278154144958,-0.9505263522059099,-0.20585764158505435,-0.11735024812678278
122.501,1.0207657012754774,0.19475485577646384,-0.956393864605517,-0.2331993524635308,-0.11735024812681774
122.551,1.0231868790285699,0.19122819398158036,-0.9623776830381928,0.2757709239294467,-0.12122711590957931
122.601,1.0306996668394426,0.1799068274210919,-0.9684390388262469,0.30305678240843564,-0.12122711590954426
122.651,1.0303284753176338,0.18053531173931878,-0.9745302398573311,-0.20408441802887484,-0.12222195734752878
122.701,1.0249772164434392,0.18898908534945033,-0.9806413377171014,-0.23130889464462312,-0.12222195734756403
122.751,1.02732942913725,0.18537030942749916,-0.9868801545627782,0.27589014235795545,-0.12647925689426168
122.801,1.0345334723168178,0.17384074954304382,-0.9932041173990593,0.3030482634019402,-0.12647925689422632
122.851,1.0342221644421967,0.1744185762381468,-0.9995845883054824,-0.20172293890420934,-0.12836285923989948
122.901,1.0291811994966444,0.18292686841976272,-1.0060027312586668,-0.22880833973581594,-0.12836285923993498
122.951,1.0314582653026485,0.17921235201049238,-1.0125609989114464,0.2757070680870547,-0.13303368257977757
123.001,1.0383245528972311,0.1674865088117439,-1.0192126830306234,0.30271381155366744,-0.13303368257974194
123.051,1.0380770424522867,0.1680033158084558,-1.0263128736549634,-0.19883164069069678,-0.14798389949231566
123.101,1.033377416517026,0.1765436531116078,-1.0337120686160768,-0.22574995880194393,-0.1479838994923514
123.151,1.03556934833643,0.17272082252891846,-1.0407703095061698,0.2754769747859178,-0.13661876373408646
123.201,1.0420587726944002,0.1607922613826622,-1.0476012476822472,0.30229689549633704,-0.1366187637340506
123.251,1.0418765469686488,0.16123197751583904,-1.054989829296126,-0.19540203088560004,-0.15577849107279804
123.301,1.0375329941003197,0.16977777380478357,-1.0627057255228753,-0.2221196748144975,-0.15577849107283404
123.351,1.0396254283220154,0.16584850234747298,-1.0701123097839964,0.2748271558199378,-0.14410938657053907
123.401,1.0457064335329944,0.15373941688744225,-1.0773177791000514,0.3014301543982236,-0.14410938657050293
123.451,1.0455618747700404,0.15411339027055418,-1.0849722794153887,-0.192243448646767,-0.16313547228116715
123.501,1.041525769031811,0.16266813592927462,-1.092711983840318,-0.21872780689518206,-0.16313547228120334
123.551,1.0430372041376894,0.15952163652083234,-1.1007939126166029,0.24106115490484192,-0.16587697767990417
123.601,1.0479385738331537,0.14871382017170123,-1.1090841210629458,0.26741284255746584,-0.1658769776798677
123.651,1.047520350428867,0.14957262790714648,-1.1171483736260244,-0.18891624334563217,-0.1559477300514588
123.701,1.0437756989349907,0.15806394150921724,-1.1246451852373545,-0.21380424289350683,-0.17225598485152316
123.751,1.045205190512439,0.1547469802432182,-1.132986020911289,0.24248393741231916,-0.17970897147621864
123.801,1.0497944653058158,0.14369950840423779,-1.1416842413082635,0.26854530150329076,-0.17970897147618212
123.851,1.0494010170399226,0.14444768664128177,-1.149673206168506,-0.18659314745674715,-0.1463867199812837
123.901,1.0458997587991656,0.15291053327854562,-1.156736441773074,-0.20998244557005813,-0.1796560169203369
123.951,1.0472617192002596,0.14943096981437934,-1.1650861829953567,0.24536774487084398,-0.18128954736754058
124.001,1.0516240372265624,0.13813555867203003,-1.1738089698741434,0.270126485285394,-0.19482063686168838
124.051,1.0512804970379244,0.1387575512838979,-1.1820791068122802,-0.18422244320075482,-0.15063595118318326
124.101,1.0479848399485658,0.1471728573888303,-1.1893658033155585,-0.2060747464778706,-0.20366713556281202
124.151,1.0493204499522881,0.14353530692748448,-1.1977449135307785,0.24850310068086015,-0.17462188934161518
124.201,1.053496644742851,0.13201241875850528,-1.206213183488646,0.2714443746039973,-0.21103446399182352
124.251,1.0532767722751906,0.13246813927981996,-1.2145606951561803,-0.17937159755353715,-0.15774635153059788
124.301,1.050277815330108,0.14075409683127837,-1.2219810259580106,-0.20072970795653786,-0.21534140758427572
124.351,1.05153441700661,0.13702705185123087,-1.2306017120007458,0.2476798293806536,-0.1777763897102441
124.401,1.0554171180195913,0.12544476330140686,-1.2392051394405972,0.26942707549310085,-0.23062494135586356
124.451,1.0551711450713392,0.12582760583131594,-1.2478179496945867,-0.176999703535645,-0.15780265104343016
124.501,1.0523333534587949,0.134028583801449,-1.2554282724766384,-0.19660646404175092,-0.2363982543970285
124.551,1.0536278794930092,0.12945641709300934,-1.2639107257031426,0.27310830839474537,-0.16847863703407576
124.601,1.057444173818907,0.11652476643840202,-1.2721668649241606,0.2947536279633869,-0.2211291656592426
124.651,1.0573429429963823,0.11631658540230463,-1.2805807278178605,-0.17395787924757355,-0.14957259652737692
124.701,1.0547623346179384,0.12442866284285625,-1.2880107671082341,-0.19274147609165918,-0.24169961992872926
124.751,1.0559807581576255,0.11979906748326788,-1.2967688200789593,0.2720487562403276,-0.18004618465605945
124.801,1.0595307559507743,0.10683434186826697,-1.3053681413949445,0.29257672949989705,-0.24749463083514084
124.851,1.059497258793317,0.1065636409833248,-1.3144745146507306,-0.17022709948052417,-0.17376353595043662
124.901,1.0571599386389146,0.11459164221588616,-1.32263794644154,-0.18918718067785134,-0.26681104074843065
124.951,1.0582826765672573,0.1099112389595582,-1.331990254094043,0.27136083257757,-0.17856504085911667
125.001,1.0615271160162776,0.09692098410091822,-1.3408592299779403,0.2904354694038244,-0.2714877622376975
125.051,1.0615610036132381,0.09659592490142485,-1.3508332337700766,-0.1668444899679868,-0.19960018136959498
125.101,1.0595526078629478,0.10454803850677119,-1.3601035643851993,-0.18597278137027248,-0.29347363668845083
125.151,1.0603897649129344,0.10053424579931779,-1.3715553160056133,0.2449574728178606,-0.24090096947311115
125.201,1.0629673497269174,0.08870673334582933,-1.3828870556687092,0.2641708022297373,-0.3351873430089106
125.251,1.0629612683002974,0.08881558252692011,-1.3950843111630713,-0.1639513762919594,-0.2382045465101982
125.301,1.061384799136593,0.09671440110226831,-1.4062788290240653,-0.18325030596154807,-0.33291639247565563
125.351,1.0620259917542827,0.09265510684544695,-1.4189417492246164,0.24332526814346456,-0.2554734791429497
125.401,1.0639735377042812,0.08079234091084782,-1.430997291276613,0.2627008933676433,-0.3505615167679419
125.451,1.0639853772263195,0.08086582033884461,-1.4445780382452498,-0.16162241716862155,-0.27451933741189055
125.501,1.062875349077663,0.08872380911450067,-1.457583836432988,-0.18106740808341384,-0.36995173848390295
125.551,1.0632928741083234,0.0846652466513113,-1.4713659574482343,0.24077656464970407,-0.2685038732352384
125.601,1.0645431131663294,0.07283849061227139,-1.4840698050115193,0.2602810320678452,-0.36423103981715155
125.651,1.064564329424872,0.07292098232071799,-1.4974869662733434,-0.16023535754935023,-0.2603102256344347
125.701,1.0639337015413683,0.08076094552401386,-1.5097804621076176,-0.17978353205262151,-0.356258607938727
125.751,1.0641361671882275,0.07667194885481807,-1.5234458374616715,0.2403278109021376,-0.27401253867339037
125.801,1.064708583897733,0.06481630995392508,-1.5364241010563864,0.25990713615437416,-0.37011511671536446
125.851,1.0647407508766047,0.06489281454176131,-1.5502446218799206,-0.15978283837822105,-0.2700271340152061
125.901,1.0645854198037472,0.07273337795408938,-1.563023896475006,-0.17937957932457477,-0.3662215763877411
125.951,1.0645620178901603,0.06865942175828368,-1.5773213368149392,0.2393746133211263,-0.2885606078468496
126.001,1.0644323202087012,0.05683840718954283,-1.5910281058727473,0.25897560232921435,-0.3847776463959363
126.051,1.064477225584157,0.056944567949758176,-1.6054862560484036,-0.16022779282651126,-0.28154696978055604
126.101,1.064819544165305,0.06480181921293511,-1.6188437555327677,-0.17981694733573841,-0.37771277792120567
126.151,1.0645243234486987,0.0600213377778152,-1.6317907894671346,0.2635483759761941,-0.23583846451848098
126.201,1.0636225305992995,0.047021524389659265,-1.642864314230632,0.28311303314531794,-0.3318861248155416
126.251,1.0636408656112948,0.046687851308438506,-1.6557548933995936,-0.16175051484026312,-0.2644375446614258
126.301,1.064438500578164,0.054589652068208955,-1.6682606804079934,-0.18128066936344156,-0.3603216901690253
126.351,1.0639828584784958,0.050609142447511926,-1.6829102525408781,0.2384911643307615,-0.3040076957698354
126.401,1.0624922363635634,0.038924211536015704,-1.6973979860402366,0.2579696563312573,-0.39964129195783926
126.451,1.0625793635704592,0.039156177359462016,-1.7124796472939396,-0.1641831289146191,-0.29202274815317136
126.501,1.0639077875284573,0.04711184752581907,-1.7263717372773866,-0.18358776963029616,-0.3873005607174862
126.551,1.0632142562329714,0.043183824890725565,-1.741375135405469,0.23956819551182013,-0.2974244784966286
126.601,1.0609707338691463,0.03156259732986821,-1.7555417358586811,0.25888522941976966,-0.3922752919902895
126.651,1.061086085100653,0.031835284325682195,-1.7706236030414069,-0.16655886434669837,-0.29645662552665925
126.701,1.062962722004521,0.03980513767081851,-1.7847467580314176,-0.18576991875972282,-0.3907940694591482
126.751,1.0620509134796994,0.03599983388512241,-1.7997891371278554,0.2386815918631038,-0.2958136204270671
126.801,1.059080002913577,0.024585470431187587,-1.813885673996476,0.25777142122459473,-0.38955879703652224
126.851,1.0592612056401982,0.025024882140107188,-1.8286227182503656,-0.172058745044169,-0.28609553905880464
126.901,1.0617284782043577,0.03312419429682366,-1.8422390894600416,-0.1910119209516628,-0.37917556427442134
126.951,1.0606001948319863,0.029398103693819264,-1.8569489321744623,0.24174621128942556,-0.291718658868795
127.001,1.0568794766207703,0.018040593463452336,-1.8708567942713545,0.26055066635319735,-0.38407184507530995
127.051,1.0571189227521998,0.018551783819825,-1.8853545136871181,-0.1771256784104638,-0.2807728814227731
127.101,1.0601790758181477,0.0267222912208422,-1.898718069740045,-0.19576498687326033,-0.3723202397384591
127.151,1.0588472159928346,0.02305553209941746,-1.913347870916268,0.24562635749854803,-0.29080977761165805
127.201,1.0544309568577659,0.01176160600575234,-1.9274669814440673,0.2640890488469293,-0.3814940981544125
127.251,1.0547597577304695,0.012341168353682846,-1.941838613650961,-0.1828223524945038,-0.2730715401958493
127.301,1.0584119422759817,0.0205721136966861,-1.954924246372036,-0.20108957613702744,-0.36279947231032006
127.351,1.0568755312764808,0.016432411172489874,-1.9685005246934222,0.26574805119269795,-0.26535422050797125
127.401,1.0518241578656744,0.004320223444484554,-1.9813696940503285,0.2876150873475432,-0.3184005501116129
127.451,1.0521817123636537,0.004606736192507023,-1.9945968121838944,-0.188183038013578,-0.25342960500561884
127.501,1.0562317816192819,0.012886827872143647,-2.007151085852602,-0.20670958677752446,-0.3355262958647746
127.551,1.0544293175673893,0.008906353529430467,-2.0205103040139427,0.26720354922819445,-0.2661114719031891
127.601,1.0486653335135012,-0.002963441024417148,-2.0334237442121683,0.2891160854170965,-0.3191977388344681
127.651,1.0489643629290375,-0.0025602987610518165,-2.047006968452372,-0.19108621093832664,-0.27238856434498204
127.701,1.0533259630105476,0.005739585009635226,-2.060331291058567,-0.21253025861796693,-0.3288394280418311
127.751,1.0512524600043172,0.001933749275238197,-2.0738309401977095,0.26840064654894646,-0.26016222403515765
127.801,1.044876441115113,-0.009645755093284985,-2.086855339833572,0.29062625600100567,-0.30946228198967485
127.851,1.0452784978449445,-0.009127223560050836,-2.1003033884513793,-0.19677172940504178,-0.2643467962082234
127.901,1.050268805124837,-0.0008382539593203041,-2.1131260576743403,-0.21863859919131687,-0.31721529159718365
127.951,1.0481592540716733,-0.004468504984432286,-2.1267696583848346,0.26734969584436385,-0.27897833082044077
128.001,1.0413208092968342,-0.01573418758175035,-2.1405850971110643,0.292489688615075,-0.2978711200813245
128.051,1.041934830214984,-0.015115011974275986,-2.153940721057795,-0.20307240983946584,-0.25038106154941003
128.101,1.0475739504402384,-0.006878477299805068,-2.1661640824682107,-0.22483043182419077,-0.30291332316527186
128.151,1.0453820132358078,-0.0103306252916833,-2.1796348434069857,0.2673040827422398,-0.28424563886514126
128.201,1.0380165212209984,-0.021253275017712,-2.1937346693196895,0.29459295825083676,-0.28424563886511234
128.251,1.0387690743817704,-0.020550293826284382,-2.207298725408097,-0.20843198613065533,-0.25773791812569496
128.301,1.044964037252194,-0.012416784679851814,-2.2201249672262744,-0.23090327415335402,-0.30189312927164247
128.351,1.0430582068314684,-0.015012121052932105,-2.234237530071991,0.24124390277030494,-0.30066393658407214
128.401,1.0357847386584649,-0.024430298750061804,-2.2488948595855374,0.2685364722140946,-0.302561449919142
128.451,1.0368001644094673,-0.023220007275196023,-2.262453924697449,-0.20930651669765174,-0.25654849565661664
128.501,1.0432900495802249,-0.015250675048912095,-2.275125322981442,-0.23690417743970388,-0.2565484956566473
128.551,1.04060482909893,-0.01834431289677086,-2.287524484802541,0.27203756426185854,-0.24341560211031235
128.601,1.0318497562655196,-0.02848139095277232,-2.299695264847961,0.2996917047160291,-0.24341560211028113
128.651,1.0326251472906056,-0.027671018335974688,-2.3119038927250424,-0.21454546303959737,-0.24467719651774084
128.701,1.0397054463217033,-0.0198909481456033,-2.324137752489898,-0.2422375833982276,-0.24467719651777253
128.751,1.0375888804133693,-0.022077121960551904,-2.336791530781816,0.24028028655499442,-0.2586744809749701
128.801,1.0293916159095133,-0.0305734320689289,-2.3497252547584444,0.26799454822126767,-0.25867448097493795
128.851,1.0307601689433723,-0.029256502924223746,-2.361840664676425,-0.21932024441728992,-0.23139734527680872
128.901,1.0384445284666455,-0.021727357965096977,-2.373410531888641,-0.24703904289781922,-0.23139734527684136
128.951,1.0362445574100385,-0.023779944660776476,-2.3848793735348304,0.24235022996355765,-0.22802982636490376
129.001,1.0275241568038989,-0.03189172354229489,-2.39628086480367,0.2700580927383979,-0.22802982636487076
129.051,1.0290109806644452,-0.03058809336438526,-2.4067604396216846,-0.22332935074314464,-0.19729927765594218
129.101,1.0372190180653367,-0.023326140773558143,-2.416625403472482,-0.2510130039831946,-0.19729927765597552
129.151,1.0349304798016619,-0.025282657777116094,-2.426930937604227,0.24511594795921937,-0.211984953841375
129.201,1.0257298455950385,-0.03306301925767157,-2.437530185256602,0.2727658244999938,-0.21198495384134136
129.251,1.0272977688148806,-0.03180224623940379,-2.4472492994109407,-0.22634958288243784,-0.1826471702873597
129.301,1.0359493202610652,-0.024829245204076898,-2.4563816578999225,-0.25395376867341707,-0.18264717028739363
129.351,1.0335744013996124,-0.026697670617591908,-2.46594960757334,0.2475194082618063,-0.19716687656623852
129.401,1.0239457537658656,-0.034142458609771546,-2.4758079513697133,0.2750717522394958,-0.19716687656620427
129.451,1.0255740148560906,-0.032936326411177955,-2.48486557641851,-0.22845763848147693,-0.1704762514210822
129.501,1.034601051575327,-0.026274410170343356,-2.493389388968922,-0.2559474579496456,-0.17047625142111666
129.551,1.0321400553687927,-0.028063764740554827,-2.502336109553592,0.24965090452722147,-0.18457318600752906
129.601,1.0221276160006132,-0.035173093839858165,-2.5115647688277676,0.27707448602598483,-0.1845731860074944
129.651,1.0237926045145822,-0.03403365715631983,-2.5200610834622696,-0.22961406873211518,-0.16016169783674894
129.701,1.033127655190044,-0.027702923919498933,-2.52806916833699,-0.2569616625241903,-0.16016169783678388
129.751,1.029737942755659,-0.030009295009301617,-2.5359403541050582,0.2856923880208236,-0.15559839425326893
129.801,1.0179807007989778,-0.03776274271620442,-2.5437202738020233,0.3129647590169702,-0.15559839425323374
129.851,1.0190869363244812,-0.03708263736513061,-2.5515905188498387,-0.22968569065545266,-0.15860923930012227
129.901,1.028648215378528,-0.031087529710566702,-2.5595209807982213,-0.2568771399336458,-0.15860923930015747
129.951,1.0251763927358961,-0.03328867735597044,-2.567187873357929,0.2861338026311913,-0.14982359295877856
130.001,1.0131371904077797,-0.04064372087120508,-2.5746790529918533,0.3132380520706416,-0.14982359295874315
130.051,1.0142348649984816,-0.040020675573330236,-2.5822893212003395,-0.22879358613787498,-0.15379321213364822
130.101,1.0239638440624315,-0.034384545186382454,-2.5899789817918677,-0.25580701087977376,-0.1537932121336838
130.151,1.021310625294226,-0.03593483811838296,-2.597987687200589,0.25097640442628355,-0.16442803944082302
130.201,1.010529586815082,-0.04196697576099756,-2.6062090891541057,0.2778890353209358,-0.16442803944078727
130.251,1.0122074406182258,-0.041053093111193796,-2.613767694925182,-0.22702494648228064,-0.14233483322926582
130.301,1.022057349722089,-0.03580983940398708,-2.620884436574632,-0.25382938482545236,-0.14233483322930177
130.351,1.0183983379596928,-0.037821347229871606,-2.6279370124297428,0.28658466512995606,-0.14019597340734824
130.401,1.005867383181669,-0.0443644287316788,-2.6349468110886267,0.3132864130263174,-0.14019597340731224
130.451,1.0068711434290802,-0.04388770048276471,-2.642055277343583,-0.22411772770221405,-0.14348489329287642
130.501,1.0167599491731787,-0.039032040722655335,-2.64922952199592,-0.25071172222884647,-0.14348489329291247
130.551,1.0138862710288898,-0.04048670122503533,-2.6566403708484336,0.2528637310661863,-0.15137170000837744
130.601,1.0026429244182582,-0.045844449835777984,-2.6642089558343995,0.2793409580135603,-0.15137170000834124
130.651,1.0041583811086838,-0.04514533768154794,-2.6713208151937695,-0.22029280548792737,-0.13614751237638983
130.701,1.0140355892976707,-0.04070517994518364,-2.6781281908020755,-0.24664667890412784,-0.1361475123764262
130.751,1.010186983862154,-0.04253688238394697,-2.684887841611699,0.28506828474239915,-0.13455668574641758
130.801,0.9973312099771888,-0.04824766727136044,-2.6916156758888667,0.3113032403928762,-0.13455668574638116
130.851,0.9981522313069041,-0.047919743261151074,-2.6990475125655666,-0.21537951193802168,-0.16111544550877407
130.901,1.007947277112982,-0.04383866176731516,-2.7067746107919692,-0.24148514822543987,-0.16111544550881055
130.951,1.0040184237402279,-0.04554194382989911,-2.713690897709481,0.28282126708832794,-0.12737944824772154
131.001,0.9910867044242321,-0.05079663749254998,-2.7200598701132535,0.3087875966498665,-0.12737944824768493
131.051,0.9918971424275068,-0.050501893238665364,-2.7269399866759207,-0.21319374881558012,-0.14772064313659358
131.101,1.0017180773234438,-0.04677154733222224,-2.733981376751753,-0.2390293263746685,-0.1477206431366302
131.151,0.9985332593507,-0.04802730537217772,-2.7411900222724026,0.2527572210907839,-0.14630057143725225
131.201,0.9868280884002644,-0.05230533769629143,-2.7484810374711737,0.2784471170667175,-0.14630057143721553
131.251,0.9879022524014769,-0.05191198188618049,-2.7554346044855267,-0.20279663544783552,-0.1363555207179143
131.301,0.9973397947057387,-0.048635587927462386,-2.761845665333549,-0.22792741263948382,-0.1422189658862046
131.351,0.994091385789073,-0.049801006816988014,-2.7688079927260483,0.24663031693007098,-0.14806813764792498
131.401,0.98254165326016,-0.053648308529159916,-2.775964217906819,0.2720229446089716,-0.14806813764788818
131.451,0.983534240942695,-0.05328310813868623,-2.782674346507409,-0.19641733321411517,-0.12498852006879538
131.501,0.9927271155219921,-0.050316265664651624,-2.78865280835313,-0.22031497641816095,-0.14556745887874128
131.551,0.9884856315635226,-0.05168953335479168,-2.795165048796767,0.2759176649022181,-0.13650832660080803
131.601,0.9754466793986143,-0.05565299799427424,-2.801951959605432,0.30100854210825534,-0.13650832660077122
131.651,0.9756459426242282,-0.05551802322567647,-2.808172796288026,-0.18833082166691356,-0.1131534141296558
131.701,0.9845056158424059,-0.05285088625533597,-2.813581714807524,-0.21127107892532643,-0.14600523917645003
131.751,0.9809941144636339,-0.05393160131951699,-2.8201640177640295,0.24467652830793243,-0.1421010165165473
131.801,0.9693997576862605,-0.05729838042476267,-2.8269917669917177,0.2679998773533798,-0.1670623314592103
131.851,0.9699440533588414,-0.05709666981198083,-2.8331380234788353,-0.1795173830724475,-0.1037895879986368
131.901,0.9784109514143781,-0.054700316345647336,-2.83826414439141,-0.20129929370967783,-0.15411858939292547
131.951,0.9739838584471558,-0.05589583377401456,-2.844752073646049,0.26892396076484476,-0.14243249673900718
132.001,0.96112656703869,-0.059259076758308174,-2.8515782545032895,0.2923156243278691,-0.1623238264888867
132.051,0.9608861292955644,-0.05915549764063948,-2.8580724052161455,-0.16969883203065292,-0.1152868961855035
132.101,0.9688865253751086,-0.056882028035958807,-2.863556345994559,-0.1900644676973265,-0.1851180992698807
132.151,0.9651171393489337,-0.057878962058197085,-2.87047323831502,0.23989304100985748,-0.1473188439194557
132.201,0.9536709126322308,-0.06088849140221109,-2.877451608699211,0.2608701443353987,-0.20785438628078592
132.251,0.9537141825599086,-0.060773073495472986,-2.884434901933468,-0.15993663986801918,-0.11932954213002611
132.301,0.9612437670966624,-0.05867784903769353,-2.8903567478396095,-0.17895244232872734,-0.2113801602444729
132.351,0.9566362486470268,-0.05971101549018183,-2.8973252976147115,0.2605466230747453,-0.1400949164409868
132.401,0.9441087236591212,-0.06263823773621172,-2.9040230103535905,0.2813266669284838,-0.20279432921683563
132.451,0.9433992224412591,-0.0626596021888871,-2.9118156435762437,-0.14767867461780296,-0.15573100077687724
132.501,0.9503944514473905,-0.06080267462632834,-2.919016397373802,-0.1667638519220102,-0.2493980776983917
132.551,0.9463961854797438,-0.06169179931853815,-2.928015554066135,0.23211062636915938,-0.18505797915414796
132.601,0.9352397462325354,-0.06428890743933292,-2.9367296897145554,0.2512659328279921,-0.27906597775388137
132.651,0.9347489514095066,-0.06438141938080684,-2.9460794772166077,-0.13509233386090203,-0.17910597843127948
132.701,0.9411938233440572,-0.06289734953941413,-2.954322563710161,-0.15431930285914447,-0.2734696152001626
132.751,0.936431860716602,-0.06377773350791437,-2.9640133832305375,0.24856289695694167,-0.1953071821230847
132.801,0.9243715623581084,-0.06610719478294949,-2.973096151208012,0.2678554100107238,-0.28999124665636816
132.851,0.9231560943411792,-0.0663183801363624,-2.9851329808626965,-0.12162620655502096,-0.26303234830266964
132.901,0.9289957226866408,-0.06524181028210514,-2.997566683072258,-0.1409874593243858,-0.35805103664019017
132.951,0.9249029021729979,-0.06579933283719594,-3.012602200369973,0.21579842250955156,-0.3179753564238387
133.001,0.9143600663451389,-0.06726669630580544,-3.027780275080459,0.23523711227523447,-0.413370362548917
133.051,0.9134421929052368,-0.06739203343403313,-3.044021108366395,-0.11002000058950236,-0.3215045665769115
133.101,0.9187631434639222,-0.06678662716715376,-3.0593743019177086,-0.1295276379586286,-0.4172468161288355
133.151,0.9139002073254789,-0.06713053616757278,-3.0766048132854666,0.232874904713959,-0.35209279567924934
133.201,0.9024287756622732,-0.06789501478297752,-3.0934866116189292,0.25243550730337416,-0.4480944997886523
133.251,0.9009530101397033,-0.06800286814923702,-3.1144726698849983,-0.1030626050313582,-0.45681123142475394
133.301,0.9058802122853222,-0.06787761466885658,-3.136786034011745,-0.11790172384590955,-0.5646049590176273
133.351,0.9010466762007252,-0.06780983448076446,3.121869302819308,0.22442924940836245,-0.49903630165269636
133.401,0.8899767341430368,-0.06749066833189668,3.097637351146887,0.24402901040782968,-0.5952407550935125
133.451,0.8887138160130398,-0.06746388334390634,3.0680927599346344,-0.10780719526805789,-0.6371149025960128
133.501,0.8939304840098671,-0.06790386045886464,3.0369966544392257,-0.1078098377608879,-0.7778913395405798
133.551,0.8894833322351935,-0.0672666973946189,3.002174055243293,0.216473261582572,-0.7243320811376196
133.601,0.8789472218155139,-0.06551570212871546,2.9666583797280226,0.23589004019299498,-0.8196709752168241
133.651,0.8776461275641163,-0.0652789094767846,2.9231745853946522,-0.10019649537045217,-0.9539276531787023
133.701,0.8822633779607241,-0.06642613210602812,2.8762044401326654,-0.10020166239868744,-1.091859575394995
133.751,0.8777003045170667,-0.0649883638943594,2.826510408793115,0.21863805692432436,-1.0025837418974965
133.801,0.8674756780505044,-0.06131257117687326,2.7773491866614877,0.22796840015520453,-1.1302655873558476
133.851,0.8658331088304692,-0.06078941404607797,2.7263065725495848,-0.08735126590190702,-1.0226256315862579
133.901,0.8696491156906451,-0.06279198421210605,2.676127845305778,-0.09632389303189771,-1.1506373610293796
133.951,0.8655533752644171,-0.060505445826371795,2.624568120866477,0.2135911055010657,-1.026236594965413
134.001,0.8565392918339412,-0.054885128882646336,2.5741831592408793,0.22212323100723014,-1.153270777818579
134.051,0.855332121649329,-0.054082394330347526,2.522633425784241,-0.09430560439917479,-1.0212377754009536
134.101,0.8591350597559081,-0.056869688429216435,2.472606443957163,-0.09431111540641204,-1.155295884598317
134.151,0.8558618369888376,-0.05385070107312378,2.4208658814305823,0.21038024833592714,-1.0355714917049872
134.201,0.8481349478520513,-0.04655426725489406,2.3702862856134885,0.21775618873067915,-1.1567252659585088
134.251,0.8469931157158832,-0.045550592574230796,2.3188707176306558,-0.09446805872302305,-1.0217944565531307
134.301,0.8501587879571347,-0.04905580629699913,2.268791665788973,-0.09447359841299535,-1.1577994329631955
134.351,0.8473723882702989,-0.045721791397032224,2.2169839419152955,0.2067025223163928,-1.0350071546975443
134.401,0.8410325387169675,-0.037633875199907685,2.166204925028285,0.21453946913758204,-1.1585219301644967
134.451,0.8401998719682601,-0.03649361668041579,2.114229730424786,-0.08912625295573462,-1.032912002193031
134.501,0.8426632932535004,-0.040137424490057284,2.0635581544241144,-0.09752024027505628,-1.159239894674151
134.551,0.8408733745785079,-0.036508384883108216,2.011631097580294,0.19260721407068504,-1.0322231175637413
134.601,0.8367007121343905,-0.027903857739811123,1.960986473489983,0.2014822620417485,-1.1600300279584264
134.651,0.8362733475852214,-0.027034799380943136,1.90903525478671,-0.09456621290752656,-1.0331151646920518
134.701,0.8379281926539699,-0.031390660336637774,1.8583283721286097,-0.10381712627359303,-1.1610569267067243
134.751,0.8369659309977455,-0.027607912716075628,1.806271306862473,0.19148897797169484,-1.035786685635551
134.801,0.8347560626512589,-0.018367042158172153,1.7554030673240026,0.2010305328207371,-1.1625149647675854
134.851,0.834549678431427,-0.0179745795073314,1.7035416776083314,-0.11319535016116652,-1.0248331513963471
134.901,0.83522267805954,-0.023593867567975668,1.6533722859388154,-0.11320204103954701,-1.1645989294670716
134.951,0.8350498280228973,-0.019590350350726315,1.6012719171387935,0.20969725858846208,-1.041453778318476
135.001,0.8348697518936015,-0.00907303073084504,1.5503054650780557,0.21685484809062266,-1.1673393526255227
135.051,0.8347788181281117,-0.00860148580831281,1.4982708791223733,-0.12504343841515947,-1.0303059192764819
135.101,0.834240891551407,-0.0148301125076044,1.4477947924663976,-0.12505091855281097,-1.171112109588505
135.151,0.8349239158093629,-0.011042311224137704,1.3953382671269896,0.21048864007572798,-1.0507778735635611
135.201,0.8369965984090204,-0.0007964955491875474,1.3437738613328458,0.2201516654482693,-1.1758604437959013
135.251,0.836940965797665,-0.00046982275881777175,1.2908219261435612,-0.12895949712128718,-1.0547124893183224
135.301,0.8349360302367919,-0.006527915544932192,1.2390580272965268,-0.13838646511688177,-1.1819711695697246
135.351,0.8364499499471727,-0.0027735085744155443,1.1864818863916797,0.21971601189061202,-1.0391280306940562
135.401,0.8408849716592497,0.0072076576287935555,1.1354838134356275,0.2288149241371375,-1.1671745890833372
135.451,0.840782656347137,0.007337088486584319,1.0839521776033205,-0.14309220379035031,-1.0143673489402136
135.501,0.8371429906615717,0.0012433207882577891,1.0341695595765326,-0.15176230604607815,-1.1418285301945408
135.551,0.839186623904215,0.004280745039273731,0.9866566641658046,0.2164604126787183,-0.8966722278833044
135.601,0.8454909889622202,0.0130122290996047,0.942732631456599,0.22464563832323037,-1.0223236551121662
135.651,0.8451546641717493,0.012794219700651869,0.901592029642881,-0.15604024836662522,-0.7626556024828127
135.701,0.8400124986005146,0.0069882636377360564,0.8643435762943554,-0.16373203134985645,-0.8857309419369179
135.751,0.8423272398716478,0.009689800930745084,0.8276382482155056,0.22005708823450693,-0.7091432024735744
135.801,0.8497569416555616,0.01766322256117278,0.792932010335556,0.23391066044333408,-0.8088229159065242
135.851,0.8493515838934835,0.017375481690257804,0.7607057754684756,-0.16141169095581342,-0.5919453700344739
135.901,0.8435459089797883,0.011790091725261784,0.7321246958481034,-0.1745946446199541,-0.6936149568865735
135.951,0.8461844050223543,0.013884671719192056,0.7041899741814209,0.22011195611844947,-0.5361132265607392
136.001,0.8545872645277393,0.020831385390671506,0.6781240318580702,0.2339295309142676,-0.6355958543628524
136.051,0.8539155896312145,0.020395326934595965,0.6551517722746829,-0.17130715327614238,-0.3999493113156412
136.101,0.847114164243311,0.015303436012103103,0.6360289397629613,-0.18505089085632093,-0.4989212835163009
136.151,0.8499915045117687,0.01732483130994934,0.614900313729364,0.23038266207297894,-0.4341578152560849
136.201,0.859246758654197,0.02381027110491971,0.5932650401927231,0.24642149230484273,-0.5188418129856099
136.251,0.8585774969020146,0.023393088361032332,0.5740325499791809,-0.17500397034962042,-0.3406878214202695
136.301,0.851432002096255,0.01866310735422286,0.557295720465674,-0.19560270840303493,-0.3997408963187323
136.351,0.8547101170781028,0.020598825117309396,0.541089699156161,0.24011169752020103,-0.3082564019270282
136.401,0.8648369543908623,0.026736547168711253,0.5260750733953031,0.26196091499598195,-0.36104682312900893
136.451,0.8641055125183392,0.026333885799067102,0.5105332991562889,-0.18483934211500974,-0.30650254764905566
136.501,0.8562251463919693,0.021786976986677777,0.4957375453947032,-0.20602183847050629,-0.3640039699580609
136.551,0.8588404752902542,0.023071340258007167,0.481413720517813,0.21763547691565494,-0.2733540552936079
136.601,0.8683488675489298,0.02801623819131068,0.46814459361099453,0.23954655590733445,-0.3263867541496007
136.651,0.8669320143057964,0.027348487998382763,0.456330660347852,-0.1939988677621537,-0.2071432449513423
136.701,0.8583557763372294,0.023180031545153173,0.44637184646751776,-0.21591231662997137,-0.2602214076509803
136.751,0.8611603115663433,0.024469944340144507,0.43554397210937024,0.22899908510057176,-0.21772090053111573
136.801,0.8714218438439073,0.029161887403674758,0.42502367434622434,0.250904633518179,-0.2708106894130668
136.851,0.8699151574969575,0.02855992684206295,0.4155510769803684,-0.20363502525285748,-0.16328169067610093
136.901,0.860703707787355,0.02467719640703519,0.40748145170191563,-0.22579193513341383,-0.2127597296486004
136.951,0.8641126572713739,0.025936354716064754,0.3986068596629002,0.2530623203287543,-0.18420496830039526
137.001,0.875793638724244,0.030365992049342025,0.38973115304887374,0.27767124003829335,-0.1990234552617611
137.051,0.8744988155964017,0.029861788901250325,0.3815712797172187,-0.21184149906996996,-0.1492634038426684
137.101,0.8647022491397536,0.026296949556829298,0.37437799105878383,-0.23522119922951656,-0.17990911718863914
137.151,0.8681168189995637,0.027433074319070817,0.36669180969630516,0.25720357267302935,-0.16383945108888442
137.201,0.8801877302509783,0.031429717727706835,0.3589690241051884,0.2825280907972223,-0.1638394510888476
137.251,0.8787241345020675,0.03090942806810069,0.351590052931941,-0.22019985033813877,-0.13919792354993943
137.301,0.8683932037390067,0.027599428601475188,0.3449049241844705,-0.24393240054229948,-0.16143592092675235
137.351,0.8718187050300815,0.028635441821053657,0.3382987915816493,0.2624081962649751,-0.13109763999144003
137.401,0.8842558512689199,0.032273793912165644,0.33185442858562186,0.28740243282457395,-0.1310976399914032
137.451,0.8827929871952542,0.03182373541881152,0.3255543061917043,-0.222402951815603,-0.12425919013215458
137.501,0.8722271189443886,0.02887037970414413,0.31970529320481256,-0.2466928811247161,-0.13350965172945098
137.551,0.8755793113405813,0.029824660369668597,0.3141367725152557,0.26096427125775973,-0.10693667159752317
137.601,0.8880429622218355,0.03309580869277551,0.3088166192211638,0.28566158822445387,-0.1069366715974863
137.651,0.8861859088727252,0.03259544604654335,0.3038293477730796,-0.23439536597888122,-0.09654048725588772
137.701,0.874952844320325,0.029841981921204935,0.2991249146347495,-0.2589616226350088,-0.09654048725592465
137.751,0.8783898672924849,0.030795107058515424,0.2944787661276852,0.2716205704007004,-0.09212327602565437
137.801,0.8914344405671336,0.03394635085809704,0.2898726023296621,0.2960657013911108,-0.09212327602561746
137.851,0.8895836573331901,0.033488687767345114,0.2856612277239679,-0.24098999724205847,-0.07913151929010843
137.901,0.8779782107836843,0.03088733671078966,0.28172670695618224,-0.26531894131110617,-0.07913151929014534
137.951,0.8814499204171796,0.03179368800073184,0.27767818617579254,0.276686952519241,-0.08253500304541452
138.001,0.8947967961914409,0.034774276024269954,0.273551436025866,0.30090909434221635,-0.08253500304537764
138.051,0.892874102959274,0.03432991837617687,0.26995705220924554,-0.24662809780658645,-0.06478945857762522
138.101,0.880950857130388,0.031858500480943415,0.2667175792814953,-0.27074540746399417,-0.06478945857766213
138.151,0.8844157053889196,0.03271035561109817,0.26339881599671305,0.27977880641310515,-0.06743247048166395
138.201,0.8979588221171445,0.035524508100199616,0.26002719247390965,0.30380601793830386,-0.06743247048162701
138.251,0.8959549180859478,0.03508519447026359,0.25700242055988975,-0.25131221459484476,-0.05587075017777385
138.301,0.8837686783592374,0.03272441397473423,0.254208883051726,-0.27525050812144475,-0.05587075017781075
138.351,0.887252601720037,0.033535458892293216,0.2513152686593006,0.28322115761670474,-0.059206646322661434
138.401,0.9010004079891869,0.03621432810919988,0.24835493634403438,0.3070795862391885,-0.059206646322624595
138.451,0.8989532107604734,0.0357889062629963,0.24557969910408514,-0.2549412970661467,-0.053036810473815976
138.501,0.8865599089993162,0.03353786324620409,0.24292785858101407,-0.2787183958641651,-0.05303681047385286
138.551,0.8900723185326077,0.03431376921602698,0.24031838983812723,0.28632691141312394,-0.05162441780012101
138.601,0.9040039366804659,0.03686541156848417,0.2377371689486964,0.31002871419652417,-0.051624417800084144
138.651,0.9019409415363031,0.03645917349626176,0.2351324611717563,-0.25741903206894945,-0.052407314050878784
138.701,0.8893999180763804,0.03432241244479983,0.2325120954698102,-0.2810460023748059,-0.05240731405091564
138.751,0.8929530614084463,0.035068512298257436,0.23011545947671316,0.28911662141981737,-0.044949657084887726
138.801,0.9070497278525851,0.0374977823338999,0.22786797662284908,0.3126705587255038,-0.04494965708485085
138.851,0.905000295084832,0.037115325459258386,0.22583836402778654,-0.2586966362073839,-0.03768731512165639
138.901,0.8923745227718298,0.03509015684483251,0.2239539982719249,-0.28218787400541545,-0.037687315121693224
138.951,0.8959673523784617,0.035815136615659215,0.22188195380514064,0.2911313863086429,-0.043943272155095574
139.001,0.9101851094343452,0.03813993807891553,0.21968479019774123,0.3145642268345945,-0.04394327215505876
139.051,0.9081669702416563,0.037782657361921566,0.21777271609705778,-0.25887776222298114,-0.0344402885941555
139.101,0.89551334765056,0.03586722386917236,0.21605070166751836,-0.28224953848211864,-0.034440288594192306
139.151,0.8991559094183221,0.036573145820785455,0.21410744021525072,0.2927699426772559,-0.04181518935452508
139.201,0.9134743475305577,0.03879513785011664,0.21201668074783098,0.31608694238376706,-0.041815189354488275
139.251,0.9115164898014523,0.03846738051995279,0.2102074602161288,-0.2578351027709789,-0.032430558160609434
139.301,0.8988968648276034,0.036667934426557455,0.2085859323082389,-0.281093462038925,-0.03243055816064622
139.351,0.9017335948612988,0.0371754374253565,0.20680069596484504,0.2644596267319402,-0.037887506012494986
139.401,0.9146850137132582,0.03899429526727935,0.20490632066444878,0.28766650464974436,-0.037887506012458216
139.451,0.912237186340194,0.038579294871007426,0.2031756649391138,-0.2555774062680195,-0.03243018684202163
139.501,0.8997131169764352,0.03690038465040845,0.2015541555971528,-0.27872917718819007,-0.032430186842058395
139.551,0.9034961052089067,0.037578666498797604,0.19970479912866504,0.2950339711829491,-0.04002509106215952
139.601,0.9179613617607081,0.039598487715192233,0.197703544575826,0.31813271540519394,-0.04002509106212275
139.651,0.9162143015900341,0.039343097115622186,0.19597173538003348,-0.2520487660283661,-0.031061666712689697
139.701,0.9038489124840666,0.037797086466596894,0.19442175404622206,-0.2750901350233037,-0.03106166671272645
139.751,0.9077029019663578,0.03846051178387821,0.192611148618894,0.2949442419688507,-0.039696577371728645
139.801,0.9221803070457343,0.040367821252766764,0.19062631975057026,0.3179336819054741,-0.03969657737169194
139.851,0.9205703576041618,0.040151215019279984,0.18891471869757062,-0.24728653103679213,-0.030793128181601785
139.901,0.9084257357562069,0.0387425285130634,0.187396286186148,-0.2702185748858791,-0.030793128181638513
139.951,0.9123563729274619,0.039390511193663574,0.1855910930046941,0.29422645513959444,-0.03991182179101622
140.001,0.9268140559528276,0.04118061862957181,0.1835958734271099,0.31710663532850014,-0.03991182179097953
140.051,0.9253652158175366,0.04099783616334058,0.18162361135922847,-0.24131001035435995,-0.04093386571869791
140.101,0.9135018381723474,0.0397135027465793,0.17974715652550577,-0.2641279209726209,-0.04093386571873461
140.151,0.9175205427758089,0.040334619691627674,0.1778566002529653,0.2930715509932902,-0.03779214826219953
140.201,0.9319374026644315,0.041994620672757,0.17597404478772635,0.31583004260888264,-0.03779214826216287
140.251,0.9306787399073458,0.041859227576154644,0.17430890073164856,-0.2340711233037605,-0.031855700902654265
140.301,0.9191607526097592,0.04073837690638119,0.1728533282386585,-0.25677329489096584,-0.03185570090269094
140.351,0.9231543676621924,0.04133359996780104,0.17099112000035166,0.2872679579166224,-0.043213666429526953
140.401,0.9372987597041562,0.042849478834720206,0.16890829115098735,0.30991726101943234,-0.043213666429490316
140.451,0.9361716820412301,0.0427330066785802,0.16691631035189056,-0.22573891469780996,-0.04331872739617967
140.501,0.9250542128725932,0.04171733805498102,0.16519460168354133,-0.24832290497533252,-0.04331872739621631
140.551,0.9284127595530496,0.042161413223192674,0.1633681228137183,0.2601165467788513,-0.039119498921564605
140.601,0.9412308419923369,0.04336324602067598,0.16160473113159246,0.28264339162065827,-0.03911949892152801
140.651,0.9398482929559568,0.043202626273647196,0.15971317896644024,-0.21644291045371375,-0.041104423977340716
140.701,0.9291901611704386,0.04230301460921552,0.15804830135629327,-0.23872612506485477,-0.04714848500123865
140.751,0.9334763393265835,0.042865256130865316,0.15580122357491924,0.2850108851289462,-0.05590853331508236
140.801,0.947535369658644,0.04419561711692484,0.15343047649795774,0.3074149167101693,-0.055908533315045784
140.851,0.9469517618401462,0.04416746827400318,0.15135265234908138,-0.2062459203801162,-0.0362303243909639
140.901,0.9367975247585594,0.04339996328350039,0.14985342075803626,-0.2282224265851782,-0.04845791354698986
140.951,0.9403927031737479,0.04382040511359408,0.14790893849665526,0.2547746546926003,-0.04637588509217642
141.001,0.952962543730817,0.0448467418012261,0.1460190014547045,0.2769418798914409,-0.05015506995390847
141.051,0.9521304636037489,0.04474672925547776,0.14411226210924247,-0.1947072499968233,-0.033922166975436825
141.101,0.9425559612096405,0.04404980430940176,0.14265295097115066,-0.21626240702999866,-0.057636248781564425
141.151,0.9462749331625707,0.04445989800386625,0.14060049707991576,0.2512524141938169,-0.04558970262776833
141.201,0.9586644644394172,0.04543867987301832,0.13861528672130113,0.2730070340564471,-0.06033350633107553
141.251,0.9581296660173194,0.04539279262868857,0.1368084072023226,-0.1822494590691876,-0.028772439273174046
141.301,0.9491713013122203,0.04481833139572802,0.13559735600787795,-0.20360320239955823,-0.056713880737650414
141.351,0.9537986721189162,0.04533570452809481,0.1334550199367334,0.2735053193270848,-0.05036710783713477
141.401,0.9672916631738365,0.046415468739974486,0.1311955646788186,0.2950021517128745,-0.07123147774632596
141.451,0.9675956581903316,0.046424622409557983,0.12927832647347856,-0.16914498669183856,-0.027972524363043122
141.501,0.9592995055096004,0.045873936866604674,0.12807915536395695,-0.19004338216447705,-0.07004559139638897
141.551,0.9640150919246654,0.046391079982091035,0.12591665768119067,0.2677264827516551,-0.050149240755750064
141.601,0.977213286921359,0.047457696231995805,0.12363971668072407,0.28877088806994067,-0.08555331861852583
141.651,0.9778227332859384,0.047463856806331604,0.1215862891265259,-0.15526155696253943,-0.029202213678198592
141.701,0.9702323741053892,0.046906253495794616,0.12023958775253546,-0.17563849018993974,-0.08884935489561917
141.751,0.9750339700459975,0.0474312191576732,0.11788824835315703,0.2613871016138751,-0.05186812080774467
141.801,0.987904896448579,0.04852171519908774,0.11545868593385113,0.28189656167998195,-0.10555317027844935
141.851,0.9888319231080112,0.04851074277363384,0.11261123121964683,-0.1408396065618931,-0.04076785623950318
141.901,0.9819885895135317,0.047851806349392796,0.1103644791850935,-0.1604152227404811,-0.13227328020490603
141.951,0.9868814299625777,0.04832886756145822,0.10737501314202505,0.25463449264268484,-0.05340684169528218
142.001,0.9994067068333433,0.049409034473756185,0.10467536171077518,0.2746094147972907,-0.12766336709827852
142.051,1.0006713118866202,0.04945462201682513,0.10133981841329678,-0.12477763519397561,-0.05415254259977647
142.101,0.9946211230739256,0.04886500322128929,0.09869992513906582,-0.14427713672020248,-0.14987262756895603
142.151,0.9988340835643401,0.049321279264856244,0.09295231592659484,0.22134922350033906,-0.14020023002830342
142.201,1.009699897141325,0.05041929221102203,0.08664945187944817,0.24086503006332566,-0.23599468843911717
142.251,1.0108121730453776,0.05053055996301625,0.08104733155954594,-0.10739714676051858,-0.0832876156379176
142.301,1.0056130132937207,0.0500565571001268,0.077433736278851,-0.1269329117786791,-0.17918513171504397
142.351,1.009979161187119,0.05039665000769326,0.07084771902022985,0.2146039123873531,-0.15420359276780599
142.401,1.0205318415826181,0.051206600471047484,0.0638586969279971,0.2341551840227822,-0.2501734768631348
142.451,1.0220559217572731,0.05131070576749486,0.05519757666135529,-0.0891995533770731,-0.17792220947469592
142.501,1.0177521514775574,0.05102121939446038,0.04702319164727635,-0.10876997677889227,-0.2739877328681158
142.551,1.0222192185695917,0.051202999613166336,0.036358774554479896,0.20554053224064636,-0.22887606265017058
142.601,1.032342183342711,0.05158229779845694,0.025637107333301525,0.22512841567741945,-0.32502556867262106
142.651,1.034278410868865,0.05164555191991104,0.013292556767077458,-0.0695072600140236,-0.25090523763649086
142.701,1.0309503831045819,0.0515995372870544,0.0014691994198966331,-0.08910591535086544,-0.3471128021862936
142.751,1.0355551225221102,0.0515591396411601,-0.014573628078728288,0.196893719652465,-0.35948453775407924
142.801,1.0452506743155499,0.05135285694511974,-0.03182715294225506,0.21649339126412226,-0.45569521201098484
142.851,1.04716798113252,0.051299596348993566,-0.050968633889573546,-0.06798974226582076,-0.3824497014532384
142.901,1.043918507357366,0.05148860797782524,-0.06932626246442522,-0.06799041514793377,-0.5234027318140231
142.951,1.04871423411575,0.05104646871558319,-0.0952134977172428,0.20171692817862188,-0.5977733707700524
143.001,1.058589767750565,0.04990876633400402,-0.12439161654022338,0.22123268487960324,-0.6935865317614351
143.051,1.0612381512992741,0.04954823739686593,-0.1569372191107233,-0.0447917044831771,-0.6731672337359723
143.101,1.0590292433603965,0.049917345259585924,-0.18957088931397242,-0.04479291740863437,-0.8126382944592309
143.151,1.0643990849668772,0.04870647356986843,-0.23030782754326107,0.21225513978148108,-0.8980679340024842
143.201,1.074601370042019,0.046047285959840756,-0.27424032762792694,0.22180650686766412,-1.0244820857487038
143.251,1.0781164748237393,0.04501560667352364,-0.32645766571305573,-0.019168387413119943,-1.1317321674493583
143.301,1.0772134810677214,0.04533660468733972,-0.382112853282578,-0.01916974895727556,-1.2656869265978539
143.351,1.0823999549012304,0.0429436042474017,-0.43909899609208086,0.2021310696615299,-1.1322593497609552
143.401,1.0913160918793858,0.03831493382816838,-0.4947660259715778,0.2110163116593977,-1.2601642821162564
143.451,1.095003382727211,0.03620747591531872,-0.551385391720433,0.006888982140505419,-1.1203144903164084
143.501,1.0952940387474497,0.036022684520439,-0.6063638906411312,0.00688946193331465,-1.2524739369911604
143.551,1.0999099364819058,0.03242777688704314,-0.6625991457701456,0.18960077229336417,-1.1194613340307928
143.601,1.1071290571941754,0.026242918812753754,-0.7175685259003287,0.19734066820741225,-1.2428346172744344
143.651,1.1106615706394956,0.023122786352845263,-0.7729300747619449,0.02575487505661215,-1.0955470879488414
