t,expected_x,expected_y,actual_x,actual_y,expected_error,actual_error,error_difference
0.0,0.0,0.0,0.0,0.0,0.0,0.0,0.0
0.04999999999999999,0.021683131611073186,0.0,0.001395426655036763,2.4992222428882726e-06,0.02028770510997478,2.4992222428882726e-06,0.020285205887731892
0.09999999999999998,0.04336626322214637,0.0,0.0031396215596817202,1.9993457592562024e-05,0.040226646631041516,1.9993457592562024e-05,0.04020665317344895
0.15000000000000002,0.06504939483321957,0.0,0.0052803079788631,6.0283251706457196e-05,0.05976911725526858,6.0283251706457196e-05,0.059708834003562125
0.19999999999999996,0.08673252644429275,0.0,0.0075196970761460605,0.00012276431870319635,0.0792129244983738,0.00012276431870319635,0.0790901601796706
0.25,0.10841565805536596,0.0,0.010228123813889066,0.00022199868744307718,0.09818778520691065,0.00022199868744307718,0.09796578651946758
0.30000000000000004,0.13009878966643915,0.0,0.013052919820689561,0.00035097971566373803,0.11704639607740581,0.00035097971566373803,0.11669541636174208
0.35,0.15178192127751233,0.0,0.016001448224681202,0.0005107775631103234,0.13578143376827917,0.0005107775631103234,0.13527065620516884
0.4,0.17346505288858552,0.0,0.018979618754959928,0.0006993464364273647,0.15448701707552293,0.0006993464364273647,0.15378767063909557
0.45000000000000007,0.1951481844996587,0.0,0.02275130816438543,0.0009708170850705725,0.172399609790661,0.0009708170850705725,0.17142879270559042
0.5,0.21683131611073192,0.0,0.02671916271724564,0.0012912637476898065,0.19011653854931862,0.0012912637476898065,0.1888252748016288
0.55,0.23851444772180513,0.0,0.03113232275523564,0.0016847101857567239,0.2073889678938102,0.0016847101857567239,0.20570425770805348
0.5999999999999999,0.26019757933287824,0.0,0.03565383319756714,0.0021274577109645872,0.2245538242933996,0.0021274577109645872,0.222426366582435
0.6499999999999999,0.28188071094395145,0.0,0.04060923282480708,0.0026535954077329138,0.24128607030324958,0.0026535954077329138,0.23863247489551667
0.7,0.30356384255502467,0.0,0.04566927456447997,0.0032345354984168744,0.2579148511019096,0.0032345354984168744,0.2546803156034927
0.75,0.3252469741660979,0.0,0.09087026217595569,0.008638340599414243,0.23453584811627742,0.008638340599414243,0.2258975075168632
0.8,0.34693010577717104,0.0,0.1461815680192548,0.01458461068762556,0.201277634825261,0.01458461068762556,0.18669302413763544
0.8499999999999999,0.3686132373882442,0.0,0.1620458248851091,0.016156606013826468,0.20719829107916501,0.016156606013826468,0.19104168506533856
0.8999999999999999,0.3902963689993174,0.0,0.16804374658268106,0.01667079588941568,0.22287696966411422,0.01667079588941568,0.20620617377469855
0.95,0.41197950061039057,0.0,0.2132432399630536,0.019726765615059958,0.19971291039318856,0.019726765615059958,0.1799861447781286
1.0,0.43366263222146384,0.0,0.268014234042267,0.022914792210428095,0.16722583389351312,0.022914792210428095,0.144311041683085
1.05,0.4553457638325371,0.0,0.28319764876644915,0.023698061786004754,0.1737716077304355,0.023698061786004754,0.15007354594443076
1.0999999999999999,0.4770288954436101,0.0,0.28872702570621134,0.02401970228878574,0.18982765932456258,0.02401970228878574,0.16580795703577683
1.1500000000000001,0.4987120270546834,0.0,0.33423195854578136,0.02606420744943203,0.16653238678004992,0.02606420744943203,0.1404681793306179
1.2,0.5203951586657566,0.0,0.38999079140431225,0.02843857280638664,0.13346929019112153,0.02843857280638664,0.10503071738473488
1.25,0.5420782902768297,0.0,0.4058590211502743,0.02900166200259399,0.13927234355853157,0.02900166200259399,0.11027068155593758
1.3,0.563761421887903,0.0,0.4119984642835354,0.029246599789474373,0.1545553586908935,0.029246599789474373,0.12530875890141913
1.3499999999999999,0.5854445534989761,0.0,0.45814618807097124,0.030769914339009247,0.13096435190185082,0.030769914339009247,0.10019443756284158
1.4000000000000001,0.6071276851100494,0.0,0.5145496228500366,0.032555674548773735,0.09813546533819714,0.032555674548773735,0.06557979078942341
1.45,0.6288108167211225,0.0,0.5307528086000379,0.03295127581955389,0.1034464089991093,0.03295127581955389,0.07049513317955541
1.5,0.6504939483321958,0.0,0.5371503180441248,0.03312645569833699,0.11808531066145693,0.03312645569833699,0.08495885496311995
1.55,0.6721770799432689,0.0,0.5838536553547261,0.034248545176046405,0.09473114681942629,0.034248545176046405,0.06048260164337989
1.5999999999999999,0.6938602115543421,0.0,0.6408834629961361,0.03556945275023058,0.06381004510851146,0.03556945275023058,0.02824059235828088
1.6500000000000001,0.7155433431654153,0.0,0.6579749325461247,0.035854956609506904,0.06782108679976219,0.035854956609506904,0.031966130190255286
1.7,0.7372264747764884,0.0,0.6653265440012286,0.035994527711822905,0.0804065051515382,0.035994527711822905,0.0444119774397153
1.7499999999999998,0.7589096063875616,0.0,0.7127035224540443,0.03677802445284162,0.0590561197093498,0.03677802445284162,0.02227809525650818
1.8,0.7805927379986348,0.0,0.7703346437172865,0.03769399387061679,0.03906489053105264,0.03769399387061679,0.0013708966604358483
1.8499999999999999,0.802275869609708,0.0,0.7880073593323019,0.037878996763713285,0.04047726252307391,0.037878996763713285,0.0025982657593606254
1.9000000000000001,0.8239590012207813,0.0,0.7959353669193762,0.037976334605995865,0.0471966743485751,0.037976334605995865,0.009220339742579235
1.95,0.8456421328318544,0.0,0.8438837467951813,0.03846287975200645,0.03850305235005758,0.03846287975200645,4.0172598051134434e-05
2.0,0.8673252644429277,0.0,0.9020836831819667,0.03901581557361689,0.052253052907106474,0.03901581557361689,0.013237237333489582
2.05,0.8890083960540007,0.0,0.9203062584061013,0.03911529965512955,0.05009553727550598,0.028693291464888297,0.021402245810617684
2.0999999999999996,0.9106915276650738,0.0,0.9287794632406878,0.03917179281468772,0.043146294924412514,0.022661884171755253,0.02048441075265726
2.1500000000000004,0.9323746592761475,0.0,0.9772502216678018,0.03939710315781924,0.05971555774833819,0.011771436272811828,0.04794412147552636
2.2,0.9540577908872205,0.0,1.0359659759629554,0.039618608701073345,0.09098672945990308,0.039618608701073345,0.05136812075882973
2.25,0.9757409224982936,0.0,1.0546964485621424,0.03964970134005081,0.08835198872902826,0.03964970134005081,0.04870228738897745
2.3,0.9974240541093667,0.0,1.0636755736550136,0.03965924434901655,0.07721476221838823,0.03965924434901655,0.03755551786937168
2.3499999999999996,1.01910718572044,0.0,1.1126472217377263,0.03964241553583053,0.10159359944224194,0.03964241553583053,0.06195118390641141
2.4000000000000004,1.0407903173315132,0.0,1.171861828340789,0.03953359635163943,0.13690378460345443,0.03953359635163943,0.097370188251815
2.45,1.0624734489425864,0.0,1.1910591813976437,0.039495002408947454,0.13451448177161565,0.039495002408947454,0.09501947936266819
2.5,1.0841565805536595,0.0,1.2004971518737748,0.039445835582589385,0.12284584844389132,0.039445835582589385,0.08340001286130194
2.55,1.1058397121647325,0.0,1.2464116994890635,0.039150028877659476,0.14592192563639447,0.039150028877659476,0.106771896758735
2.5999999999999996,1.1275228437758058,0.0,1.3016892113184897,0.038654365988163124,0.1784042701085378,0.038654365988163124,0.13974990412037466
2.6500000000000004,1.149205975386879,0.0,1.3204236144704875,0.03850080943458703,0.17549299775342372,0.03850080943458703,0.1369921883188367
2.7,1.1708891069979523,0.0,1.3302671046453638,0.038373622197499006,0.16393255019871641,0.038373622197499006,0.1255589280012174
2.75,1.1925722386090254,0.0,1.3698240552545853,0.037804246730353555,0.18123842742365823,0.037804246730353555,0.14343418069330466
2.8,1.2142553702200987,0.0,1.4170520617555888,0.036967973205502005,0.2061386163256741,0.036967973205502005,0.1691706431201721
2.8499999999999996,1.2359385018311717,0.0,1.4344389666801214,0.03668741740268169,0.20186233214972946,0.03668741740268169,0.16517491474704776
2.9000000000000004,1.2576216334422452,0.0,1.4446103625740867,0.03646612062899096,0.19051131928593984,0.03646612062899096,0.15404519865694888
2.95,1.2793047650533185,0.0,1.4789846740667376,0.03567893115545225,0.20284243193178997,0.03567893115545225,0.1671635007763377
3.0,1.3009878966643915,0.0,1.5196513826681526,0.03458697866489939,0.2213819757895462,0.03458697866489939,0.1867949971246468
3.05,1.3226710282754643,0.0,1.5359754615432608,0.034186592535498835,0.21602662882358753,0.034186592535498835,0.1818400362880887
3.0999999999999996,1.3443541598865376,0.0,1.5464585066486365,0.033858736727951894,0.20492091409357774,0.033858736727951894,0.17106217736562584
3.1500000000000004,1.3660372914976113,0.0,1.5765066014906717,0.03291680084400563,0.2130278062290434,0.03291680084400563,0.18011100538503777
3.2,1.3877204231086842,0.0,1.6116868820086392,0.031653684039291356,0.22619224218669512,0.031653684039291356,0.19453855814740376
3.25,1.4094035547197574,0.0,1.626984496317928,0.031161030726984444,0.21980099176917883,0.031161030726984444,0.18863996104219438
3.3,1.4310866863308305,0.0,1.6375559886892155,0.030742548740170524,0.20874548406947627,0.030742548740170524,0.17800293532930575
3.3499999999999996,1.4527698179419037,0.0,1.6641100708892327,0.029708123098768927,0.21341807583682454,0.029708123098768927,0.18370995273805563
3.4000000000000004,1.474452949552977,0.0,1.6949002606729702,0.02834559970705808,0.22226221001957988,0.02834559970705808,0.1939166103125218
3.45,1.4961360811640503,0.0,1.709586001379068,0.027758268520627342,0.2152472761989352,0.027758268520627342,0.18748900767830784
3.5,1.517819212775123,0.0,1.7204899672789757,0.027229605084677384,0.20449177519946465,0.027229605084677384,0.17726217011478726
3.55,1.5395023443861966,0.0,1.7438634064029577,0.02616219761140506,0.20602889179063377,0.02616219761140506,0.1798666941792287
3.5999999999999996,1.5611854759972696,0.0,1.7705946564372566,0.024784428116377415,0.21087074887144228,0.024784428116377415,0.18608632075506487
3.6499999999999995,1.5828686076083427,0.0,1.7845739212282161,0.024144331649167315,0.20314522463813045,0.024144331649167315,0.17900089298896313
3.7,1.6045517392194162,0.0,1.7956094012840236,0.02353731149638159,0.192502039641328,0.02353731149638159,0.16896472814494642
3.75,1.6262348708304897,0.0,1.8163106115541303,0.022506896245789092,0.19140362480961373,0.022506896245789092,0.16889672856382465
3.8,1.6479180024415623,0.0,1.8396690710539616,0.021191491447133275,0.1929185103191267,0.021191491447133275,0.17172701887199343
3.8499999999999996,1.6696011340526353,0.0,1.8530393842863722,0.02053139658405467,0.1845836663806058,0.02053139658405467,0.16405226979655113
3.8999999999999995,1.6912842656637088,0.0,1.8641567572785558,0.019871386734199976,0.17401083405312864,0.019871386734199976,0.15413944731892867
3.95,1.7129673972747819,0.0,1.8826755423655785,0.018882707015489053,0.17075541319206164,0.018882707015489053,0.15187270617657259
4.0,1.7346505288858554,0.0,1.9032895175382458,0.017628628089016902,0.169557886935412,0.017628628089016902,0.15192925884639508
4.05,1.7563336604969284,0.0,1.9161312191283348,0.016975806372584654,0.16069672599825194,0.016975806372584654,0.1437209196256673
4.1,1.7780167921080015,0.0,1.9272669590955196,0.016304256301394628,0.15013807351682523,0.016304256301394628,0.1338338172154306
4.1499999999999995,1.7996999237190747,0.0,1.943866642842691,0.015417505748962989,0.1449887664144604,0.015417505748962989,0.1295712606654974
4.2,1.8213830553301484,0.0,1.9620739894261536,0.014289871765895249,0.1414147777705435,0.014289871765895249,0.12712490600464826
4.25,1.8430661869412213,0.0,1.97442662837854,0.013678126525040956,0.13207065048617841,0.013678126525040956,0.11839252396113746
4.3,1.8647493185522945,0.0,1.9855596905482764,0.013020231634185052,0.12150996837138653,0.013020231634185052,0.10848973673720147
4.35,1.8864324501633676,0.0,2.000481665643127,0.0122837691770903,0.11470882501684268,0.0122837691770903,0.10242505583975238
4.3999999999999995,1.9081155817744404,0.0,2.016593299153192,0.011339598864376181,0.10906879329170757,0.011339598864376181,0.09772919442733138
4.45,1.9297987133855141,0.0,2.0284747361340454,0.01080638828361056,0.09926598356539271,0.01080638828361056,0.08845959528178214
4.5,1.9514818449965872,0.0,2.0395427298474886,0.010199987736025115,0.08864964292392152,0.010199987736025115,0.07844965518789641
4.55,1.9731649766076602,0.0,2.0529998664873346,0.009589820646382858,0.08040879493021595,0.009589820646382858,0.07081897428383309
4.6,1.9948481082187335,0.0,2.067297361885526,0.008792928703613706,0.0729808875806678,0.008792928703613706,0.0641879588770541
4.6499999999999995,2.0165312398298068,0.0,2.0787250800544106,0.008353014199419969,0.06275226376872202,0.008353014199419969,0.05439924956930205
4.7,2.03821437144088,0.0,2.089679555195515,0.007826617624212625,0.0520569023505435,0.007826617624212625,0.04423028472633087
4.75,2.0598975030519533,0.0,2.101862405757081,0.00735857123218722,0.04260518313104643,0.00735857123218722,0.035246611898859206
4.8,2.0815806346630263,0.0,2.114596246255443,0.006725542802133659,0.033693672029101236,0.006725542802133659,0.026968129226967577
4.85,2.1032637662740994,0.0,2.126355909249177,0.006300554455221668,0.023936249781965478,0.006300554455221668,0.01763569532674381
4.8999999999999995,2.1249468978851724,0.0,2.1371453330869556,0.005831792096043238,0.013520784756203174,0.005831792096043238,0.007688992660159936
4.95,2.146630029496246,0.0,2.148200629223355,0.005475683206648355,0.005696480499603722,0.005475683206648355,0.00022079729295536744
5.0,2.168313161107319,0.0,2.1595670885986955,0.004971455009129487,0.01006027580307309,0.004971455009129487,0.005088820793943603
5.05,2.1899962927183925,0.0,2.1701126435507336,0.004661656707886531,0.020422794801023766,0.004661656707886531,0.015761138093137235
5.1,2.211679424329465,0.0,2.18069804082458,0.004220704332091034,0.03126756256787032,0.004220704332091034,0.027046858235779285
5.1499999999999995,2.2333625559405386,0.0,2.1909922065322296,0.003919205821619373,0.04255122422744619,0.003919205821619373,0.03863201840582682
5.2,2.255045687551612,0.0,2.2014589224762173,0.003484520263770402,0.0536999373622928,0.003484520263770402,0.050215417098522404
5.25,2.276728819162685,0.0,2.2116241180766485,0.003174791635517691,0.06518206352541418,0.003174791635517691,0.06200727188989649
5.3,2.298411950773758,0.0,2.2219595251884336,0.0027369163065898397,0.07650139926007143,0.0027369163065898397,0.07376448295348159
5.35,2.320095082384831,0.0,2.267407578549451,-0.0016734169216497691,0.05271407197890209,0.0016734169216497691,0.051040655057252325
5.3999999999999995,2.3417782139959042,0.0,2.3221238416691996,-0.005144056388804637,0.020316389140000616,0.005144056388804637,0.015172332751195979
5.45,2.363461345606978,0.0,2.3410099184207525,-0.005816130314791283,0.023192540924552224,0.005816130314791283,0.01737641060976094
5.5,2.385144477218051,0.0,2.3511706214912182,-0.005762386879747505,0.03445907682308855,0.005762386879747505,0.02869668994334104
5.55,2.406827608829124,0.0,2.3988067963522104,-0.0040904735574068,0.009003632973064515,0.0040904735574068,0.004913159415657715
5.6,2.4285107404401973,0.0,2.4559945173182625,-0.0007231251658315396,0.027493288298941737,0.0007231251658315396,0.026770163133110196
5.6499999999999995,2.4501938720512704,0.0,2.4750989784655526,0.0008136687752980213,0.024918394458363823,0.0008136687752980213,0.024104725683065802
5.7,2.4718770036623434,0.0,2.4849187983823007,0.0019262166129406127,0.013183274250256397,0.0019262166129406127,0.011257057637315784
5.75,2.493560135273417,0.0,2.5337038592315726,0.00807748790561977,0.04094831356837588,0.00807748790561977,0.03287082566275611
5.8,2.51524326688449,0.0,2.592339113856051,0.01636366876932777,0.0788133191526322,0.01636366876932777,0.06244965038330444
5.85,2.5369263984955635,0.0,2.6112026063309943,0.019376910583603166,0.07676209816163883,0.019376910583603166,0.057385187578035665
5.8999999999999995,2.558609530106636,0.0,2.6203640770456333,0.02117782397876483,0.06528494693354944,0.02117782397876483,0.04410712295478461
5.95,2.5802926617177095,0.0,2.668289521010924,0.029948150353892474,0.09295342357917276,0.029948150353892474,0.06300527322528028
6.0,2.601975793328783,0.0,2.7259552391817192,0.04151094695200415,0.13074426071859996,0.04151094695200415,0.08923331376659581
6.05,2.623658924939856,0.0,2.7439653754201974,0.04553353582284439,0.12863492881682276,0.04553353582284439,0.08310139299397837
6.1,2.6453420565509287,0.0,2.752312006417471,0.04778388362760468,0.11715745690730495,0.04778388362760468,0.06937357327970026
6.1499999999999995,2.667025188162002,0.0,2.798886227399728,0.059138477932316504,0.1445153737185222,0.059138477932316504,0.08537689578620569
6.2,2.6887083197730757,0.0,2.8550735603863315,0.07358467685848341,0.18191233590021855,0.07358467685848341,0.10832765904173514
6.25,2.7103914513841487,0.0,2.872082112750643,0.07828504670104969,0.17964525741059742,0.07828504670104969,0.10136021070954773
6.3,2.732074582995222,0.0,2.879549450731854,0.08066807848645,0.16809573314225762,0.08066807848645,0.08742765465580762
6.35,2.753757714606295,0.0,2.9250415454452083,0.09386146472562372,0.1953154506619818,0.09386146472562372,0.10145398593635808
6.3999999999999995,2.7754408462173683,0.0,2.980111019091359,0.11044755985335271,0.2325694372479523,0.10768192337541257,0.12488751387253971
6.45,2.797123977828442,0.0,2.9961756661681345,0.11546705124342711,0.23011782754435686,0.10498716438004263,0.12513066316431423
6.5,2.818807109439515,0.0,3.002744020892924,0.11773715572972007,0.21839144954494827,0.10408015002600159,0.11431129951894668
6.55,2.840490241050588,0.0,3.0466497883228842,0.1320706535343778,0.24483548855612386,0.09726516408908764,0.14757032446703622
6.6,2.862173372661661,0.0,3.0999850068772448,0.1500190056322048,0.2811762355163788,0.08946642338255277,0.19170981213382604
6.6499999999999995,2.883856504272734,0.0,3.1152424069953466,0.15517113086049364,0.2785992028547153,0.08725130751337316,0.1913478953413421
6.7,2.905539635883808,0.0,3.121233999455078,0.15729043370074527,0.26695381437653926,0.08646734799297082,0.18048646638356844
6.75,2.9272227674948805,0.0,3.163912687492901,0.17250909535020925,0.2928848002324753,0.08099284325426298,0.21189195697821234
6.8,2.9489058991059536,0.0,3.2158759119521436,0.19153516377684598,0.32857070277509237,0.07477161574868267,0.2537990870264097
6.85,2.970589030717027,0.0,3.230169074236375,0.1967022645190626,0.3256893916915836,0.07300111465496169,0.25268827703662194
6.8999999999999995,2.9922721623281,0.0,3.2352980011403556,0.19857803470235955,0.31383880288557675,0.07238512866918372,0.24145367421639302
6.95,3.012481994357593,0.006240997178796401,3.2767567554631,0.21445723585125423,0.3364448712705823,0.06804699936248833,0.268397871908094
7.0,3.0318759768565666,0.015937988428283374,3.3274221966331163,0.23432046886237182,0.3674758165985262,0.06315494095556425,0.30432087564296195
7.05,3.0512699593555404,0.025634979677770144,3.341255297609377,0.2396276905113437,0.36039475119942227,0.061715513482560595,0.29867923771686167
7.1,3.070663941854514,0.035331970927257116,3.3461330425695595,0.24148660074828318,0.34406824445943873,0.06119677948253247,0.28287146497690624
7.1499999999999995,3.0900579243534874,0.04502896217674369,3.3864985965367436,0.25788814790970693,0.3649467153919335,0.05781474471416532,0.3071319706777682
7.2,3.1094519068524615,0.05472595342623066,3.4358703744842183,0.2783857445571248,0.3956927067558605,0.05406862217364893,0.34162408458221155
7.25,3.1288458893514353,0.06442294467571763,3.4487575613587595,0.2836073180160376,0.38779539373632405,0.052975614277060434,0.3348197794592636
7.3,3.148239871850409,0.07411993592520441,3.452776982540882,0.2852023829112124,0.3705383262407579,0.05260474389202851,0.31793358234872937
7.35,3.1676338543493827,0.08381692717469137,3.4919541944557566,0.3019464216672057,0.39085055887675774,0.05006048564043064,0.3407900732363271
7.3999999999999995,3.187027836848356,0.09351391842417796,3.540063447228152,0.3229090883628738,0.4210181542254896,0.04729495281974527,0.37372320140574433
7.45,3.2064218193473297,0.10321090967366492,3.5510782110159758,0.32767810286953486,0.411307122645941,0.04663453695164054,0.36467258569430044
7.5,3.225815801846304,0.1129079009231519,3.553075324027077,0.32857782236134175,0.39193406316770024,0.046546134439071,0.3453879287286292
7.55,3.245209784345277,0.12260489217263867,3.5908790821839585,0.34543113764387784,0.4112648771036689,0.044713843277515854,0.366551033826153
7.6000000000000005,3.264603766844251,0.13230188342212543,3.637783273716449,0.36666961120237807,0.4406712790439779,0.042733919384307296,0.3979373596596706
7.6499999999999995,3.283997749343224,0.1419988746716122,3.647829955189809,0.3712556982141873,0.4300378647886985,0.042342827763416906,0.3876950370252816
7.7,3.3033917318421984,0.15169586592109918,3.6489185704877136,0.3718574838562711,0.4097071322740142,0.042394237643357924,0.36731289463065625
7.749999999999999,3.322785714341172,0.16139285717058596,3.685602093859222,0.38879617396488936,0.42819153860817466,0.04113929227384841,0.3870522463343262
7.8,3.3421796968401454,0.17108984842007274,3.7313373904009595,0.41019680652811386,0.4567448389125519,0.03982715353530732,0.4169176853772446
7.8500000000000005,3.3615736793391195,0.1807868396695597,3.7408186742531284,0.4146779012798328,0.4455690685724349,0.03959500748520748,0.4059740610872274
7.8999999999999995,3.380967661838093,0.19048383091904647,3.741482986851823,0.4151033739248455,0.42476492165654334,0.039678472162135554,0.3850864494944078
7.95,3.400361644337067,0.20018082216853345,3.7751279674925873,0.4310910018106294,0.44019235344773183,0.038931748499886405,0.40126060494784543
7.999999999999999,3.4197556268360394,0.2098778134180198,3.817163423170382,0.45131616125433494,0.46500046493874386,0.03822285377649963,0.4267776111622442
8.05,3.439149609335014,0.21957480466750698,3.82546037513894,0.4552888323453172,0.4525451476042045,0.03806560909962435,0.41447953850458014
8.100000000000001,3.458543591833988,0.22927179591699415,3.825484764005236,0.45532999760240184,0.43098507443257206,0.038091521392298926,0.3928935530402731
8.15,3.4779375743329615,0.23896878716648073,3.8567387324177242,0.470534203059613,0.4439739397803848,0.037713376583386915,0.4062605631969979
8.200000000000001,3.497331556831935,0.2486657784159677,3.895826964133405,0.489791243421817,0.46576826804179294,0.03745660845421985,0.4283116595875731
8.25,3.5167255393309085,0.2583627696654543,3.9033825118959506,0.4934419797482678,0.4525106069986905,0.037342982610908945,0.41516762438778154
8.3,3.5361195218298827,0.26805976091494127,3.9031779077787383,0.4932932635166497,0.43065298024002213,0.037301468512519295,0.3933515117275028
8.350000000000001,3.5555135043288564,0.27775675216442824,3.93208830730572,0.5076855021270036,0.4412208203342358,0.03724515434517708,0.40397566598905876
8.4,3.57490748682783,0.287453743413915,3.9682534411866426,0.5259116162326483,0.45998173541965787,0.03737354683290795,0.4226081885867499
8.450000000000001,3.5943014693268034,0.29715073466340175,3.974900560592111,0.5291517390105047,0.44573549812645874,0.0372989185785638,0.4084365795478949
8.5,3.613695451825777,0.30684772591288856,3.9742304829391655,0.5287274694619273,0.4233392602361835,0.037219108194440895,0.3861201520417426
8.55,3.6330894343247513,0.31654471716237553,4.0010791356365525,0.5424178566416968,0.4317813050721321,0.03745708023621525,0.39432422483591684
8.600000000000001,3.652483416823725,0.3262417084118625,4.034708796660439,0.5597763453832251,0.44792261346874024,0.03794334293936667,0.40997927052937355
8.65,3.671877399322698,0.33593869966134904,4.0401926374796036,0.5626076163131127,0.432475331590904,0.03802326047425806,0.39445207111664593
8.700000000000001,3.691271381821672,0.345635690910836,4.038699309682751,0.5618677476768567,0.40922178269381815,0.03802933834151324,0.3711924443523049
8.75,3.7106653643206458,0.3553326821603228,4.0629489812390895,0.5745724186565884,0.414933499259933,0.03854795871208942,0.37638554054784357
8.8,3.7300593468196195,0.3650296734098098,4.093529285164453,0.5907385908834382,0.42784916910929527,0.03933149505622841,0.38851767405306686
8.850000000000001,3.7494533293185937,0.37472666465929677,4.097731978231951,0.5930717632517895,0.4110627681611155,0.03953884638627261,0.3715239217748429
8.9,3.7688473118175665,0.3844236559087833,4.095392388865497,0.5919974828538405,0.38693485365996066,0.03962427696015436,0.3473105766998063
8.950000000000001,3.7882412943165407,0.3941206471582703,4.118940561625434,0.6047058996133272,0.39205631476893626,0.040459967456972584,0.35159634731196365
9.0,3.807635276815514,0.40381763840775686,4.148866721012358,0.6209315357499762,0.4044469593504095,0.041589232269931144,0.3628577270804783
9.05,3.827029259314488,0.41351462965724406,4.152273809151255,0.6229837172703279,0.3868608481921881,0.04190106308581995,0.34495978510636816
9.100000000000001,3.8464232418134614,0.4232116209067308,4.149111000601066,0.6215403436678072,0.36187589252657215,0.042024521472561756,0.3198513710540104
9.15,3.8658172243124347,0.4329086121562174,4.171014904054682,0.6336851271760662,0.3653174410065403,0.04309142265218041,0.3222260183543599
9.200000000000001,3.885211206811409,0.44260560340570454,4.199096722234388,0.6492730624938527,0.37581319220897574,0.044475124975634626,0.33133806723334114
9.25,3.9046051893103817,0.4523025946551909,4.201496142944072,0.6508522070718643,0.35716408965674784,0.0448145012620334,0.31234958839471444
9.3,3.923999171809356,0.4619995859046779,4.197534881149661,0.6489608852906771,0.3313250847014229,0.04489438176380438,0.2864307029376185
9.350000000000001,3.9433931543083305,0.47169657715416524,4.218185198707918,0.6606955591435465,0.3335135422412817,0.04615509037188237,0.28735845186939935
9.4,3.962787136807303,0.48139356840365144,4.2449081895193785,0.6758435758823279,0.3426413486312285,0.04775300362946471,0.2948883450017638
9.450000000000001,3.9821811193062766,0.4910905596531384,4.246421429477619,0.6769350020786865,0.32304968394955885,0.048052463413878525,0.2749972205356803
9.5,4.001575101805251,0.5007875509026254,4.241690562241218,0.6745453018173004,0.29639026695102977,0.04803075866837917,0.2483595082826506
9.55,4.020969084304225,0.5104845421521124,4.261277481415453,0.6858700692234938,0.29750329213014426,0.049400402019551384,0.2481028901105929
9.600000000000001,4.040363066803198,0.5201815334015989,4.286871583282109,0.7006138880695139,0.30548696094537664,0.051141644175228956,0.2543453167701477
9.65,4.0597570493021715,0.5298785246510859,4.287573650829652,0.7012352772764772,0.2850676070721649,0.05138345742591053,0.23368414964625436
9.700000000000001,4.079151031801146,0.5395755159005728,4.282109224764887,0.6983623854174184,0.2576922544859793,0.051257630458133537,0.2064346240278458
9.75,4.098545014300119,0.5492725071500595,4.293045456829737,0.705223689749177,0.24930141094322053,0.052503735955240195,0.19679767498798034
9.8,4.117938996799093,0.5589694983995465,4.327422161150806,0.7277234792551087,0.2690001899653723,0.05725442994025575,0.21174576002511653
9.850000000000001,4.137332979298067,0.5686664896490334,4.3314859788970725,0.730451643207989,0.2527247972902267,0.057877179415453596,0.1948476178747731
9.9,4.15672696179704,0.57836348089852,4.328132310417786,0.7277527558954441,0.22736963082150166,0.05696302735640509,0.17040660346509656
9.950000000000001,4.176120944296014,0.5880604721480069,4.351053165374836,0.7481992127018368,0.23716175534376674,0.0650003763263728,0.17216137901739392
10.0,4.195514926794987,0.5977574633974935,4.3794012148971495,0.7758553459156855,0.25599418491335957,0.07705914071847017,0.1789350441948894
10.05,4.2149089092939604,0.6074544546469804,4.3869453409703265,0.7836875302732051,0.24628160866905105,0.08069062362666968,0.16559098504238137
10.100000000000001,4.234302891792935,0.6171514458964674,4.389507413974631,0.7866277447968031,0.22980569965648012,0.08217463756376012,0.14763106209272
10.15,4.253696874291909,0.6268484371459544,4.409413269214843,0.811462936168582,0.24151627046054477,0.09548573892688887,0.14603053153365592
10.200000000000001,4.273090856790882,0.636545428395441,4.4326840204172155,0.8426892756050175,0.2607014837292396,0.11300842967903152,0.1476930540502081
10.25,4.292484839289856,0.646242419644928,4.4413429542469816,0.8545950715385284,0.2560655500837326,0.11978490436125405,0.13628064572247856
10.3,4.31187882178883,0.655939410894415,4.4464660323369545,0.8618834628802781,0.2460216856122262,0.12401272958331963,0.12200895602890657
10.350000000000001,4.331272804287804,0.665636402143902,4.463277195659579,0.8892591224012444,0.2596772619170312,0.14098008303637946,0.11869717888065176
10.4,4.3506667867867765,0.6753333933933885,4.482228368282118,0.9223558670640594,0.27987238560446187,0.16210748934891694,0.11776489625554493
10.450000000000001,4.370060769285751,0.6850303846428755,4.490681372417159,0.9372395933663827,0.27956898051236334,0.1716396004851078,0.10792938002725555
10.5,4.389454751784724,0.694727375892362,4.496626693347623,0.9478654081984961,0.2748903207793661,0.17848478984776625,0.09640553093159984
10.55,4.408848734283698,0.704424367141849,4.510742049845445,0.9771258649556298,0.29111570666325315,0.19834355866126932,0.09277214800198383
10.600000000000001,4.4282427167826715,0.7141213583913356,4.526300927196565,1.0116255397633855,0.31324774630223434,0.22224286440784313,0.09100488189439121
10.65,4.447636699281645,0.7238183496408226,4.533819338467692,1.028761514533782,0.3168876474588542,0.23420741044976628,0.08268023700908794
10.700000000000001,4.467030681780619,0.7335153408903096,4.53947453089757,1.041849462943059,0.31673023552689017,0.243384548441618,0.07334568708527217
10.75,4.486424664279593,0.7432123321397965,4.5512560007601826,1.0725211289552492,0.3356298345646593,0.26554928701865527,0.07008054754600401
10.8,4.505818646778566,0.7529093233892831,4.564170381751591,1.1080862061096421,0.35993824886126485,0.2915841723187304,0.06835407654253445
10.850000000000001,4.52521262927754,0.76260631463877,4.570635444968892,1.126742538725923,0.36695833806820594,0.30537963932852635,0.06157869873967958
10.9,4.544606611776514,0.772303305888257,4.575641684664642,1.1414533505745716,0.37045233329145,0.3162985309933706,0.05415380229807942
10.950000000000001,4.5640005942754875,0.7820002971377435,4.585504087807483,1.1730349956079027,0.3916255043300026,0.3401354122779092,0.05149009205209337
11.0,4.58339457677446,0.7916972883872302,4.596302567129382,1.2092211522454026,0.41772334517723625,0.3676720679487931,0.05005127722844316
11.05,4.602788559273435,0.8013942796367175,4.601801669022751,1.2286268528560238,0.42723371305639823,0.3825697811055825,0.04466393195081575
11.100000000000001,4.622182541772409,0.8110912708862041,4.60610134270631,1.2441061719211504,0.433313407918227,0.3938986572936898,0.0394147506245372
11.15,4.6415765242713825,0.8207882621356911,4.614501238199595,1.2764248434293552,0.456440319569653,0.3854987618004051,0.07094155776924788
11.200000000000001,4.660970506770356,0.8304852533851781,4.623757596051582,1.3132918082540452,0.484238546739629,0.37624240394841824,0.10799614279121078
11.25,4.680364489269328,0.8401822446346642,4.628313071369244,1.3328567324185634,0.4954164924773262,0.3716869286307558,0.12372956384657041
11.3,4.699758471768304,0.8498792358841516,4.631867286996282,1.3483567203200402,0.5030795319422967,0.3681327130037184,0.1349468189385783
11.350000000000001,4.719152454267277,0.8595762271336386,4.639013871040771,1.3808208173663785,0.527369050446126,0.36098612895922866,0.16638292148689737
11.4,4.738546436766249,0.8692732183831248,4.6469874000746625,1.41783443166922,0.556149675826395,0.3530125999253375,0.20313707590105745
11.450000000000001,4.757940419265224,0.8789702096326121,4.650800913873036,1.4377412713392081,0.5689498862082664,0.3491990861269638,0.21975080008130254
11.5,4.777334401764198,0.8886672008820987,4.653758035325483,1.4536285402944857,0.5783186261679922,0.3462419646745172,0.23207666149347506
11.55,4.796728384263171,0.8983641921315857,4.659949498653305,1.486396822575434,0.6037307661660024,0.34005050134669457,0.26368026481930784
11.600000000000001,4.816122366762145,0.9080611833810727,4.666952333392125,1.5236720692090624,0.6334259716853542,0.3330476666078752,0.300378305077479
11.65,4.835516349261118,0.9177581746305592,4.670175168793187,1.5436804995209124,0.6473920471821335,0.32982483120681305,0.31756721597532045
11.700000000000001,4.854910331760093,0.9274551658800462,4.672650668520741,1.5596519126984818,0.6579447632833132,0.32734933147925904,0.33059543180405415
11.75,4.874304314259065,0.9371521571295327,4.678103688043154,1.5926068478455697,0.6841896939512985,0.32189631195684587,0.3622933819944526
11.8,4.89369829675804,0.9468491483790201,4.684374208533159,1.6300791867249411,0.7145766993187971,0.3156257914668412,0.39895090785195586
11.850000000000001,4.913092279257013,0.9565461396285067,4.688732881092751,1.6587428145719514,0.7371684406200931,0.31126711890724934,0.4259013217128438
11.9,4.932486261755987,0.9662431308779933,4.690851468475343,1.6746568567490734,0.7484900669523444,0.3091485315246567,0.4393415354276877
11.950000000000001,4.951880244254961,0.9759401221274806,4.695756527536593,1.7077266071056334,0.7753133675245842,0.30424347246340666,0.4710698950611776
12.0,4.971274226753934,0.9856371133769672,4.701500672441063,1.7453460202023798,0.8061857067180384,0.29849932755893693,0.5076863791591014
12.05,4.990668209252908,0.9953341046264538,4.703976113246839,1.7652970730974578,0.8216053375733589,0.2960238867531606,0.5255814508201982
12.100000000000001,5.0,1.0112498723799233,4.705859256741124,1.781079407619161,0.82410939211463,0.2941407432588763,0.5299686488557537
12.15,5.0,1.0329330039909959,4.7104245204968995,1.8142200726025965,0.8332247247346652,0.2895754795031005,0.5436492452315648
12.200000000000001,5.0,1.0546161356020693,4.715851537442701,1.851953957760943,0.8464561131084898,0.2841484625572992,0.5623076505511906
12.25,5.0,1.076299267213142,4.718149450175816,1.8718256501848691,0.8439798329582727,0.2818505498241839,0.5621292831340888
12.3,5.0,1.0979823988242154,4.719901091857835,1.887478239510221,0.8377106187717424,0.28009890814216476,0.5576117106295776
12.350000000000001,5.0,1.119665530435289,4.724282713113921,1.9206245451874921,0.8470863979551556,0.27571728688607866,0.571369111069077
12.4,5.0,1.1413486620463615,4.729547560883016,1.9583923689974,0.8606421677402407,0.27045243911698424,0.5901897286232565
12.450000000000001,5.0,1.163031793657436,4.7317638391969306,1.9782098755796962,0.858175939542018,0.26823616080306945,0.5899397787389485
12.5,5.0,1.1847149252685076,4.733462563022838,1.993784867183112,0.8518429293127082,0.2665374369771616,0.5853054923355466
12.55,5.0,1.2063980568795811,4.7377923106442035,2.026940153794606,0.8614187165177062,0.2622076893557965,0.5992110271619097
12.600000000000001,5.0,1.2280811884906555,4.743031732948057,2.0647344113743595,0.8752264310641947,0.25696826705194287,0.6182581640122519
12.65,5.0,1.2497643201017272,4.745235285212259,2.084483550114935,0.8727320624651769,0.25476471478774076,0.6179673476774361
12.700000000000001,5.0,1.2714474517128007,4.746931449003023,2.099965357344955,0.8663057263211417,0.2530685509969768,0.6132371753241649
12.75,5.0,1.2931305833238742,4.7513089738595395,2.1331017896367466,0.8760130443763364,0.24869102614046046,0.627322018235876
12.8,5.0,1.3148137149349468,4.756631508620776,2.17089791945032,0.890004712244221,0.24336849137922378,0.6466362208649972
12.850000000000001,5.0,1.3364968465460212,4.76041852272927,2.200064164692253,0.8961851355727233,0.23958147727072987,0.6566036583019934
12.9,5.0,1.3581799781570938,4.762372060751867,2.2167788289929575,0.8908754257290861,0.2376279392481333,0.6532474864809528
12.950000000000001,5.0,1.3798631097681664,4.766928632834886,2.250142946630994,0.9009490865982411,0.23307136716511412,0.667877719433127
13.0,5.0,1.4015462413792399,4.772428096117602,2.2879066194502773,0.9151085680130482,0.22757190388239756,0.6875366641306506
13.05,5.0,1.4232293729903134,4.774779984961688,2.3075564902908585,0.9125560287275241,0.22522001503831213,0.6873360136892119
13.100000000000001,5.0,1.444912504601386,4.776607007736406,2.322920026966217,0.9059810364029215,0.22339299226359444,0.682588044139327
13.15,5.0,1.4665956362124595,4.781326719289274,2.3559926058213896,0.9158848034804049,0.21867328071072567,0.6972115227696792
13.200000000000001,5.0,1.488278767823533,4.787076157057846,2.3937268525041957,0.9301466534612355,0.21292384294215427,0.7172228105190812
13.25,5.0,1.5099618994346065,4.789567336875692,2.413343449588004,0.9275667797345613,0.2104326631243083,0.717134116610253
13.3,5.0,1.531645031045679,4.791509221291384,2.428671971698396,0.9209374229899109,0.2084907787086161,0.7124466442812948
13.350000000000001,5.0,1.5533281626567526,4.796500315635579,2.46176886507741,0.9309546881298554,0.203499684364421,0.7274550037654344
13.4,5.0,1.575011294267826,4.80257159604696,2.4995397279465617,0.9453733650616042,0.1974284039530403,0.7479449611085639
13.450000000000001,5.0,1.5966944258788986,4.805076926455142,2.5182479361824903,0.9419426080993716,0.19492307354485838,0.7470195345545132
13.5,5.0,1.6183775574899713,4.806954322925947,2.532431578948184,0.9342169916999532,0.1930456770740534,0.7411713146258998
13.55,5.0,1.6400606891010456,4.8122064720659585,2.565248303328233,0.9440543049281163,0.18779352793404147,0.7562607769940748
13.600000000000001,5.0,1.6617438207121182,4.818636140283559,2.602992200122723,0.9585621322347,0.1813638597164413,0.7771982725182587
13.65,5.0,1.6834269523231917,4.82045070327452,2.616432699712785,0.9501250836687917,0.17954929672548037,0.7705757869433113
13.700000000000001,5.0,1.7051100839342652,4.82132936692944,2.6240421261337823,0.9361406375661777,0.17867063307055986,0.7574700044956179
13.75,5.0,1.726793215545337,4.826667944436148,2.6555432499571605,0.9447860222854452,0.17333205556385156,0.7714539667215936
13.8,5.0,1.7484763471564113,4.833419546383119,2.6932443754816777,0.9593412713277883,0.16658045361688067,0.7927608177109077
13.850000000000001,5.0,1.7701594787674848,4.834836862048826,2.7023602694675506,0.9467191644409161,0.16516313795117377,0.7815560264897423
13.9,5.0,1.7918426103785565,4.835098736815321,2.7045769354384572,0.9275108488543168,0.1649012631846789,0.7626095856696379
13.950000000000001,5.0,1.813525741989631,4.840583087346345,2.7351475105206005,0.9353076693100378,0.1594169126536551,0.7758907566563827
14.0,5.0,1.8352088736007035,4.847638119776096,2.7730304623427395,0.9501176110650723,0.1523618802239044,0.7977557308411679
14.05,5.0,1.856892005211777,4.848799654789248,2.779431178146545,0.9348476185940765,0.15120034521075176,0.7836472733833247
14.100000000000001,5.0,1.8785751368228505,4.8485854565039235,2.778013363668455,0.9120940126397554,0.15141454349607653,0.7606794691436789
14.15,5.0,1.900258268433923,4.854312961355434,2.808191214437949,0.919547142711331,0.14568703864456634,0.7738601040667646
14.200000000000001,5.0,1.9219414000449966,4.8616800546062,2.846195832806555,0.9345473041923207,0.13831994539379977,0.7962273587985209
14.25,5.0,1.9436245316560692,4.8625845508409995,2.849846492952237,0.9165812832493598,0.1374154491590005,0.7791658340903593
14.3,5.0,1.9653076632671436,4.861927601766754,2.8449942275461937,0.8904563091623078,0.13807239823324569,0.7523839109290621
14.350000000000001,5.0,1.9869907948782162,4.867906809954475,2.8745821563756033,0.8973667231746387,0.13209319004552533,0.7652735331291134
14.4,5.0,2.0086739264892888,4.875651576615433,2.912706419141702,0.9125443979169248,0.12434842338456686,0.7881959745323579
14.450000000000001,5.0,2.030357058100363,4.876131279833303,2.9135685558333226,0.8918553748021216,0.12386872016669681,0.7679866546354248
14.5,5.0,2.0520401897114358,4.874834867518207,2.9051718368158252,0.8622644128573516,0.12516513248179262,0.7370992803755589
14.55,5.0,2.0737233213225084,4.881072947638395,2.934165784567168,0.8686224014714087,0.11892705236160506,0.7496953491098036
14.600000000000001,5.0,2.0954064529335827,4.889283388826354,2.9724338351159605,0.8839882335684399,0.11071661117364595,0.773271622394794
14.65,5.0,2.1170895845446553,4.889807677396419,2.973298944373199,0.8632709979020354,0.1101923226035808,0.7530786752984546
14.700000000000001,5.0,2.138772716155729,4.888445111791021,2.964869918816553,0.8335952742952399,0.11155488820897919,0.7220403860862608
14.75,5.0,2.1604558477668014,4.8950374798860175,2.993972051419397,0.8400990372450818,0.10496252011398255,0.7351365171310993
14.8,5.0,2.182138979377875,4.903685891736292,3.0323851839440543,0.8556839462265414,0.09631410826370779,0.7593698379628336
14.850000000000001,5.0,2.2038221109889484,4.904302935066576,3.033517573908565,0.8351960784308489,0.09569706493342434,0.7394990134974245
14.9,5.0,2.225505242600021,4.902944788838747,3.0253856986636274,0.8057471427228757,0.09705521116125304,0.7086919315616227
14.950000000000001,5.0,2.2471883742110954,4.909887518564301,3.0547331748253352,0.8125569914225041,0.09011248143569883,0.7224445099868053
15.0,5.0,2.268871505822168,4.918950845238701,3.0933813890074773,0.8284838640298152,0.08104915476129904,0.7474347092685162
15.05,5.0,2.2905546374332406,4.919681656349418,3.094820366796086,0.8082662926006022,0.08031834365058188,0.7279479489500204
15.100000000000001,5.0,2.312237769044315,4.918361157425275,3.087011388994396,0.7790629389128286,0.08163884257472542,0.6974240963381032
15.15,5.0,2.3339209006553876,4.925249313018165,3.1152485845327327,0.7848952890656133,0.07475068698183485,0.7101446020837785
15.200000000000001,5.0,2.35560403226646,4.93420356951117,3.152433238639848,0.7995410898726311,0.0657964304888301,0.733744659383801
15.25,5.0,2.3772871638775337,4.934941249232898,3.153891734171785,0.7793248999315334,0.06505875076710232,0.7142661491644311
15.3,5.0,2.398970295488607,4.933660901155282,3.146472481672207,0.7504401337780321,0.06633909884471834,0.6841010349333138
15.350000000000001,5.0,2.4206534270996807,4.9402329184355045,3.1728211899337886,0.7545385659365622,0.059767081564495506,0.6947714843720667
15.4,5.0,2.4423365587107533,4.948772865394207,3.20755041316937,0.7669266342847492,0.05122713460579309,0.7156994996789561
15.450000000000001,5.0,2.4640196903218268,4.9494887648025365,3.2088634101652462,0.7465544533865938,0.05051123519746348,0.6960432181891303
15.5,5.0,2.4857028219328994,4.948287094291649,3.2018748893587023,0.7180366667362814,0.05171290570835119,0.6663237610279302
15.55,5.0,2.507385953543973,4.956494420292057,3.2323364671962898,0.7262547643289387,0.043505579707942665,0.682749184620996
15.6,5.0,2.5290690851550455,4.964593962329967,3.2726310187922474,0.7444044174088346,0.03540603767003336,0.7089983797388012
15.65,5.0,2.550752216766119,4.9652789432764814,3.275251593678789,0.7253308892683705,0.03472105672351855,0.690609832544852
15.700000000000001,5.0,2.5724353483771925,4.964780474482338,3.268507247110541,0.6969623398605825,0.03521952551766194,0.6617428143429206
15.750000000000002,5.0,2.594118479988267,4.965047922171906,3.3015637236662525,0.7083081395459928,0.03495207782809384,0.673356061717899
15.799999999999999,5.0,2.6158016115993385,4.962935587501234,3.3446185122317065,0.7297587583038997,0.0370644124987658,0.6926943458051339
15.85,5.0,2.637484743210411,4.962052284248302,3.3548388711552115,0.7183571354209664,0.037947715751697864,0.6804094196692685
15.9,5.0,2.6591678748214855,4.961702609628989,3.3570021982387,0.6988844203789288,0.0382973903710111,0.6605870300079177
15.950000000000001,5.0,2.680851006432558,4.9538328067042,3.3923113075613744,0.712956639508405,0.046167193295800324,0.6667894462126047
16.0,5.0,2.7025341380436307,4.94217760411478,3.4355422720889828,0.7352852195186272,0.05782239588522042,0.6774628236334068
16.049999999999997,5.0,2.7242172696547033,4.937500722090012,3.4503717647022683,0.7288391526372976,0.062499277909988216,0.6663398747273094
16.099999999999998,5.0,2.745900401265777,4.934515317236683,3.4582622546067507,0.7153653987802313,0.06548468276331665,0.6498807160169147
16.15,5.0,2.7675835328768494,4.92010047741879,3.4939842334352895,0.7307817126067796,0.07989952258120958,0.65088219002557
16.2,5.0,2.789266664487924,4.901374063639372,3.53620701607217,0.7534234958825002,0.09862593636062833,0.6547975595218719
16.25,5.0,2.8109497960989973,4.893497293772959,3.5523135461044486,0.7489746566178516,0.10650270622704117,0.6424719503908104
16.299999999999997,5.0,2.83263292771007,4.888112501560948,3.5620449035556705,0.737943522780661,0.1118874984390521,0.6260560243416089
16.349999999999998,5.0,2.8543160593211425,4.868619507787538,3.596841834156905,0.7540592549855999,0.13138049221246195,0.6226787627731379
16.4,5.0,2.875999190932216,4.844324466287382,3.637380053293967,0.7771329933592008,0.15567553371261766,0.6214574596465832
16.45,5.0,2.8976823225432895,4.834191507576478,3.653294118134588,0.7735900993397392,0.1658084924235217,0.6077816069162175
16.5,5.0,2.919365454154363,4.827367665593973,3.6632956159071153,0.7636975896570256,0.17263233440602743,0.5910652552509982
16.549999999999997,5.0,2.9410485857654347,4.803875642929747,3.6961367448435998,0.7801428660292116,0.19612435707025266,0.5840185089589589
16.599999999999998,5.0,2.962731717376509,4.775195784941611,3.734270731342859,0.8036226634311566,0.22480421505838866,0.578818448372768
16.65,5.0,2.9844148489875817,4.762828964451376,3.749744168590852,0.8012359624652474,0.23717103554862362,0.5640649269166238
16.7,5.0,3.006097980598656,4.754274261152142,3.7597306947183946,0.7926811506045852,0.24572573884785776,0.5469554117567275
16.75,5.0,3.0277811122097287,4.72765470614472,3.7906960987617513,0.8100686611582945,0.27234529385528017,0.5377233673030143
16.799999999999997,5.0,3.0494642438208004,4.6957273500220085,3.8266120265141463,0.8345900320934905,0.29115778388707775,0.5434322482064127
16.849999999999998,5.0,3.0711473754318748,4.6822733592532275,3.8413554103075014,0.8331690316059539,0.2839877081204829,0.549181323485471
16.9,5.0,3.0928305070429483,4.673110798605601,3.850969447139306,0.825609594468655,0.2794862738540545,0.5461233206146006
16.95,5.0,3.1145136386540218,4.644333462270819,3.8800408260578956,0.8441152532176806,0.26635365812059547,0.5777615950970851
17.0,5.0,3.1361967702650952,4.609975123911864,3.913786017724171,0.8699220894606237,0.25153655716168744,0.6183855322989362
17.049999999999997,5.0,3.157879901876167,4.5954387459272255,3.9277091987431687,0.8696591025290762,0.24558415133713832,0.6240749511919379
17.099999999999998,5.0,3.1795630334872405,4.585556758730713,3.936860047220912,0.8632855652932746,0.24181874266276096,0.6214668226305137
17.15,5.0,3.201246165098314,4.5552601481346855,3.964306794466162,0.8832072576289429,0.2308186817782191,0.6523885758507239
17.2,5.0,3.2229292967093883,4.519302814887327,3.9962248095744615,0.9105249771381914,0.21835094946875191,0.6921740276694395
17.25,5.0,3.244612428320461,4.504065163823776,4.009421870291352,0.9115288499334319,0.21336162424139238,0.6981672256920395
17.299999999999997,5.0,3.2662955599315326,4.493721192619773,4.018134470162113,0.9064104907485631,0.2101948025665712,0.6962156881819919
17.349999999999998,5.0,3.287978691542607,4.462440057107573,4.0441977383669245,0.9278135259751222,0.20087245588159688,0.7269410700935254
17.4,5.0,3.3096618231536796,4.42545560152925,4.074573968273951,0.9566566027402993,0.19024308124947803,0.7664135214908212
17.45,5.0,3.331344954764753,4.409704897781579,4.087201196654996,0.9590448196552112,0.185992873693156,0.7730519459620552
17.5,5.0,3.3530280863758275,4.398988124288874,4.095598738195847,0.9553148421804273,0.18327457100729813,0.7720402711731291
17.549999999999997,5.0,3.374711217986899,4.36709759191109,4.120534975424535,0.9781710153767257,0.17523280203581226,0.8029382133409134
17.599999999999998,5.0,3.396394349597972,4.329508708840149,4.149646768993024,1.0084382870784425,0.1660046818383627,0.8424336052400798
17.65,5.0,3.418077481209046,4.316609688179659,4.159358862451215,1.0082263656868935,0.16308653877583001,0.8451398269110635
17.7,5.0,3.439760612820119,4.309630810180036,4.1644559991794265,1.000896109125787,0.1616485702126396,0.8392475389131475
17.75,5.0,3.461443744431193,4.278204559597514,4.187862442870282,1.0240472563450178,0.15476745704702358,0.8692797992979943
17.799999999999997,5.0,3.483126876042265,4.240302450214372,4.215932434596852,1.0555303661187523,0.14661123180990362,0.9089191343088486
17.849999999999998,5.0,3.5048100076533384,4.231271461232521,4.222526053076118,1.051693818643476,0.1447525012084627,0.9069413174350134
17.9,5.0,3.526493139264412,4.229223479828724,4.223984377321679,1.0395145363168337,0.14436402147704738,0.8951505148397862
17.95,5.0,3.5481762708754854,4.19871905921306,4.246043152446702,1.062576740975605,0.1382760448272489,0.9243006961483562
18.0,5.0,3.569859402486559,4.160760757687984,4.273326270676095,1.095074490834683,0.13084875053171527,0.9642257403029677
18.049999999999997,5.0,3.5915425340976315,4.153581023764649,4.278405615611547,1.0900486117958645,0.12951652093156663,0.9605320908642979
18.099999999999998,5.0,3.613225665708704,4.154029938421114,4.278045841486412,1.075942011080935,0.12963755195411544,0.9463044591268196
18.15,5.0,3.6349087973197785,4.123909192715868,4.299406440803452,1.0995872956719337,0.12400245809488324,0.9755848375770505
18.2,5.0,3.656591928930851,4.086067470143951,4.3260995536609315,1.1329223842350329,0.11705074495402257,1.0158716392810103
18.25,5.0,3.6782750605419254,4.079491697229752,4.330665130656444,1.128250122558375,0.11590794379478297,1.012342178763592
18.299999999999997,5.0,3.699958192152997,4.080696525920566,4.32979278015048,1.1143655081222115,0.1161493820366196,0.9982161260855918
18.349999999999998,5.0,3.7216413237640706,4.050766980424665,4.35056109852923,1.1386761649137855,0.11095853302022304,1.0277176318935626
18.4,5.0,3.743324455375144,4.013018366821344,4.3766110029583105,1.1726826491348006,0.10454048339058478,1.0681421657442158
18.45,5.0,3.7650075869862185,4.006766886559396,4.380906411484914,1.1686930219924263,0.10349430017308052,1.0651987218193457
18.5,5.0,3.7866907185972902,4.008354840400311,4.37985833287615,1.1555119822774524,0.10372157563238056,1.0517904066450718
18.549999999999997,5.0,3.808373850208362,3.9785642706467437,4.400055802717076,1.1804314813338141,0.09897915722874091,1.0814523241050733
18.599999999999998,5.0,3.830056981819437,3.940893282293117,4.425432472651945,1.2149810758097828,0.09312855176962632,1.1218525240401565
18.65,5.0,3.851740113430509,3.9349712087562043,4.429449417943013,1.2116246806245494,0.09218411847579415,1.1194405621487553
18.7,5.0,3.8734232450415824,3.9369525721549152,4.428222837492539,1.1991131813268499,0.09239511273311757,1.1067180685937323
18.75,5.0,3.8951063766526577,3.9088493449116553,4.44678429063329,1.2226848624538318,0.08836138964016957,1.1343234728136622
18.799999999999997,5.0,3.9167895082637294,3.873192319310678,4.470161392763688,1.2553549266305069,0.08339858047180598,1.1719563461587008
18.849999999999998,5.0,3.938472639874801,3.8680039457994537,4.473629380459885,1.2521213214857643,0.08261702915102637,1.1695042923347378
18.9,5.0,3.9601557714858764,3.870399667961511,4.472216762740616,1.2402432700507797,0.08280911332771636,1.1574341567230633
18.95,5.0,3.981838903096948,3.844256379022695,4.488991204651595,1.2621199524616935,0.07949723061320985,1.1826227218484837
19.0,4.996849796389498,4.00157510180525,3.810949731858094,4.510182335400962,1.2903643985795143,0.07543849249547224,1.214925906084042
19.049999999999997,4.9774558138905265,4.011272093054737,3.806552890698942,4.513079623021357,1.273901272732623,0.07481340681126987,1.1990878659213533
19.099999999999998,4.958061831391552,4.020969084304224,3.8093509850404037,4.511500140866318,1.249062578887341,0.07497479276744277,1.1740877861198984
19.15,4.938667848892578,4.030666075553711,3.7848880630172492,4.526711598354072,1.255893687771701,0.07230940289006635,1.1835842848816347
19.2,4.919273866393604,4.040363066803198,3.7535848254256536,4.545990688558977,1.2706259213927542,0.06906489382718556,1.2015610275655686
19.25,4.899879883894631,4.050060058052685,3.74992546910501,4.548373138408991,1.253280129160408,0.06857047979750963,1.1847096493628984
19.299999999999997,4.880485901395658,4.059757049302171,3.7531452340464164,4.546628101474992,1.2279822481222207,0.06869136562446612,1.1592908824977546
19.349999999999998,4.861091918896684,4.069454040551658,3.7301121728419813,4.560473282963441,1.2329700249416453,0.06660855695347524,1.16636146798817
19.4,4.84169793639771,4.079151031801145,3.700494175061858,4.578085142982175,1.2455044247962759,0.06410160174739399,1.1814028230488818
19.45,4.822303953898736,4.088848023050632,3.697514262673496,4.580011114500718,1.2273520407321512,0.06371161778559187,1.1636404229465593
19.5,4.802909971399762,4.098545014300119,3.701162684437739,4.578112357490849,1.2015955729708703,0.06377829386923288,1.1378172791016374
19.549999999999997,4.78351598890079,4.108242005549605,3.6793762299174335,4.59074031965098,1.2049602609540673,0.06222669980551653,1.1427335611485507
19.599999999999998,4.7641220064018155,4.117938996799092,3.651212309152439,4.6068675175572515,1.215573565294368,0.06039738375219928,1.1551761815421686
19.65,4.744728023902842,4.127635988048579,3.630191847939526,4.618911743900061,1.2180076994084958,0.05902533625472669,1.1589823631537692
19.7,4.725334041403868,4.1373329792980655,3.610412487759337,4.629589899610773,1.2187563113177653,0.058320102220206595,1.1604362090975586
19.75,4.705940058904894,4.147029970547553,3.581688509316172,4.643597229751265,1.229032379421197,0.05863731894586844,1.1703950604753286
19.799999999999997,4.6865460764059215,4.156726961797039,3.5501658388118598,4.657944900482221,1.2420062264152134,0.05990173893258195,1.1821044874826314
19.849999999999998,4.667152093906948,4.166423953046526,3.5290660319639184,4.66711207106292,1.2433537211557262,0.061138492785492514,1.1822152283702336
19.9,4.647758111407972,4.176120944296014,3.5102928873486863,4.674891143228399,1.24201402861936,0.06257628462215682,1.179437743997203
19.95,4.628364128909,4.1858179355455,3.4783075725334998,4.687008542244608,1.2545206682656507,0.066042421099561,1.1884782471660897
20.0,4.608970146410026,4.195514926794987,3.442542422165033,4.6997726757499745,1.2707594238361972,0.0706204945126863,1.200138929323511
20.049999999999997,4.589576163911052,4.205211918044474,3.422785785770232,4.706518030512341,1.2699242516463898,0.0734227021973893,1.1965015494490006
20.099999999999998,4.57018218141208,4.2149089092939604,3.40674226184445,4.711891884525622,1.2651420964119595,0.07579106306678533,1.1893510333451742
20.15,4.550788198913105,4.224605900543447,3.372488543961377,4.722275218995597,1.2790874979406177,0.08182265471732264,1.197264843223295
20.2,4.53139421641413,4.234302891792935,3.333271046450223,4.733530562934734,1.2979704919750776,0.08929416712257641,1.2086763248525012
20.25,4.512000233915158,4.243999883042421,3.3152605536840523,4.738603772531076,1.2949204105801075,0.0928110877406527,1.2021093228394548
20.299999999999997,4.492606251416186,4.253696874291907,3.3022934969284634,4.742290217096888,1.2866887378575653,0.09531287555759488,1.1913758622999704
20.349999999999998,4.47321226891721,4.263393865541395,3.2687681093633714,4.750596474042976,1.2992505975423283,0.10287654260309634,1.1963740549392319
20.4,4.453818286418238,4.273090856790882,3.2297459456160027,4.759769966868199,1.317273567526014,0.11212276333742315,1.205150804188591
20.45,4.434424303919262,4.282787848040369,3.2110563291164884,4.764004263769178,1.314609615262235,0.11669374364768399,1.197915871614551
20.5,4.415030321420288,4.292484839289856,3.1971951345882648,4.767180324593061,1.3070800840244774,0.12005190312942497,1.1870281808950525
20.549999999999997,4.3956363389213156,4.302181830539342,3.163688363867746,4.774000484599412,1.3192075862265369,0.1289364499802896,1.1902711362462473
20.599999999999998,4.376242356422342,4.311878821788829,3.1249483273345477,4.781542421252069,1.3365330687609385,0.1395158077931661,1.1970172609677723
20.65,4.356848373923368,4.321575813038316,3.105858259474202,4.785047002848698,1.334084633834671,0.14491855260622716,1.189166081228444
20.7,4.337454391424394,4.331272804287803,3.0914286943768037,4.787725541255075,1.3270000522938379,0.14897589271213346,1.1780241595817045
20.75,4.31806040892542,4.34096979553729,3.058042569501732,4.793342060581293,1.3387627205173365,0.15888305405317907,1.1798796664641573
20.799999999999997,4.298666426426448,4.3506667867867765,3.01961889776168,4.799582110636368,1.3555395783858297,0.17048537200189862,1.185054206383931
20.849999999999998,4.279272443927473,4.360363778036263,3.000251314799271,4.802464857030008,1.3532732217862786,0.17656841165543163,1.176704810130847
20.9,4.2598784614284995,4.37006076928575,2.9853976829422257,4.804704485824574,1.3465572453697094,0.18120797287284773,1.1653492724968617
20.95,4.240484478929526,4.379757760535237,2.952194328931585,4.809339786657946,1.3580251204412268,0.19066021334205363,1.1673649070991732
21.0,4.221090496430552,4.389454751784724,2.914120466376998,4.814524140228328,1.3743560835715056,0.1854758597716719,1.1888802237998337
21.049999999999997,4.201696513931579,4.39915174303421,2.894548490210555,4.816889823674548,1.372275868743181,0.18311017632545212,1.189165692417729
21.099999999999998,4.182302531432605,4.408848734283697,2.879377000409056,4.818753948719863,1.3658833128107821,0.18124605128013727,1.1846372615306449
21.15,4.162908548933632,4.418545725533185,2.846307662777901,4.822597938573178,1.3772058975652741,0.1774020614268217,1.1998038361384524
21.2,4.143514566434658,4.4282427167826715,2.8084917107716363,4.826934445084531,1.3932842923678472,0.17306555491546938,1.2202187374523779
21.25,4.124120583935683,4.437939708032158,2.788782093900505,4.828864567102159,1.3913846083697814,0.17113543289784072,1.2202491754719407
21.299999999999997,4.104726601436711,4.447636699281644,2.773351423732175,4.830401921100402,1.3853046880891398,0.16959807889959766,1.215706609189542
21.349999999999998,4.085332618937738,4.457333690531131,2.7404282103033144,4.833597180617152,1.3965464841300559,0.1664028193828484,1.2301436647472075
21.4,4.065938636438764,4.467030681780618,2.702866757202613,4.837237937740773,1.4124511886539373,0.16276206225922696,1.2496891263947103
21.45,4.046544653939789,4.476727673030105,2.683050746883847,4.838812432871157,1.410751929960697,0.1611875671288434,1.2495643628318536
21.5,4.027150671440814,4.486424664279593,2.667424250865641,4.840079964940362,1.40496548373817,0.15992003505963837,1.2450454486785316
21.549999999999997,4.007756688941842,4.4961216555290795,2.6346239426632945,4.8427406227262155,1.4162055808826892,0.15725937727378447,1.2589462036089047
21.599999999999998,3.988362706442869,4.5058186467785655,2.5972699588912813,4.84580459174668,1.4320368274127895,0.15419540825331968,1.2778414191594698
21.65,3.9689687239438953,4.515515638028052,2.5773729131605685,4.8470850458920784,1.4305513527381692,0.15291495410792155,1.2776363986302477
21.7,3.9495747414449216,4.525212629277539,2.561593853089951,4.848130169441561,1.4250497128817072,0.1518698305584394,1.2731798823232678
21.75,3.930180758945946,4.534909620527027,2.5288492774723355,4.850349649597509,1.4363956045981938,0.1496503504024913,1.2867452541957025
21.799999999999997,3.9107867764469733,4.544606611776513,2.491606009105724,4.852933170946567,1.4522876152749296,0.1470668290534327,1.3052207862214968
21.849999999999998,3.8913927939479995,4.554303603026,2.4730224803637544,4.85388524197399,1.4496632384287855,0.14611475802600982,1.3035484804027757
21.9,3.8719988114490276,4.564000594275487,2.4588586567011204,4.854643106707409,1.4427190187259886,0.1453568932925906,1.297362125433398
21.95,3.8526048289500534,4.5736975855249735,2.426547667889771,4.85647784853639,1.4538238214309596,0.14352215146360958,1.31030166996735
22.0,3.8332108464510792,4.58339457677446,2.3894451020169005,4.858666931814766,1.469773586050251,0.14133306818523383,1.3284405178650172
22.049999999999997,3.8138168639521055,4.593091568023947,2.375874509167269,4.859207871744351,1.4623597720089168,0.14079212825564902,1.3215676437532677
22.099999999999998,3.794422881453132,4.602788559273434,2.3679427133767326,4.85953553407692,1.4494014899212757,0.14046446592308026,1.3089370239981954
22.15,3.7750288989541576,4.612485550522921,2.3369106049165427,4.861063016477878,1.4594433816446077,0.1389369835221217,1.320506398122486
22.2,3.755634916455185,4.622182541772407,2.299850570811319,4.862958633255215,1.4755613126032676,0.13704136674478473,1.3385199458584829
22.25,3.7362409339562115,4.631879533021895,2.2905170902801166,4.863287449401105,1.4641267212699007,0.13671255059889464,1.327414170671006
22.299999999999997,3.7168469514572386,4.641576524271381,2.2878711368526434,4.86338777154515,1.4460885547372304,0.1366122284548501,1.3094763262823803
22.349999999999998,3.697452968958263,4.651273515520868,2.2578733093465697,4.864717434265111,1.4553171141770505,0.13528256573488928,1.3200345484421612
22.4,3.6780589864592894,4.660970506770355,2.220785847642149,4.86637880912173,1.4716784879153577,0.1336211908782703,1.3380572970370874
22.45,3.6586650039603157,4.670667498019842,2.213656687800735,4.866585464302018,1.45822936580035,0.13341453569798212,1.324814830102368
22.5,3.639271021461343,4.680364489269328,2.2139138061339114,4.8665631776373495,1.4374676145346514,0.13343682236265053,1.304030792172001
22.549999999999997,3.619877038962371,4.690061480518815,2.1842566823234764,4.867727084660618,1.446572112025895,0.13227291533938157,1.3142991966865134
22.599999999999998,3.6004830564633954,4.699758471768303,2.1470816149911216,4.869184120374371,1.4632432472009806,0.13081587962562935,1.3324273675753513
22.65,3.581089073964421,4.70945546301779,2.142986811505876,4.869294947137973,1.4469577664784115,0.1307050528620266,1.3162527136163849
22.7,3.561695091465447,4.7191524542672765,2.1471139024285653,4.869179245052265,1.4225146671757873,0.13082075494773537,1.291693912228052
22.75,3.5423011089664733,4.728849445516763,2.118047285853661,4.870194920885188,1.4312503261339675,0.12980507911481176,1.3014452470191558
22.799999999999997,3.5229071264675014,4.738546436766249,2.0807264696687797,4.871470333527455,1.4482934126669829,0.12852966647254505,1.3197637461944378
22.849999999999998,3.503513143968527,4.748243428015736,2.0794555996930817,4.871501519924636,1.4293818407370493,0.1284984800753639,1.3008833606616854
22.9,3.484119161469553,4.757940419265223,2.0871490200308225,4.871312313811674,1.4015629713089592,0.12868768618832593,1.2728752851206333
22.95,3.4647251789705793,4.767637410514711,2.0586327846522887,4.8721948332520935,1.409974494808054,0.12780516674790654,1.2821693280601474
23.0,3.4453311964716056,4.777334401764198,2.0211091747876915,4.873308515958833,1.4274520649201712,0.12669148404116726,1.300760580879004
23.049999999999997,3.4259372139726327,4.787031393013684,2.0219903643487687,4.873283639329669,1.4065938314109465,0.12671636067033099,1.2798774707406155
23.099999999999998,3.4065432314736572,4.796728384263171,2.032424516121835,4.873053470258578,1.3762368119739963,0.12694652974142162,1.2492902822325747
23.15,3.3871492489746853,4.806425375512657,2.0042483780336817,4.873817370829639,1.3845419819861693,0.12618262917036116,1.2583593528158081
23.2,3.367755266475711,4.816122366762144,1.9664654345193762,4.874789601605969,1.4025173929718069,0.1252103983940307,1.2773069945777762
23.25,3.348361283976737,4.825819358011631,1.967088847349858,4.874760804342937,1.382139214896298,0.12523919565706265,1.2569000192392354
23.299999999999997,3.328967301477765,4.835516349261118,1.97726547424473,4.874561364495236,1.3522656332835492,0.1254386355047643,1.226826997778785
23.349999999999998,3.3095733189787895,4.845213340510606,1.9487893235307132,4.8752288032554,1.3611149878946356,0.12477119674460013,1.2363437911500355
23.4,3.2901793364798153,4.854910331760093,1.9106963755661515,4.876085856072156,1.379645477026986,0.12391414392784394,1.255731333099142
23.45,3.270785353980843,4.8646073230095785,1.9111326563327187,4.876050055416454,1.3597008473729641,0.12394994458354613,1.235750902789418
23.5,3.251391371481869,4.874304314259065,1.9211527691297134,4.875871694560773,1.330239525750467,0.1241283054392266,1.2061112203112403
23.549999999999997,3.2319973889828963,4.884001305508551,1.8923431233650454,4.876459922056441,1.3396754919951606,0.12354007794355937,1.2161354140516012
23.599999999999998,3.2126034064839226,4.893698296758039,1.8538729656706738,4.877222846526364,1.3588303246737252,0.12277715347363571,1.2360531712000895
23.65,3.193209423984947,4.903395288007527,1.8537639984270393,4.877187991987574,1.3397017841343208,0.12281200801242598,1.2168897761218949
23.7,3.1738154414859734,4.913092279257014,1.8631967552866802,4.877038177580579,1.3111145025749873,0.12296182241942066,1.1881526801555666
23.75,3.154421458987001,4.9227892705065,1.834942312345157,4.8775441394552015,1.3202546497954621,0.12245586054479851,1.1977987892506636
23.799999999999997,3.1350274764880286,4.932486261755986,1.7973134976943062,4.878210552253303,1.3388146031852772,0.1217894477466972,1.21702515543858
23.849999999999998,3.115633493989055,4.942183253005473,1.797016297358324,4.878170445793104,1.3201700461446229,0.12182955420689634,1.1983404919377265
23.9,3.0962395114900794,4.95188024425496,1.8060033540806268,4.87803842451807,1.2923474595590634,0.12196157548193032,1.170385884077133
23.95,3.076845528991105,4.961577235504447,1.7796506077897878,4.878451393275522,1.29985559553235,0.12154860672447843,1.1783069888078717
24.0,3.057451546492131,4.971274226753934,1.7445107857133961,4.879004303110512,1.3161790076290558,0.12099569688948808,1.1951833107395677
24.049999999999997,3.038057563993159,4.980971218003421,1.7273037623414327,4.879251260849592,1.3146948232300264,0.12074873915040829,1.193946084079618
24.099999999999998,3.0186635814941862,4.990668209252907,1.714334143839349,4.879068246845747,1.3090950437390954,0.12093175315425331,1.188163290584842
24.15,2.9991833868512288,5.0,1.6802469285114614,4.877379214708269,1.3246241875050484,0.1226207852917307,1.2020034022133177
24.2,2.9775002552401553,5.0,1.6406963365481413,4.874379072885758,1.342693313590027,0.1256209271142419,1.217072386475785
24.25,2.9558171236290818,5.0,1.6257682745576836,4.872857298043654,1.3361119741911271,0.12714270195634558,1.2089692722347816
24.299999999999997,2.93413399201801,5.0,1.6167665117056453,4.871610072576128,1.323609100772753,0.12838992742387223,1.1952191733488808
24.349999999999998,2.9124508604069366,5.0,1.584094821012558,4.866501199263197,1.3350474512891608,0.13349880073680342,1.2015486505523574
24.4,2.890767728795865,5.0,1.545385805895998,4.859664284881929,1.3526812748772135,0.14033571511807086,1.2123455597591426
24.45,2.8690845971847896,5.0,1.5288631243952997,4.856306790982342,1.3479025686019823,0.14369320901765814,1.2042093595843242
24.5,2.847401465573716,5.0,1.5176684457430656,4.853702453997971,1.3377566579890967,0.14629754600202904,1.1914591119870677
24.549999999999997,2.8257183339626444,5.0,1.4851953901343928,4.846185091140885,1.3493186388386176,0.15381490885911475,1.1955037299795028
24.599999999999998,2.804035202351571,5.0,1.4473276737704404,4.8367197049873205,1.3664976300192206,0.1632802950126795,1.2032173350065412
24.65,2.7823520707404956,5.0,1.4299793790145845,4.831843466074643,1.3627870403066562,0.168156533925357,1.1946305063812992
24.7,2.760668939129424,5.0,1.4175467234220647,4.827913652476001,1.3541015461666073,0.1720863475239991,1.1820151986426082
24.75,2.7389858075183504,5.0,1.3852143541478783,4.8182884381860065,1.3659122371725356,0.1817115618139935,1.1842006753585421
24.799999999999997,2.7173026759072787,5.0,1.3478697795207366,4.806500827071922,1.3830359314310978,0.19349917292807817,1.1895367585030197
24.849999999999998,2.695619544296205,5.0,1.3305192027191628,4.800512688973058,1.3795992642193304,0.1994873110269424,1.180111953192388
24.9,2.6739364126851317,5.0,1.3179526491652946,4.795749828882907,1.3712804597640786,0.20425017111709298,1.1670302886469857
24.95,2.6522532810740564,5.0,1.2860753841895871,4.783999979206775,1.3831478789046185,0.2160000207932251,1.1671478581113934
25.0,2.6305701494629847,5.0,1.2493326794439354,4.7698113576009815,1.400287027603315,0.23018864239901848,1.1700983852042965
25.049999999999997,2.608887017851913,5.0,1.2366462661816742,4.764496036975401,1.3923026959482603,0.2355039630245992,1.156798732923661
25.099999999999998,2.5872038862408395,5.0,1.2297318900446594,4.761236798851845,1.3783098659878177,0.23876320114815464,1.139546664839663
25.15,2.565520754629766,5.0,1.199349522403619,4.7481104511255054,1.3891983949726205,0.25188954887449455,1.137308846098126
25.2,2.5438376230186908,5.0,1.163057402504095,4.731924302664408,1.4065626885661013,0.26807569733559156,1.1384869912305098
25.25,2.5221544914076173,5.0,1.154146057942347,4.727692249693889,1.3948471546764105,0.2723077503061111,1.1225394043702994
25.299999999999997,2.5004713597965456,5.0,1.151833381002878,4.7263354957844514,1.3761237803018342,0.27366450421554855,1.1024592760862857
25.349999999999998,2.478788228185474,5.0,1.1225763956797354,4.7122597221293905,1.3864000151967788,0.2877402778706095,1.0986597373261693
25.4,2.4571050965744003,5.0,1.0865594009442705,4.694497545160569,1.404182058610348,0.27722959686923754,1.1269524617411104
25.45,2.435421964963325,5.0,1.0801986193288733,4.6915570572412495,1.3898803421483141,0.27481108400309157,1.1150692581452226
25.5,2.4137388333522516,5.0,1.081133623186108,4.692246852858769,1.3676800231550081,0.27498447241219676,1.0926955507428113
25.549999999999997,2.39205570174118,5.0,1.052442256139839,4.6773958531537225,1.3779105991312757,0.26519785481110564,1.11271274432017
25.599999999999998,2.3703725701301064,5.0,1.0165177082900154,4.6582389870793035,1.3963250255154178,0.25334131332293863,1.1429837121924793
25.65,2.3486894385190347,5.0,1.0128147929530167,4.656405492970037,1.379354288762426,0.2520194328959156,1.1273348558665104
25.7,2.327006306907961,5.0,1.0170752089482524,4.658882638787494,1.3536175735866136,0.2532803953313104,1.100337178255303
25.75,2.305323175296886,5.0,0.9891468211218795,4.643125997287057,1.3637005716438524,0.24467367096535855,1.1190269006784939
25.799999999999997,2.283640043685814,5.0,0.9534044255978515,4.6224705043060395,1.382770884763199,0.23400561987009566,1.1487652648931033
25.849999999999998,2.2619569120747407,5.0,0.9504754741098094,4.6208560328252455,1.3651863279316767,0.23307614214323608,1.1321101857884406
25.9,2.240273780463667,5.0,0.9556555041860528,4.623992484922876,1.3385162558373889,0.23452116998979666,1.1039950858475922
25.95,2.2185906488525955,5.0,0.9280083681159276,4.607173372989955,1.3490423945301158,0.22686460069552805,1.1221777938345876
26.0,2.1969075172415202,5.0,0.8923689845551339,4.585107490002041,1.368925336939877,0.21726668639600505,1.151658650543872
26.049999999999997,2.1752243856304485,5.0,0.8889202621490025,4.582990077707036,1.3522113641646984,0.21632530798856542,1.135886056176133
26.099999999999998,2.153541254019375,5.0,0.8934307006677357,4.58583778671397,1.326427135421376,0.21750103530163784,1.1089261001197381
26.15,2.1318581224083015,5.0,0.8657165759230667,4.567905181035498,1.3378416753532487,0.21058445683962462,1.127257218513624
26.2,2.110174990797228,5.0,0.8301488239287426,4.544554852808687,1.3586380202129427,0.20194543364498632,1.1566925865679563
26.25,2.0884918591861545,5.0,0.8262117830676367,4.5419599213257005,1.3428148436168441,0.20099641900262386,1.1418184246142202
26.299999999999997,2.066808727575081,5.0,0.8300983545078026,4.544523962250936,1.3179191810637685,0.20193158929805782,1.1159875917657107
26.349999999999998,2.0451255959640093,5.0,0.804820886306722,4.527297369782683,1.3273294803523417,0.1962387604728853,1.1310907198794564
26.4,2.023442464352936,5.0,0.7724341945068307,4.504941599832617,1.345401245279502,0.1891458276113214,1.1562554176681805
26.45,2.0017593327418624,5.0,0.7686338237976545,4.502318705263803,1.3297688490633286,0.18831322624778582,1.1414556228155428
26.5,1.980076201130787,5.0,0.7719015639626992,4.504590315799821,1.305801175177738,0.18901759626341108,1.116783578914327
26.549999999999997,1.9583930695197154,5.0,0.7492325811264019,4.488429672022948,1.3129254690035168,0.1844155055802309,1.1285099634232858
26.599999999999998,1.9367099379086437,5.0,0.720245259512229,4.4675094723927815,1.327905296238217,0.1787111889206813,1.1491941073175356
26.65,1.9150268062975702,5.0,0.7166318968649679,4.464936142927744,1.3124190223015721,0.1779757744048715,1.1344432478967006
26.7,1.8933436746864967,5.0,0.7192884022771996,4.466903075658921,1.2894177420114812,0.178463375923766,1.1109543660877153
26.75,1.8716605430754214,5.0,0.6983838172612853,4.451389099364393,1.2952035344428887,0.1746516399421511,1.1205518945007376
26.799999999999997,1.8499774114643497,5.0,0.6717390651504329,4.431379647103552,1.3082716485702175,0.1699597744230016,1.1383118741472158
26.849999999999998,1.8282942798532762,5.0,0.6681098601879332,4.428770930906636,1.2931861958014708,0.1692381798967327,1.1239480159047381
26.9,1.8066111482422045,5.0,0.6701653739966329,4.430459440856219,1.2711748291680525,0.16949769081423574,1.1016771383538166
26.95,1.784928016631131,5.0,0.6421225603617098,4.40837225022643,1.286867399999432,0.165286429401115,1.121580970598317
27.0,1.7632448850200575,5.0,0.6080597354024101,4.378610164108173,1.3117080689112262,0.1622453478025013,1.149462721108725
27.049999999999997,1.741561753408984,5.0,0.6008174146676083,4.3719089709968415,1.3022273177463084,0.16186271279045789,1.1403646049558505
27.099999999999998,1.7198786217979105,5.0,0.5999697010278106,4.371014201163806,1.284452850811603,0.1618959865437928,1.1225568642678103
27.15,1.698195490186837,5.0,0.5763285838318623,4.343617172017441,1.299778355122466,0.16455181735347235,1.1352265377689936
27.2,1.6765123585757653,5.0,0.5482533027444861,4.308364099666571,1.323377767568778,0.16962728222983053,1.1537504853389473
27.25,1.6548292269646918,5.0,0.5397909311050542,4.297489215842755,1.3178891467383713,0.17133318595510355,1.1465559607832678
27.299999999999997,1.63314609535362,5.0,0.5360501080026192,4.292552090385152,1.3054126360197702,0.17217909946279236,1.133233536556978
27.349999999999998,1.6114629637425448,5.0,0.5162647503184506,4.261627657897841,1.3208530736871364,0.18005561479223908,1.1407974588948973
27.4,1.5897798321314713,5.0,0.49349652097880103,4.2233341356033565,1.3435203620454914,0.1910336547205102,1.1524867073249812
27.45,1.5680967005203978,5.0,0.4851451046999799,4.209024590986045,1.341054158695607,0.1952466876718361,1.145807471023771
27.5,1.5464135689093261,5.0,0.4802811706623152,4.20050326650118,1.332603961222991,0.19783285325849922,1.1347711079644918
27.549999999999997,1.5247304372982509,5.0,0.4636326772969585,4.166915126629153,1.3490585096722383,0.20981099217426838,1.13924751749797
27.599999999999998,1.5030473056871791,5.0,0.44485170771761084,4.126393119431002,1.3722124126168176,0.22518422730455576,1.147028185312262
27.65,1.4813641740761057,5.0,0.43740215042785513,4.110341786899341,1.3716225584894728,0.23126660090834938,1.1403559575811233
27.7,1.4596810424650322,5.0,0.43267379398608874,4.10014427514305,1.365461172639529,0.23513387771861258,1.1303272949209164
27.75,1.4379979108539587,5.0,0.4188614261194104,4.065091081508518,1.3830017571904978,0.2501534096570636,1.132848347533434
27.799999999999997,1.416314779242887,5.0,0.40341219592353716,4.023291851855579,1.4071000141946968,0.2687856729574166,1.13831434123728
27.849999999999998,1.3946316476318117,5.0,0.3970540918400644,4.00597141545873,1.408280443201764,0.27653721247382534,1.1317432307279387
27.9,1.37294851602074,5.0,0.3928466443218102,3.9945738560565713,1.4040945159898237,0.28162138934442427,1.1224731266453993
27.95,1.3512653844096665,5.0,0.3813667182287535,3.9585448452889653,1.4231416872306493,0.29898021358972093,1.1241614736409282
28.0,1.329582252798593,5.0,0.36853871446803194,3.915922737238104,1.4487333067905388,0.32004782677265803,1.1286854800178807
28.049999999999997,1.3078991211875213,5.0,0.3631168865594783,3.897361699396501,1.452041560295893,0.3293386512157513,1.1227029090801417
28.099999999999998,1.286215989576446,5.0,0.3593677010004877,3.8845600575171018,1.450259981976485,0.33573970446630685,1.1145202775101781
28.15,1.2645328579653725,5.0,0.34964099690554523,3.8474461334535364,1.4715323756970888,0.34964099690554523,1.1218913787915437
28.2,1.2428497263543008,5.0,0.3387397421306668,3.8039203017128176,1.4993403576998843,0.3387397421306668,1.1606006155692175
28.25,1.2211665947432273,5.0,0.33418410901093004,3.7848015456396653,1.5044750624306111,0.33418410901093004,1.170290953419681
28.299999999999997,1.1994834631321556,5.0,0.33102340874786945,3.7715321947177576,1.5044454176460265,0.33102340874786945,1.173422008898157
28.349999999999998,1.1778003315210803,5.0,0.32272939625562774,3.733803265318738,1.5278744959103236,0.32272939625562774,1.205145099654696
28.4,1.1561171999100068,5.0,0.3133603209006084,3.6896266884665834,1.557985036095249,0.3133603209006084,1.2446247151946406
28.45,1.1344340682989333,5.0,0.3095351978773684,3.670163953532534,1.5649032100762637,0.3095351978773684,1.2553680121988953
28.5,1.1127509366878616,5.0,0.3068954697784152,3.6566295524848225,1.5665398790981895,0.3068954697784152,1.2596444093197743
28.549999999999997,1.09106780507679,5.0,0.2997639849041277,3.618431064975853,1.5921351883692556,0.2997639849041277,1.292371203465128
28.599999999999998,1.0693846734657164,5.0,0.29163617229899896,3.5737590877571104,1.6245171192765269,0.29163617229899896,1.3328809469775278
28.65,1.0477015418546411,5.0,0.2884128542618684,3.5541479784165504,1.6330974800737716,0.2884128542618684,1.3446846258119032
28.7,1.0260184102435677,5.0,0.28621462045609547,3.5404661164364843,1.6363217301783608,0.28621462045609547,1.3501071097222654
28.75,1.0043352786324942,5.0,0.28005279568134556,3.5019788899456388,1.6639267896390098,0.28005279568134556,1.383873993957664
28.799999999999997,0.9877332155198206,4.98773321551982,0.27295003579587057,3.4569019573502224,1.689484931866927,0.27295003579587057,1.4165348960710564
28.849999999999998,0.9724009261202714,4.9724009261202715,0.2702154085754656,3.437061456491318,1.6882925658931816,0.2702154085754656,1.418077157317716
28.9,0.9570686367207197,4.957068636720719,0.2683659643365965,3.423192389793635,1.6813945735121636,0.2683659643365965,1.413028609175567
28.95,0.9417363473211693,4.941736347321169,0.262995187520101,3.3844125689640507,1.6988074972299214,0.262995187520101,1.4358123097098203
29.0,0.9264040579216188,4.926404057921618,0.256775305625771,3.3391430095046464,1.7227304785493984,0.256775305625771,1.4659551729236275
29.049999999999997,0.9110717685220696,4.91107176852207,0.2544478289564817,3.3188950656686,1.7222606222984893,0.2544478289564817,1.4678127933420075
29.099999999999998,0.8957394791225192,4.895739479122519,0.25288090217044273,3.304682287068825,1.7160216019463845,0.25288090217044273,1.4631406997759417
29.15,0.8804071897229687,4.880407189722969,0.24816762698650044,3.2654873947553007,1.7342701083936192,0.24816762698650044,1.4861024814071186
29.2,0.8650749003234183,4.865074900323418,0.2426618467461358,3.2197746896898125,1.759093741781371,0.2426618467461358,1.5164318950352351
29.25,0.8497426109238678,4.849742610923868,0.2406902693395782,3.1994742777216767,1.7590708701923423,0.2406902693395782,1.518380600852764
29.299999999999997,0.8344103215243186,4.834410321524318,0.239385762937639,3.1852806790730446,1.7531921751287676,0.239385762937639,1.5138064121911285
29.349999999999998,0.8190780321247682,4.819078032124768,0.23522332383740774,3.1456861938417853,1.7723223648144315,0.23522332383740774,1.5370990409770238
29.4,0.8037457427252165,4.803745742725217,0.23029811163144928,3.099373889150838,1.7982562667383137,0.23029811163144928,1.5679581551068644
29.45,0.7884134533256673,4.788413453325667,0.2286151578624254,3.0791391873895284,1.7986085310025293,0.2286151578624254,1.569993373140104
29.5,0.7730811639261168,4.773081163926117,0.22752786551307674,3.065198288079631,1.7929005323829346,0.22752786551307674,1.5653726668698578
29.549999999999997,0.7577488745265677,4.757748874526568,0.2238440239496347,3.0254172316305814,1.8127402766111544,0.2238440239496347,1.5888962526615198
29.599999999999998,0.7424165851270172,4.7424165851270175,0.21946817128944812,2.978913211135189,1.8394072941074777,0.21946817128944812,1.6199391228180295
29.65,0.7270842957274655,4.727084295727465,0.21801095814633834,2.9586643978773863,1.8402349301510588,0.21801095814633834,1.6222239720047205
29.7,0.711752006327915,4.711752006327915,0.21706650561821486,2.9447536997287744,1.8349378082476355,0.21706650561821486,1.6178713026294207
29.75,0.6964197169283659,4.696419716928366,0.21378645788546027,2.904497774738098,1.855779919504821,0.21378645788546027,1.6419934616193608
29.799999999999997,0.6810874275288167,4.681087427528817,0.20986225014866877,2.8573961472284335,1.883587814156962,0.20986225014866877,1.673725564008293
29.849999999999998,0.6657551381292662,4.665755138129266,0.20861675486638587,2.83707384179966,1.8849537885576741,0.20861675486638587,1.6763370336912882
29.9,0.6504228487297158,4.650422848729716,0.2078215272079647,2.8232011717036056,1.8800624954524545,0.2078215272079647,1.6722409682444899
29.95,0.6350905593301641,4.635090559330164,0.20493162956110106,2.782805011992514,1.9015778852668657,0.20493162956110106,1.6966462557057647
30.0,0.6197582699306137,4.619758269930614,0.20146424241546435,2.7355193723071674,1.9301103897891607,0.20146424241546435,1.7286461473736963
30.049999999999997,0.6044259805310644,4.604425980531064,0.2003930930117267,2.715057180014104,1.9320861881821192,0.2003930930117267,1.7316930951703924
30.099999999999998,0.5890936911315152,4.589093691131515,0.19969965941325785,2.701055211696852,1.927775145540515,0.19969965941325785,1.7280754861272571
30.15,0.5737614017319648,4.573761401731964,0.19815206209128622,2.6737014155554055,1.936829968555467,0.19815206209128622,1.7386779064641809
30.2,0.5584291123324131,4.558429112332413,0.19505192270216132,2.6258223073126628,1.9664719791424,0.19505192270216132,1.7714200564402387
30.25,0.5430968229328627,4.5430968229328625,0.1941989293045264,2.607130960177099,1.9671536701371244,0.1941989293045264,1.772954740832598
30.299999999999997,0.5277645335333134,4.527764533533313,0.19368731866210173,2.595399707835401,1.9610306996808151,0.19368731866210173,1.7673433810187134
30.349999999999998,0.512432244133763,4.5124322441337625,0.1914677234434075,2.5548095259935337,1.983760300570794,0.1914677234434075,1.7922925771273865
30.4,0.49709995473421376,4.497099954734214,0.18878344042992296,2.506748046149414,2.0140903140127313,0.18878344042992296,1.8253068735828084
30.45,0.4817676653346621,4.481767665334662,0.18827472790496871,2.494148402408798,2.009171082480301,0.18827472790496871,1.8208963545753323
30.5,0.46643537593511164,4.466435375935111,0.1881167492387446,2.490075651701727,1.995860470458296,0.1881167492387446,1.8077437212195515
30.549999999999997,0.4511030865355624,4.4511030865355625,0.18620581317922494,2.450537039217952,2.0180275209004535,0.18620581317922494,1.8318217077212284
30.599999999999998,0.43577079713601197,4.435770797136012,0.18387427304745144,2.4018763001418,2.0494337470997293,0.18387427304745144,1.8655594740522778
30.65,0.4204385077364615,4.420438507736462,0.18353848819933136,2.3922798635680804,2.041947380607938,0.18353848819933136,1.8584088924086066
30.7,0.4051062183369124,4.405106218336912,0.18354050569050465,2.392308639368819,2.024955668383959,0.18354050569050465,1.8414151626934545
30.75,0.3897739289373606,4.389773928937361,0.18190135986844286,2.353336941391009,2.047018956731513,0.18190135986844286,1.8651175968630702
30.799999999999997,0.3744416395378115,4.374441639537811,0.17991069960417358,2.30451469990351,2.0790478161926167,0.17991069960417358,1.8991371165884432
30.849999999999998,0.35910935013826106,4.359109350138261,0.17962545412171385,2.2948299150952876,2.072067579706467,0.17962545412171385,1.892442125584753
30.9,0.3437770607387106,4.34377706073871,0.17962176242441794,2.2947746695331537,2.0555675034235055,0.17962176242441794,1.8759457409990876
30.95,0.32844477133916017,4.32844477133916,0.17824508510092013,2.2559146935018273,2.077965560178148,0.17824508510092013,1.899720475077228
31.0,0.3131124819396097,4.313112481939609,0.1765750276527373,2.2072338006179915,2.1103003333336265,0.1765750276527373,1.9337253056808892
31.049999999999997,0.2977801925400605,4.297780192540061,0.17633489026478333,2.197529348821658,2.1037591516104204,0.17633489026478333,1.927424261345637
31.099999999999998,0.28244790314051005,4.28244790314051,0.1763239214799434,2.1973822215376804,2.087764640969227,0.1763239214799434,1.9114407194892835
31.15,0.2671156137409596,4.26711561374096,0.1757995361790891,2.1799758847888473,2.0891363943485315,0.1757995361790891,1.9133368581694423
31.2,0.25178332434140915,4.251783324341409,0.17449188892797157,2.136480665086376,2.116714271279826,0.17449188892797157,1.9422223823518545
31.25,0.23645103494185749,4.236451034941857,0.17430697480742416,2.127725736317654,2.109640791525355,0.17430697480742416,1.935333816717931
31.299999999999997,0.22111874554230826,4.2211187455423085,0.17428740193929357,2.127466245907631,2.094176201748601,0.17428740193929357,1.9198887998093075
31.349999999999998,0.20578645614275903,4.205786456142759,0.1734648889889611,2.095466451640849,2.1105675078291664,0.1734648889889611,1.9371026188402052
31.4,0.19045416674320859,4.1904541667432085,0.17243016014297863,2.0553207078287277,2.1352095335563765,0.17243016014297863,1.9627793734133978
31.45,0.17512187734365814,4.175121877343658,0.17229257275277177,2.0470726979986,2.1280510601664715,0.17229257275277177,1.9557584874136997
31.5,0.15978958794410647,4.159789587944107,0.17226786230329638,2.046577835343203,2.1132485936731547,0.17226786230329638,1.9409807313698582
31.549999999999997,0.14445729854455724,4.144457298544557,0.17163804639958538,2.0175088382195994,2.1271221276486845,0.17163804639958538,1.955484081249099
31.6,0.1291250091450068,4.129125009145007,0.17083721478758468,1.9810842602930445,2.148445709537029,0.17083721478758468,1.9776084947494441
31.65,0.11379271974545768,4.113792719745458,0.1707389336717622,1.9734378148083438,2.1411123254908655,0.1707389336717622,1.9703733918191033
31.699999999999996,0.09846043034590846,4.0984604303459085,0.17071153196170702,1.972670254558549,2.1270176522912894,0.17071153196170702,1.9563061203295824
31.75,0.08312814094635679,4.083128140946357,0.17024499379635039,1.946134606485829,2.138768503690053,0.17024499379635039,1.9685235098937026
31.799999999999997,0.06779585154680634,4.067795851546807,0.1696445979354021,1.9129189292900985,2.1572824843342775,0.1696445979354021,1.9876378863988755
31.85,0.05246356214725456,4.0524635621472544,0.16957491395236735,1.9055602972373011,2.1500950438533266,0.16957491395236735,1.9805201299009592
31.9,0.037131272747705446,4.037131272747706,0.16954610150410415,1.9044210433758344,2.1368169339796066,0.16954610150410415,1.9672708324755024
31.949999999999996,0.02179898334815622,4.021798983348156,0.1692250654959748,1.8803167197075834,2.1465508927543757,0.1692250654959748,1.977325827258401
32.0,0.006466693948605773,4.006466693948606,0.16880597273042,1.8502037484602833,2.1623653556976383,0.16880597273042,1.9935593829672182
32.05,0.0,3.9874621546747626,0.16876165454728226,1.8431777651760353,2.1509151631557826,0.16876165454728226,1.9821535086085003
32.1,0.0,3.9657790230636856,0.1687354761517551,1.841688036152263,2.1307825279907147,0.1687354761517551,1.9620470518389594
32.15,0.0,3.944095891452614,0.16852109357436817,1.8194510093528202,2.1313177224459863,0.16852109357436817,1.962796628871618
32.199999999999996,0.0,3.922412759841542,0.16823874086852483,1.7917816196058605,2.1372630464383717,0.16823874086852483,1.9690243055698469
32.25,0.0,3.9007296282304686,0.16821172346043065,1.7850339570284723,2.1223721061709218,0.16821172346043065,1.9541603827104912
32.3,0.0,3.879046496619397,0.16818971020477672,1.7831736380705738,2.102610476959625,0.16818971020477672,1.9344207667548483
32.35,0.0,3.85736336500832,0.16805276942178915,1.7624824619474861,2.101610746860443,0.16805276942178915,1.9335579774386535
32.4,0.0,3.835680233397248,0.16787482136527906,1.736827102299457,2.105556083690821,0.16787482136527906,1.937681262325542
32.449999999999996,0.0,3.8139971017861765,0.16768831530868783,1.7083245931905315,2.112339007959315,0.16768831530868783,1.944650692650627
32.5,0.0,3.792313970175101,0.1684104120770032,1.6750706166001839,2.123930668631419,0.1684104120770032,1.955520256554416
32.55,0.0,3.7706308385640295,0.17001006851443962,1.6491398035329028,2.128292187438963,0.17001006851443962,1.9582821189245234
32.6,0.0,3.748947706952954,0.17243529803851693,1.6248535957649435,2.13108182038917,0.17243529803851693,1.958646522350653
32.65,0.0,3.7272645753418825,0.17690787167998828,1.5913762488001526,2.143202122647226,0.17690787167998828,1.9662942509672379
32.699999999999996,0.0,3.7055814437308108,0.1827970228138021,1.5554935982675386,2.1578444093025992,0.1827970228138021,1.9750473864887972
32.75,0.0,3.6838983121197355,0.18773114218789458,1.530280039429337,2.1617850601327477,0.18773114218789458,1.974053917944853
32.8,0.0,3.662215180508664,0.19286005416123897,1.5075831426819777,2.1632462224444664,0.19286005416123897,1.9703861682832273
32.85,0.0,3.6405320488975885,0.2013271095773557,1.4733504198805898,2.1765129951827866,0.2013271095773557,1.975185885605431
32.9,0.0,3.618848917286517,0.21124727337930876,1.4361936401486817,2.1928541833254283,0.21124727337930876,1.9816069099461195
32.949999999999996,0.0,3.597165785675445,0.21742946997115756,1.415693428699912,2.192281281829575,0.21742946997115756,1.9748518118584175
33.0,0.0,3.57548265406437,0.22300259135349698,1.3991466112661866,2.187731411058686,0.22300259135349698,1.964728819705189
33.05,0.0,3.553799522453298,0.23405279271856239,1.365611656923603,2.20066963550433,0.23405279271856239,1.9666168427857675
33.1,0.0,3.532116390842221,0.24734562763197238,1.3278627062606905,2.2180879526069086,0.24734562763197238,1.9707423249749363
33.15,0.0,3.5104332592311493,0.2532438762490467,1.3129832002931416,2.2119943992660325,0.2532438762490467,1.9587505230169857
33.199999999999996,0.0,3.4887501276200776,0.25744631564458925,1.3036821922841204,2.200181921449296,0.25744631564458925,1.942735605804707
33.25,0.0,3.467066996009004,0.27167185030219765,1.269922176581068,2.21387690529208,0.27167185030219765,1.9422050549898824
33.3,0.0,3.4453838643979324,0.2891797308419899,1.2301010456160932,2.2340776360547223,0.2891797308419899,1.9448979052127324
33.35,0.0,3.4237007327868554,0.2933384201109206,1.2212174492399237,2.2219316017863475,0.2933384201109206,1.928593181675427
33.4,0.0,3.4020176011757837,0.2941954091712755,1.2199183984885988,2.2018419264664533,0.2941954091712755,1.9076465172951778
33.449999999999996,0.0,3.380334469564712,0.31168905359114474,1.1842635294857917,2.2180797190334833,0.31168905359114474,1.9063906654423386
33.5,0.0,3.3586513379536385,0.33410986868229003,1.14007423533714,2.2435939393315167,0.33410986868229003,1.9094840706492267
33.55,0.0,3.3369682063425667,0.3388593167111198,1.1311523551364369,2.2316920051732385,0.33234844040023365,1.8993435647730048
33.6,0.0,3.3152850747314897,0.3392617273461375,1.1308195157787841,2.210653364481289,0.33239763472223427,1.8782557297590547
33.65,0.0,3.293601943120418,0.3570260653294066,1.0983404314584249,2.224104475043629,0.32199273780383786,1.902111737239791
33.699999999999996,0.0,3.2719188115093463,0.3798017985946657,1.057796970394134,2.2464605346008555,0.3094290569908657,1.9370314776099897
33.75,0.0,3.250235679898271,0.38470657864782326,1.049474822768276,2.2341323823646766,0.3070126132064022,1.9271197691582744
33.8,0.0,3.2285525482871993,0.3852408307603038,1.048978457912503,2.2133580173838965,0.30703940354254067,1.9063186138413557
33.85,0.0,3.206869416676126,0.40238919668624434,1.020150613552337,2.223433423681702,0.29878076514097784,1.9246526585407242
33.9,0.0,3.1851862850650523,0.4242822917097878,0.9841113008407616,2.2415946442736856,0.2887778786856294,1.9528167655880562
33.949999999999996,0.0,3.1635031534539806,0.42905665231204904,0.9765394704821221,2.2286542489877292,0.28679976885073,1.9418544801369992
34.0,0.0,3.1418200218429053,0.42974765682221416,0.9757622992965959,2.2082774069275555,0.2867388398102699,1.9215385671172855
34.05,0.0,3.1201368902318336,0.4461864766714113,0.9498655486738283,2.215662444496551,0.2800510728242854,1.9356113716722658
34.1,0.0,3.09845375862076,0.46698474729951744,0.9176946195207608,2.2301984613434214,0.2720093888611661,1.9581890724822553
34.15,0.0,3.0767706270096884,0.4717182188802874,0.9106107041219172,2.216927353241135,0.2703473740986083,1.946579979142527
34.199999999999996,0.0,3.055087495398615,0.47259165092006594,0.9095555864578814,2.1969638232802606,0.27021890296165185,1.9267449203186087
34.25,0.0,3.0334043637875396,0.4881282753766965,0.8863742030023405,2.201819185251947,0.26481324203298545,1.9370059432189617
34.3,0.0,3.011721232176468,0.507732592073882,0.8575648128176552,2.213183739349005,0.2583042721486538,1.9548794672003513
34.35,0.0,2.9900381005653927,0.512369190466575,0.8509143087088901,2.1996301471442683,0.25688022576014896,1.9427499213841193
34.4,0.0,2.968354968954319,0.5134335297952217,0.8495456925770286,2.180129982175475,0.256665069569238,1.923464912606237
34.449999999999996,0.0,2.9466718373432474,0.5280435236946958,0.8287358696518532,2.1827695082524845,0.2522811284229674,1.9304883798295172
34.5,0.0,2.924988705732174,0.5463919171388636,0.8029149190181435,2.191287585729793,0.24699723256143802,1.944290353168355
34.55,0.0,2.9033055741211022,0.5509706415290597,0.7967076101223057,2.177458066129132,0.24584564941376347,1.9316124167153685
34.6,0.0,2.881622442510027,0.5522971751954276,0.7951492388105297,2.158333292029962,0.24568171544256104,1.9126515765874008
34.65,0.0,2.8599393108989553,0.5659598955617482,0.7764736943102822,2.158967248221122,0.24213711350456574,1.9168301347165562
34.699999999999996,0.0,2.8382561792878818,0.5831205826601832,0.7531895047173113,2.165071049948876,0.23780714336606665,1.9272639065828092
34.75,0.0,2.8165730476768083,0.5875648643623683,0.7471577554052407,2.1512117798395827,0.23668463425420264,1.91452714558538
34.8,0.0,2.7948899160657366,0.5890394043018319,0.7451893225557787,2.1326602971067214,0.23633539922836289,1.8963248978783587
34.85,0.0,2.7732067844546613,0.601753152803443,0.728291223023251,2.1316159387406595,0.23337661623953676,1.8982393225011227
34.9,0.0,2.7515236528435896,0.617542981343435,0.7074629737920426,2.1353087349259847,0.22981391480230703,1.9054948201236777
34.949999999999996,0.0,2.729840521232518,0.6218879290646195,0.7015357619532256,2.1215005993002474,0.228695085115101,1.8928055141851463
35.0,0.0,2.708157389621441,0.6236090019901751,0.6990885432044447,2.1036268245595515,0.2281816224793681,1.8754452020801835
35.05,0.0,2.686474258010369,0.6356187145357033,0.6834192877385455,2.1014852757510996,0.22559393486433055,1.875891340886769
35.1,0.0,2.6647911263992956,0.6504702613877418,0.6642263277073922,2.1036565961950666,0.22252409216544572,1.881132504029621
35.15,0.0,2.643107994788224,0.6549556654991918,0.6582168558135917,2.090157830727025,0.22144641350155775,1.8687114172254673
35.199999999999996,0.0,2.621424863177152,0.6570939939372963,0.6552578466939474,2.073061806501421,0.22086610462645218,1.8521957018749686
35.25,0.0,2.599741731566075,0.6680715929797166,0.6410754347491303,2.069466915810219,0.21859995969073331,1.8508669561194857
35.3,0.0,2.5780585999550034,0.6815064629207682,0.623844112810686,2.069638934879102,0.21591546273892767,1.8537234721401743
35.35,0.0,2.55637546834393,0.6860533306831356,0.6177992896999942,2.0563916876283925,0.21485624835421283,1.8415354392741796
35.4,0.0,2.534692336732858,0.6886219416897398,0.6143050978744572,2.040119439088491,0.21420176388060927,1.8259176752078818
35.449999999999996,0.0,2.5130092051217865,0.6989345465588896,0.6009568509996609,2.0357931391173913,0.21205524083316193,1.8237378982842294
35.5,0.0,2.4913260735107094,0.7114152144965334,0.5848898772342157,2.0348490307367606,0.20951933966291472,1.825329691073846
35.55,0.0,2.4696429418996377,0.7161123132179762,0.5786244585660798,2.0220701643245595,0.20841036999353788,1.8136597943310218
35.6,0.0,2.4479598102885625,0.7191042873947519,0.5745611045614496,2.0066722918228415,0.20765279005203546,1.799019501770806
35.65,0.0,2.4262766786774908,0.7285600360973071,0.562175474098263,2.001417754271166,0.20558105079101824,1.7958367034801477
35.699999999999996,0.0,2.404593547066419,0.7398518797876821,0.5474448536911888,1.9990953137183558,0.2031494684556538,1.795945845262702
35.75,0.0,2.3829104154553438,0.7446366993145124,0.5409726275249069,1.9867608382923403,0.2019562917782784,1.7848045465140618
35.8,0.0,2.361227283844272,0.7480311789576453,0.5363133598574682,1.972273174449645,0.2010619515895282,1.7712112228601167
35.85,0.0,2.339544152233197,0.7565754654955987,0.5248747071882207,1.9660700978779275,0.19901532567085353,1.767054772207074
35.9,0.0,2.317861020622125,0.7667161824683687,0.5113339740431984,1.9624967960432569,0.19661115117930994,1.765885644863947
35.949999999999996,0.0,2.2961778890110534,0.7715559918120778,0.5046198450854963,1.9506355049715176,0.19528580707014456,1.755349697901373
36.0,0.0,2.274494757399978,0.7753003399935822,0.49935586977606716,1.9370618698298772,0.19421126842311393,1.7428506014067633
36.05,0.0,2.2528116257889064,0.7831231433130488,0.488530791266231,1.9302768507798402,0.1920883392770155,1.7381885115028248
36.1,0.0,2.231128494177831,0.7921599372229118,0.47603273811266367,1.9255852302868781,0.18964085939434752,1.7359443708925306
36.15,0.0,2.2094453625667594,0.7970205989192023,0.4690266336821654,1.9142359277147083,0.18812380228834183,1.7261121254263665
36.199999999999996,0.0,2.1877622309556877,0.8010571958673712,0.4631302898321655,1.90159090326873,0.18680876264276647,1.7147821406259633
36.25,0.0,2.1660790993446106,0.808095828166732,0.45290869565169695,1.8941942085197645,0.18455806871237684,1.7096361398073876
36.3,0.0,2.144395967733539,0.8160650107998696,0.44131442579669083,1.8885043924592242,0.18199474495540094,1.7065096475038233
36.35,0.0,2.1227128361224654,0.8208891902178517,0.43397150190769634,1.8776864372152233,0.18021372365987193,1.6974727135553513
36.4,0.0,2.1010297045113937,0.8251334377455193,0.4274192161281971,1.8659628230251482,0.17858169416076386,1.6873811288643843
36.449999999999996,0.0,2.079346572900322,0.831381862931643,0.4177097694660961,1.8580184790627896,0.17613438240526802,1.6818840966575217
36.5,0.0,2.057663441289245,0.8382915602310173,0.4069106989859665,1.8514095592754043,0.17338418025459082,1.6780253790208135
36.55,0.0,2.0359803096781732,0.8430918598702998,0.3991934653206758,1.841161334061015,0.17132159642452666,1.6698397376364882
36.6,0.0,2.0142971780670997,0.8475453049816204,0.39196645062154223,1.8303797510927668,0.16936038656089136,1.6610193645318754
36.65,0.0,1.992614046456028,0.8530684319040545,0.3826914595238168,1.821970495212737,0.16670741796045194,1.655263077252285
36.699999999999996,0.0,1.9709309148449545,0.8589632218874045,0.37259481773647135,1.8145236553639,0.16373626005630587,1.650787395307594
36.75,0.0,1.949247783233881,0.8638173846013368,0.3644797013238881,1.8049017556033824,0.16143041758285445,1.643471338020528
36.8,0.0,1.9275646516228075,0.8685258298891405,0.3565736473867728,1.7950904859018015,0.15916936682334545,1.6359211190784562
36.85,0.0,1.9058815200117323,0.8737139646075206,0.3476439313110817,1.7864715152472512,0.15652366927322967,1.6299478459740215
36.9,0.0,1.8841983884006588,0.8790206887512697,0.3381693965432632,1.7784496098895666,0.1535765821182489,1.6248730277713177
36.949999999999996,0.0,1.8625152567895888,0.8838158384477062,0.32968407431063085,1.7693789504430255,0.1509672360941564,1.618411714348869
37.0,0.0,1.8408321251785154,0.88853078703775,0.3211388827425741,1.7603847620958857,0.14825884531081135,1.6121259167850743
37.05,0.0,1.8191489935674419,0.8933060159185726,0.3125162314653327,1.751553001743237,0.1455383068442146,1.6060146948990224
37.1,0.0,1.7974658619563684,0.8979970149221729,0.30355585704850313,1.7430334883681815,0.14251940253808904,1.6005140858300924
37.15,0.0,1.7757827303452949,0.9024985130662989,0.2945994804958749,1.7344761127560593,0.1393693278060756,1.5951067849499836
37.199999999999996,0.0,1.7540995987342214,0.9067615683546316,0.2853856606501232,1.7260756570230202,0.13586860861546662,1.5902070484075537
37.25,0.0,1.732416467123148,0.9108201621110691,0.275935206654413,1.7178274156051385,0.13205598767706675,1.5857714279280717
37.3,0.0,1.710733335512078,0.9145880216059888,0.26615244962342316,1.709761733441244,0.12780281284116932,1.5819589206000748
37.35,0.0,1.689050203901001,0.9180269020862476,0.2564245285411273,1.70152570320122,0.12335578958431136,1.5781699136169087
37.4,0.0,1.667367072289931,0.921091323717388,0.24644652950032758,1.6933471042727628,0.11846715211568314,1.5748799521570798
37.449999999999996,0.0,1.6456839406788575,0.9237892640776414,0.23650060153661703,1.6849879191677264,0.11334205093132255,1.5716458682364038
37.5,0.0,1.6240008090677804,0.9260274798959746,0.22634753398330776,1.6765922494383785,0.10774540559743483,1.5688468438409437
37.55,0.0,1.6023176774567105,0.9277500611617718,0.21666735534091158,1.6675571927718968,0.10211853453048945,1.5654386582414075
37.6,0.0,1.580634545845637,0.9289563064203783,0.20693256506124694,1.6583175061637467,0.09608794251244446,1.5622295636513024
37.65,0.0,1.5589514142345635,0.9296777827399745,0.19760627081716683,1.648502768947158,0.09000341740716632,1.5584993515399919
37.699999999999996,0.0,1.5372682826234936,0.9299140228932663,0.1882180755497759,1.6384982609631231,0.08353200788487193,1.554966253078251
37.75,0.0,1.5155851510124165,0.9297411389842298,0.179296714135366,1.6279082812158072,0.07710140534688895,1.5508068758689182
37.8,0.0,1.493902019401343,0.9291585243993112,0.17077811684404598,1.6167845944906691,0.07066587671218509,1.546118717778484
37.85,0.0,1.4722188877902695,0.9282221803500541,0.16272472541470023,1.6051079021017567,0.06430917379419171,1.540798728307565
37.9,0.0,1.4505357561791996,0.9268991047329984,0.1546808010468288,1.5932300571781692,0.05768570458547544,1.5355443525926937
37.949999999999996,0.0,1.4288526245681261,0.9253414040957693,0.14739538328881227,1.5806294237932936,0.05143267560136172,1.529196748191932
38.0,0.0,1.407169492957049,0.9234676264590997,0.14023819527705095,1.5677714661771107,0.04504681855069351,1.5227246476264171
38.05,0.0,1.3854863613459791,0.9213943313595536,0.13363360538834737,1.5543818181065543,0.038910627229145206,1.515471190877409
38.1,0.0,1.363803229734902,0.9191245295786417,0.12737575991316816,1.540630646522045,0.03288067002679628,1.5077499764952487
38.15,0.0,1.3421200981238322,0.9166787511414582,0.12154426617593252,1.5264682421621392,0.027027754742537848,1.4994404874196012
38.199999999999996,0.0,1.3204369665127587,0.9139928220985178,0.11579859745429691,1.5121297824774973,0.021065714786968816,1.4910640676905285
38.25,0.0,1.2987538349016852,0.9111847826526394,0.11050746425974817,1.4973934504603235,0.015338734890922167,1.4820547155694013
38.3,0.0,1.2770707032906117,0.9081630372194001,0.10530315823185889,1.4824976498546572,0.009522038120368642,1.4729756117342885
38.35,0.0,1.2553875716795382,0.9052809286876263,0.10092472155879038,1.4670780593255601,0.004388057370913228,1.462690001954647
38.4,0.0,1.2337044400684647,0.9022869602372897,0.09672294837129133,1.4514987671631616,0.0007001003368667648,1.4507986668262949
38.449999999999996,0.0,1.2120213084573948,0.8991505170751913,0.09278805459410548,1.435672221960845,0.00570029063868957,1.4299719313221555
38.5,0.0,1.1903381768463177,0.8958387937457791,0.08860227211693694,1.4199820943060373,0.011001827836508334,1.408980266469529
38.55,0.0,1.1686550452352442,0.893370284850042,0.08559922764530298,1.4039659432722935,0.014870800326200523,1.389095142946093
38.6,0.0,1.1469719136241707,0.8910380364142246,0.08298843562643181,1.3878074880144875,0.01836605775139022,1.3694414302630973
38.65,0.0,1.1252887820131008,0.8877020712524243,0.07953315251982063,1.3717214746160136,0.02316819545470541,1.3485532791613082
38.699999999999996,0.0,1.1036056504020273,0.8839981081728677,0.07598623392257235,1.3555273218857615,0.028295343057955395,1.3272319788278062
38.75,0.0,1.0819225187909502,0.8824441982750398,0.07458669129364617,1.3391912605856402,0.030383749367535736,1.3088075112181046
38.8,0.0,1.0602393871798803,0.8814228349263288,0.07375102291178845,1.3229004145308527,0.03169686909709951,1.2912035454337532
38.85,0.0,1.0385562555688068,0.8780881351424639,0.07109090229529755,1.306532809715319,0.03593584725418656,1.2705969624611324
38.9,0.0,1.0168731239577333,0.8742813456572225,0.06812340772823239,1.290152663606041,0.040725989445256405,1.2494266741607847
38.949999999999996,0.003401189029233509,0.9965988109707665,0.8724558396480849,0.06668809517652016,1.272788248339535,0.043031736361852244,1.2297565119776828
39.0,0.01873347842878647,0.9812665215712135,0.8735542498124212,0.06732826891106171,1.2513998884706694,0.04180237189729396,1.2095975165733754
39.05,0.03406576782833692,0.9659342321716631,0.8702124626313122,0.06536269225902856,1.2288899030143237,0.045555244853933,1.1833346581603907
39.1,0.049398057227887364,0.9506019427721126,0.8658599848118504,0.06305074008212584,1.2059673364525934,0.050267708497105386,1.1556996279554879
39.15,0.0647303466274378,0.9352696533725622,0.8672182411705004,0.06371273643234067,1.1847355318190222,0.048839174106956616,1.1358963577120655
39.199999999999996,0.08006263602698574,0.9199373639730143,0.8702872338768259,0.0650747470603115,1.1641499082342344,0.04570598160181545,1.1184439266324189
39.25,0.09539492542653619,0.9046050745734638,0.8663983656567271,0.06368517787213174,1.1408736027776998,0.049438400487277975,1.091435202290422
39.3,0.11072721482608663,0.8892727851739134,0.8609444998120896,0.06187186840467511,1.1168787990477507,0.05457706943053118,1.0623017296172195
39.35,0.1260595042256396,0.8739404957743604,0.8644578442869224,0.06286736901432621,1.096846263410491,0.05138883449597301,1.045457428914518
39.4,0.14139179362518753,0.8586082063748125,0.8704901740320247,0.06446106131779501,1.0780789100590387,0.04599642259195028,1.0320824874670884
39.449999999999996,0.15672408302473798,0.843275916975262,0.8657178515329927,0.06329999601363605,1.0540562608625184,0.05019196134299611,1.0038642995195222
39.5,0.17205637242428842,0.8279436275757116,0.8581799954974453,0.06164051994152222,1.0285845025610931,0.05669545724514818,0.971889045315945
39.55,0.18738866182383637,0.8126113381761636,0.8644466674193096,0.06279037852934727,1.0102668036051627,0.05145117822886987,0.9588156253762928
39.6,0.20272095122338932,0.7972790487766107,0.8741466336378668,0.06445661941058117,0.9939019871132546,0.043414056112236914,0.9504879310010177
39.65,0.21805324062293976,0.7819467593770603,0.8670301747020536,0.0634142178663195,0.9682252187257936,0.04918324168445282,0.9190419770413407
39.699999999999996,0.2333855300224877,0.7666144699775123,0.855788421833746,0.061865430936268784,0.9402428238304045,0.05822751911090836,0.8820153047194961
39.75,0.24871781942204066,0.7512821805779594,0.8533438197955606,0.06151087842454574,0.9172551714774333,0.06020682027473781,0.8570483512026955
39.8,0.26405010882159113,0.7359498911784088,0.8638295872967257,0.06270586058251955,0.9016612154977627,0.05194728298141828,0.8497139325163444
39.85,0.2793823982211416,0.7206176017788584,0.8565672671939012,0.0619724558443184,0.8757601276800818,0.05760111423700921,0.8181590134430726
39.9,0.2947146876206895,0.7052853123793106,0.8449082684264656,0.060848026530539875,0.8473561186136631,0.060848026530539875,0.7865080920831232
39.949999999999996,0.3100469770202399,0.6899530229797601,0.8512681748420463,0.06131824559313756,0.8295191789896117,0.06131824559313756,0.7682009333964741
40.0,0.32537926641979037,0.6746207335802097,0.8620878605397817,0.06216303878559141,0.8143466970003596,0.053562702755811153,0.7607839942445485
40.05,0.3407115558193408,0.6592884441806592,0.8547734723630318,0.06173568767009333,0.7882442203111599,0.05903693910753804,0.7292072812036219
40.1,0.35604384521889126,0.6439561547811088,0.8429721877701869,0.061001976802788384,0.7595622320798547,0.061001976802788384,0.6985602552770663
40.15,0.3713761346184417,0.6286238653815583,0.849439217604065,0.061180336924732716,0.7419814480842842,0.061180336924732716,0.6808011111595516
40.199999999999996,0.38670842401798966,0.6132915759820103,0.8604260227732328,0.061572386518090556,0.7271880275370037,0.055155453733442876,0.6720325738035609
40.25,0.4020407134175426,0.5979592865824574,0.8530533216619168,0.061424853179046196,0.7009148101038477,0.06047306250940533,0.6404417475944424
40.3,0.41737300281709055,0.5826269971829094,0.841139415330913,0.06118832991764096,0.6719198286211044,0.06118832991764096,0.6107314987034634
40.35,0.4327052922166435,0.5672947077833566,0.8475796937205696,0.06137328560686278,0.6542761301165793,0.06137328560686278,0.5929028445097164
40.4,0.44803758161619395,0.5519624183838061,0.8585591684605947,0.0616518188815193,0.6394782695678851,0.056419351914570495,0.5830589176533146
40.449999999999996,0.4633698710157419,0.5366301289842581,0.8511879870726254,0.06122853912923524,0.61352225939944,0.06122853912923524,0.5522937202702048
40.5,0.47870216041529234,0.5212978395847077,0.8392248230992664,0.06062851238331914,0.5849724945097183,0.06062851238331914,0.5243439821263992
40.55,0.4940344498148428,0.5059655501851572,0.8455604579238004,0.0611426431952742,0.5669549831864511,0.0611426431952742,0.5058123399911769
40.6,0.5093667392143958,0.4906332607856042,0.8564193617347542,0.06190728515084409,0.5515899609150218,0.05775178182943689,0.49383817908558486
40.65,0.5246990286139437,0.4753009713860563,0.8489926711643541,0.061216095812055685,0.5259587919007999,0.061216095812055685,0.4647426960887442
40.699999999999996,0.5400313180134941,0.45996868198650587,0.8370491788436183,0.060143341444781735,0.49807621162971505,0.060143341444781735,0.4379328701849333
40.75,0.5553636074130446,0.4446363925869554,0.843201826912206,0.06077399189210065,0.4797928545441925,0.06077399189210065,0.4190188626520919
40.8,0.5706958968125925,0.4293041031874075,0.8537579552696001,0.061906581531588074,0.4637942085200684,0.059634177922388384,0.40416003059768
40.85,0.5860281862121455,0.4139718137878545,0.8463861152296672,0.06104323602173757,0.4385713536088591,0.06104323602173757,0.37752811758712157
40.9,0.6013604756116959,0.3986395243883041,0.8344910747924608,0.05952532593653096,0.4115195206378076,0.05952532593653096,0.35199419470127663
40.949999999999996,0.6166927650112438,0.3833072349887562,0.8402271896009658,0.06036466711997847,0.3927588842003936,0.06036466711997847,0.33239421708041517
41.0,0.6320250544107968,0.3679749455892032,0.8502602992013156,0.06194257828681423,0.3758755537481548,0.06194257828681423,0.3139329754613406
41.05,0.6473573438103447,0.3526426561896553,0.8428128621533123,0.06064915092358743,0.351373116171803,0.06064915092358743,0.2907239652482156
41.1,0.6626896332098952,0.33731036679010484,0.8310818250268112,0.058412958255103085,0.3257908757967981,0.058412958255103085,0.26737791754169504
41.15,0.6780219226094456,0.3219780773905544,0.8361926669007912,0.059550537352863024,0.30640854772658077,0.059550537352863024,0.24685801037371774
41.199999999999996,0.693354212008996,0.30664578799100395,0.8454214681203052,0.06174535466230151,0.2882718727621699,0.06174535466230151,0.2265265180998684
41.25,0.7086865014085465,0.2913134985914535,0.8381791897031261,0.05985571228645403,0.26521889669284116,0.05985571228645403,0.20536318440638712
41.3,0.724018790808097,0.27598120919190305,0.8267826675945513,0.05659706626818274,0.24225981205837036,0.05659706626818274,0.1856627457901876
41.35,0.7393510802076474,0.2606489197923526,0.8313641650667336,0.058049952780933715,0.22251460450806235,0.058049952780933715,0.16446465172712862
41.4,0.7546833696071978,0.24531663039280216,0.8398291819646028,0.06093482508969368,0.20309224379290267,0.06093482508969368,0.14215741870320897
41.449999999999996,0.7700156590067458,0.22998434099325415,0.8324772445066788,0.05818517296072804,0.1828015421155784,0.05818517296072804,0.12461636915485036
41.5,0.7853479484062987,0.21465205159370127,0.8212840920152954,0.05364660724437622,0.16496714681296404,0.05364660724437622,0.11132053956858781
41.55,0.8006802378058467,0.19931976219415326,0.8175411040243139,0.05207429835848824,0.14820767668989748,0.05207429835848824,0.09613337833140925
41.6,0.8160125272053996,0.18398747279460037,0.8245778319612544,0.05556168998035737,0.12871109562509278,0.05556168998035737,0.0731494056447354
41.65,0.8313448166049501,0.16865518339504992,0.8177153710011504,0.05185241146916715,0.11759527761367257,0.05185241146916715,0.06574286614450542
41.699999999999996,0.8466771060044981,0.15332289399550192,0.8074698961784286,0.045732062789656726,0.11451197431670679,0.045732062789656726,0.06877991152705007
41.75,0.8620093954040485,0.13799060459595147,0.8095743896679033,0.04733738836237244,0.10472552430062892,0.04733738836237244,0.057388135938256486
41.8,0.877341684803599,0.12265831519640102,0.8145869286559628,0.05118880835936858,0.09511072403613541,0.05118880835936858,0.04392191567676683
41.85,0.8926739742031494,0.10732602579685058,0.8083808779409879,0.04590547675699469,0.10429673974683663,0.04590547675699469,0.058391262989841944
41.9,0.9080062636026999,0.09199373639730013,0.7995530787704904,0.03779042451414759,0.12124393724781331,0.03779042451414759,0.08345351273366572
41.949999999999996,0.9233385530022503,0.07666144699774968,0.8002995967299683,0.03867388555974339,0.12876971532382459,0.03867388555974339,0.0900958297640812
42.0,0.9386708424018008,0.061329157598199235,0.8032635307886146,0.042041829522953884,0.1367740511302954,0.042041829522953884,0.09473222160734152
42.05,0.9540031318013487,0.04599686819865134,0.7980730968012492,0.035652626787625846,0.1562727716062585,0.035652626787625846,0.12062014481863265
42.1,0.9693354212009017,0.03066457879909834,0.7914246143804334,0.026352710135592705,0.17796305064501813,0.026352710135592705,0.15161034050942543
42.15,0.9846677106004496,0.015332289399550447,0.7910018593773768,0.025946893280041804,0.19395652024486598,0.025946893280041804,0.1680096269648242
42.199999999999996,1.0,0.0,0.7919549718420695,0.02738166395774618,0.2098391985838895,0.02738166395774618,0.1824575346261433
